event_id,scene,time_utc,lon,lat,n_crest,crest_length_km,direction_deg,wavelength_m,mean_prob,wind_ms,wind_flag,bbox_lon,bbox_lat,area_km2,quality,dist_coast_km,keep_verified,drop_reason
S1A_IW_GRDH_1SD_20230604_E002,S1A_IW_GRDH_1SDV_20230604T102558_20230604T102623_048835_05DF6C_178C,2023-06-04T10:25:58Z,115.95364,22.59196,1,0.61,90.0,,0.972,5.42,in_window,"115.9536,115.9538","22.5893,22.5946",1.59,low,21.7,False,scene_fp
S1A_IW_GRDH_1SD_20230604_E003,S1A_IW_GRDH_1SDV_20230604T102558_20230604T102623_048835_05DF6C_178C,2023-06-04T10:25:58Z,116.1482,22.63192,5,2.5,90.0,1405.0,0.933,5.34,in_window,"116.1172,116.1627","22.5937,22.6643",25.33,high,22.14,False,scene_fp
S1A_IW_GRDH_1SD_20230604_E011,S1A_IW_GRDH_1SDV_20230604T102558_20230604T102623_048835_05DF6C_178C,2023-06-04T10:25:58Z,115.09044,22.71282,1,0.47,176.0,,0.949,5.23,in_window,"115.0890,115.0925","22.7123,22.7129",2.69,low,6.26,False,scene_fp
S1A_IW_GRDH_1SD_20230604_E014,S1A_IW_GRDH_1SDV_20230604T102558_20230604T102623_048835_05DF6C_178C,2023-06-04T10:25:58Z,116.15414,22.76047,1,0.43,90.0,,0.603,4.99,in_window,"116.1541,116.1541","22.7586,22.7624",2.02,low,9.02,False,scene_fp
S1A_IW_GRDH_1SD_20230701_E001,S1A_IW_GRDH_1SDV_20230701T104928_20230701T104947_049229_05EB67_E318,2023-07-01T10:49:28Z,109.41974,18.2494,6,3.77,90.0,771.0,0.92,0.97,low,"109.3882,109.4441","18.2198,18.2759",28.17,low,4.64,False,nearshore
S1A_IW_GRDH_1SD_20230701_E002,S1A_IW_GRDH_1SDV_20230701T104928_20230701T104947_049229_05EB67_E318,2023-07-01T10:49:28Z,109.10175,18.30471,42,427.39,92.2,564.0,0.972,1.86,low,"108.9729,109.1578","18.2227,18.3602",176.68,low,4.53,False,nearshore
S1A_IW_GRDH_1SD_20230701_E003,S1A_IW_GRDH_1SDV_20230701T104928_20230701T104947_049229_05EB67_E318,2023-07-01T10:49:28Z,109.35395,18.25377,8,44.9,85.0,566.0,0.987,1.01,low,"109.3188,109.3622","18.2108,18.2875",18.54,low,5.2,False,nearshore
S1A_IW_GRDH_1SD_20230701_E005,S1A_IW_GRDH_1SDV_20230701T104928_20230701T104947_049229_05EB67_E318,2023-07-01T10:49:28Z,109.24128,18.22942,1,0.91,0.0,,0.962,1.41,low,"109.2370,109.2455","18.2294,18.2294",5.29,low,8.4,False,nearshore
S1A_IW_GRDH_1SD_20230701_E009,S1A_IW_GRDH_1SDV_20230701T104928_20230701T104947_049229_05EB67_E318,2023-07-01T10:49:28Z,109.8195,18.29778,73,552.0,176.4,243.0,0.963,2.29,in_window,"109.7063,110.0842","18.2681,18.4270",314.01,high,9.44,True,
S1A_IW_GRDH_1SD_20230701_E013,S1A_IW_GRDH_1SDV_20230701T104928_20230701T104947_049229_05EB67_E318,2023-07-01T10:49:28Z,108.86465,18.32495,1,0.38,0.0,,0.969,2.92,in_window,"108.8629,108.8664","18.3249,18.3249",2.61,low,11.33,False,nearshore
S1A_IW_GRDH_1SD_20230701_E016,S1A_IW_GRDH_1SDV_20230701T104928_20230701T104947_049229_05EB67_E318,2023-07-01T10:49:28Z,108.96412,18.37632,2,1.04,0.0,,0.978,2.27,in_window,"108.9596,108.9683","18.3547,18.3858",18.2,medium,0.93,False,nearshore
S1A_IW_GRDH_1SD_20230701_E022,S1A_IW_GRDH_1SDV_20230701T104928_20230701T104947_049229_05EB67_E318,2023-07-01T10:49:28Z,110.62874,18.40738,1,0.44,90.0,,0.683,6.26,in_window,"110.6287,110.6287","18.4054,18.4093",4.85,low,36.63,True,
S1A_IW_GRDH_1SD_20230701_E023,S1A_IW_GRDH_1SDV_20230701T104928_20230701T104947_049229_05EB67_E318,2023-07-01T10:49:28Z,110.10751,18.39224,1,0.3,89.8,,0.989,3.49,in_window,"110.1075,110.1077","18.3910,18.3935",8.52,low,4.51,False,nearshore
S1A_IW_GRDH_1SD_20230701_E024,S1A_IW_GRDH_1SDV_20230701T104928_20230701T104947_049229_05EB67_E318,2023-07-01T10:49:28Z,110.27972,18.39059,1,0.47,89.7,,0.979,4.49,in_window,"110.2797,110.2799","18.3890,18.3923",1.12,low,22.21,True,
S1A_IW_GRDH_1SD_20230701_E032,S1A_IW_GRDH_1SDV_20230701T104928_20230701T104947_049229_05EB67_E318,2023-07-01T10:49:28Z,110.67931,18.43256,1,0.45,89.6,,0.984,6.49,in_window,"110.6791,110.6793","18.4308,18.4342",2.92,low,38.09,True,
S1A_IW_GRDH_1SD_20230701_E033,S1A_IW_GRDH_1SDV_20230701T104928_20230701T104947_049229_05EB67_E318,2023-07-01T10:49:28Z,108.85739,18.43002,1,0.36,0.0,,0.981,2.75,in_window,"108.8558,108.8590","18.4300,18.4300",2.55,low,1.83,False,nearshore
S1A_IW_GRDH_1SD_20230701_E035,S1A_IW_GRDH_1SDV_20230701T104928_20230701T104947_049229_05EB67_E318,2023-07-01T10:49:28Z,110.32191,18.4278,2,0.67,94.0,,0.978,4.73,in_window,"110.3218,110.3225","18.4251,18.4298",1.63,medium,24.13,True,
S1A_IW_GRDH_1SD_20230701_E038,S1A_IW_GRDH_1SDV_20230701T104928_20230701T104947_049229_05EB67_E318,2023-07-01T10:49:28Z,110.36287,18.46317,2,0.77,89.5,400.0,0.977,5.0,in_window,"110.3606,110.3643","18.4558,18.4692",4.77,medium,22.36,True,
S1A_IW_GRDH_1SD_20230701_E039,S1A_IW_GRDH_1SDV_20230701T104928_20230701T104947_049229_05EB67_E318,2023-07-01T10:49:28Z,110.11829,18.4704,7,7.34,99.3,787.0,0.983,3.38,in_window,"110.1001,110.1750","18.4553,18.5034",36.52,high,3.8,False,nearshore
S1A_IW_GRDH_1SD_20230701_E040,S1A_IW_GRDH_1SDV_20230701T104928_20230701T104947_049229_05EB67_E318,2023-07-01T10:49:28Z,110.79841,18.62309,80,365.21,91.2,337.0,0.973,7.2,in_window,"110.7000,110.9694","18.4590,18.8521",273.39,high,32.95,True,
S1A_IW_GRDH_1SD_20230701_E049,S1A_IW_GRDH_1SDV_20230701T104928_20230701T104947_049229_05EB67_E318,2023-07-01T10:49:28Z,110.5023,18.52832,1,0.34,89.3,,0.966,6.04,in_window,"110.5023,110.5025","18.5270,18.5298",1.32,low,18.1,False,nearshore
S1A_IW_GRDH_1SD_20230701_E050,S1A_IW_GRDH_1SDV_20230701T104928_20230701T104947_049229_05EB67_E318,2023-07-01T10:49:28Z,110.68519,18.56557,9,6.69,84.3,434.0,0.952,6.81,in_window,"110.6722,110.7119","18.5289,18.6052",17.59,high,29.0,True,
S1A_IW_GRDH_1SD_20230701_E052,S1A_IW_GRDH_1SDV_20230701T104928_20230701T104947_049229_05EB67_E318,2023-07-01T10:49:28Z,110.18801,18.53096,1,0.46,0.0,,0.884,3.65,in_window,"110.1859,110.1901","18.5310,18.5310",1.06,low,6.36,False,nearshore
S1A_IW_GRDH_1SD_20230701_E054,S1A_IW_GRDH_1SDV_20230701T104928_20230701T104947_049229_05EB67_E318,2023-07-01T10:49:28Z,110.61006,18.80171,111,730.65,107.2,195.0,0.974,6.58,in_window,"110.4741,110.7158","18.5547,18.9882",296.22,high,8.11,False,blob_invalid
S1A_IW_GRDH_1SD_20230701_E055,S1A_IW_GRDH_1SDV_20230701T104928_20230701T104947_049229_05EB67_E318,2023-07-01T10:49:28Z,110.61108,18.57115,2,1.11,90.3,,0.978,6.5,in_window,"110.6108,110.6111","18.5666,18.5759",4.99,medium,22.78,True,
S1A_IW_GRDH_1SD_20230701_E058,S1A_IW_GRDH_1SDV_20230701T104928_20230701T104947_049229_05EB67_E318,2023-07-01T10:49:28Z,110.887,18.60142,1,0.9,94.6,,0.991,7.27,in_window,"110.8853,110.8877","18.5993,18.6039",1.93,low,42.13,True,
S1A_IW_GRDH_1SD_20230701_E060,S1A_IW_GRDH_1SDV_20230701T104928_20230701T104947_049229_05EB67_E318,2023-07-01T10:49:28Z,110.63255,18.61437,2,0.81,89.9,,0.893,6.64,in_window,"110.6324,110.6326","18.6106,18.6182",4.46,medium,21.54,True,
S1A_IW_GRDH_1SD_20230701_E064,S1A_IW_GRDH_1SDV_20230701T104928_20230701T104947_049229_05EB67_E318,2023-07-01T10:49:28Z,110.85167,18.64039,1,0.47,90.1,,0.989,7.29,in_window,"110.8515,110.8517","18.6388,18.6420",1.65,low,36.87,True,
S1A_IW_GRDH_1SD_20230701_E065,S1A_IW_GRDH_1SDV_20230701T104928_20230701T104947_049229_05EB67_E318,2023-07-01T10:49:28Z,110.71418,18.6901,1,0.95,90.0,,0.803,7.08,in_window,"110.7142,110.7142","18.6858,18.6944",11.04,low,21.57,True,
S1A_IW_GRDH_1SD_20230701_E069,S1A_IW_GRDH_1SDV_20230701T104928_20230701T104947_049229_05EB67_E318,2023-07-01T10:49:28Z,111.00691,18.77882,2,0.76,131.7,181.0,0.987,7.69,in_window,"111.0049,111.0074","18.7767,18.7818",7.75,medium,49.43,True,
S1A_IW_GRDH_1SD_20230701_E070,S1A_IW_GRDH_1SDV_20230701T104928_20230701T104947_049229_05EB67_E318,2023-07-01T10:49:28Z,110.74614,18.79087,6,2.62,89.8,1033.0,0.874,7.29,in_window,"110.7282,110.7500","18.7733,18.8066",15.19,high,22.15,True,
S1A_IW_GRDH_1SD_20230701_E071,S1A_IW_GRDH_1SDV_20230701T104928_20230701T104947_049229_05EB67_E318,2023-07-01T10:49:28Z,110.67691,18.78973,1,0.39,90.0,,0.978,6.93,in_window,"110.6769,110.6769","18.7880,18.7914",10.74,low,14.91,False,nearshore
S1A_IW_GRDH_1SD_20230701_E073,S1A_IW_GRDH_1SDV_20230701T104928_20230701T104947_049229_05EB67_E318,2023-07-01T10:49:28Z,110.88095,18.85225,3,1.11,94.8,2396.0,0.979,7.5,in_window,"110.8566,110.8980","18.8043,18.8781",17.35,medium,36.99,False,blob_invalid
S1A_IW_GRDH_1SD_20230701_E075,S1A_IW_GRDH_1SDV_20230701T104928_20230701T104947_049229_05EB67_E318,2023-07-01T10:49:28Z,110.75191,18.84805,1,0.3,89.8,,0.98,7.3,in_window,"110.7517,110.7519","18.8468,18.8492",3.85,low,23.77,True,
S1A_IW_GRDH_1SD_20230701_E077,S1A_IW_GRDH_1SDV_20230701T104928_20230701T104947_049229_05EB67_E318,2023-07-01T10:49:28Z,110.78848,18.95684,27,118.01,172.8,383.0,0.98,7.34,in_window,"110.7633,110.8200","18.8765,19.0174",106.9,high,25.97,True,
S1A_IW_GRDH_1SD_20230701_E078,S1A_IW_GRDH_1SDV_20230701T104928_20230701T104947_049229_05EB67_E318,2023-07-01T10:49:28Z,110.71246,18.89854,3,1.96,90.0,195.0,0.976,7.03,in_window,"110.7108,110.7128","18.8730,18.9142",11.62,high,20.85,True,
S1A_IW_GRDH_1SD_20230701_E079,S1A_IW_GRDH_1SDV_20230701T104928_20230701T104947_049229_05EB67_E318,2023-07-01T10:49:28Z,110.92972,18.87513,1,0.44,89.9,,0.988,7.59,in_window,"110.9297,110.9299","18.8736,18.8767",1.24,low,42.52,True,
S1A_IW_GRDH_1SD_20230701_E082,S1A_IW_GRDH_1SDV_20230701T104928_20230701T104947_049229_05EB67_E318,2023-07-01T10:49:28Z,111.03375,18.90538,2,0.75,89.3,,0.963,7.72,in_window,"111.0334,111.0340","18.8977,18.9145",6.89,medium,51.92,True,
S1A_IW_GRDH_1SD_20230701_E083,S1A_IW_GRDH_1SDV_20230701T104928_20230701T104947_049229_05EB67_E318,2023-07-01T10:49:28Z,111.00185,18.94401,2,0.61,90.3,,0.957,7.7,in_window,"111.0016,111.0019","18.9415,18.9463",7.77,medium,47.41,True,
S1A_IW_GRDH_1SD_20230701_E087,S1A_IW_GRDH_1SDV_20230701T104928_20230701T104947_049229_05EB67_E318,2023-07-01T10:49:28Z,110.99819,18.99836,3,1.17,90.0,152.0,0.98,7.7,in_window,"110.9967,110.9996","18.9863,19.0078",13.33,high,45.69,True,
S1A_IW_GRDH_1SD_20230701_E089,S1A_IW_GRDH_1SDV_20230701T104928_20230701T104947_049229_05EB67_E318,2023-07-01T10:49:28Z,110.74642,19.04346,1,0.33,90.0,,0.988,7.02,in_window,"110.7464,110.7464","19.0420,19.0449",11.61,low,18.9,False,nearshore
S1A_IW_GRDH_1SD_20230701_E090,S1A_IW_GRDH_1SDV_20230701T104928_20230701T104947_049229_05EB67_E318,2023-07-01T10:49:28Z,110.8628,19.0244,9,31.11,84.4,1103.0,0.97,7.39,in_window,"110.8436,110.9813","19.0063,19.0738",46.15,high,31.25,True,
S1A_IW_GRDH_1SD_20230701_E091,S1A_IW_GRDH_1SDV_20230701T104928_20230701T104947_049229_05EB67_E318,2023-07-01T10:49:28Z,110.67799,19.02139,1,0.34,78.8,,0.975,6.6,in_window,"110.6777,110.6786","19.0206,19.0224",1.91,low,12.57,False,nearshore
S1A_IW_GRDH_1SD_20230701_E092,S1A_IW_GRDH_1SDV_20230701T104928_20230701T104947_049229_05EB67_E318,2023-07-01T10:49:28Z,111.02954,19.03968,1,0.37,90.0,,0.967,7.71,in_window,"111.0295,111.0297","19.0386,19.0408",3.68,low,47.6,True,
S1A_IW_GRDH_1SD_20230701_E093,S1A_IW_GRDH_1SDV_20230701T104928_20230701T104947_049229_05EB67_E318,2023-07-01T10:49:28Z,110.80536,19.05723,2,0.68,44.6,,0.976,7.12,in_window,"110.7872,110.8190","19.0478,19.0666",19.78,medium,24.91,True,
S1A_IW_GRDH_1SD_20230701_E095,S1A_IW_GRDH_1SDV_20230701T104928_20230701T104947_049229_05EB67_E318,2023-07-01T10:49:28Z,110.93013,19.12032,1,0.34,88.6,,0.981,7.36,in_window,"110.9300,110.9302","19.1191,19.1213",1.77,low,34.5,True,
S1A_IW_GRDH_1SD_20230701_E100,S1A_IW_GRDH_1SDV_20230701T104928_20230701T104947_049229_05EB67_E318,2023-07-01T10:49:28Z,110.89574,19.25604,1,0.38,0.0,,0.772,6.88,in_window,"110.8940,110.8975","19.2560,19.2560",0.25,low,24.14,True,
S1A_IW_GRDH_1SD_20230703_E001,S1A_IW_GRDH_1SDV_20230703T103344_20230703T103413_049258_05EC51_A4EB,2023-07-03T10:33:44Z,112.60868,20.79673,2,1.31,179.9,250.0,0.824,6.24,in_window,"112.6014,112.6159","20.7956,20.7980",10.01,medium,88.34,True,
S1A_IW_GRDH_1SD_20230703_E003,S1A_IW_GRDH_1SDV_20230703T103344_20230703T103413_049258_05EC51_A4EB,2023-07-03T10:33:44Z,112.6621,20.81855,1,0.56,90.1,,0.945,6.26,in_window,"112.6620,112.6621","20.8161,20.8211",4.59,low,84.99,True,
S1A_IW_GRDH_1SD_20230703_E005,S1A_IW_GRDH_1SDV_20230703T103344_20230703T103413_049258_05EC51_A4EB,2023-07-03T10:33:44Z,112.70891,20.83093,2,1.36,0.0,,0.961,6.28,in_window,"112.6979,112.7167","20.8304,20.8311",5.18,medium,82.99,True,
S1A_IW_GRDH_1SD_20230703_E006,S1A_IW_GRDH_1SDV_20230703T103344_20230703T103413_049258_05EC51_A4EB,2023-07-03T10:33:44Z,112.79756,20.85035,2,1.12,90.0,,0.942,6.33,in_window,"112.7971,112.7981","20.8440,20.8564",6.68,medium,80.41,True,
S1A_IW_GRDH_1SD_20230703_E009,S1A_IW_GRDH_1SDV_20230703T103344_20230703T103413_049258_05EC51_A4EB,2023-07-03T10:33:44Z,113.09726,20.8626,1,0.42,89.6,,0.98,6.41,in_window,"113.0972,113.0974","20.8612,20.8640",1.62,low,85.12,True,
S1A_IW_GRDH_1SD_20230703_E010,S1A_IW_GRDH_1SDV_20230703T103344_20230703T103413_049258_05EC51_A4EB,2023-07-03T10:33:44Z,113.24394,20.87656,1,0.74,90.1,,0.958,6.29,in_window,"113.2439,113.2440","20.8732,20.8798",2.95,low,90.52,True,
S1A_IW_GRDH_1SD_20230703_E011,S1A_IW_GRDH_1SDV_20230703T103344_20230703T103413_049258_05EC51_A4EB,2023-07-03T10:33:44Z,113.72913,20.86476,1,0.91,0.0,,0.93,7.13,in_window,"113.7248,113.7334","20.8648,20.8648",1.38,low,121.91,True,
S1A_IW_GRDH_1SD_20230703_E013,S1A_IW_GRDH_1SDV_20230703T103344_20230703T103413_049258_05EC51_A4EB,2023-07-03T10:33:44Z,113.27525,20.86772,1,0.31,89.3,,0.976,6.34,in_window,"113.2751,113.2754","20.8667,20.8689",1.83,low,93.07,True,
S1A_IW_GRDH_1SD_20230703_E015,S1A_IW_GRDH_1SDV_20230703T103344_20230703T103413_049258_05EC51_A4EB,2023-07-03T10:33:44Z,112.98982,20.88293,1,0.35,90.6,,0.71,6.41,in_window,"112.9897,112.9900","20.8817,20.8839",1.25,low,79.5,True,
S1A_IW_GRDH_1SD_20230703_E016,S1A_IW_GRDH_1SDV_20230703T103344_20230703T103413_049258_05EC51_A4EB,2023-07-03T10:33:44Z,113.65703,20.91472,1,0.34,88.9,,0.879,6.69,in_window,"113.6569,113.6570","20.9133,20.9159",6.24,low,114.63,True,
S1A_IW_GRDH_1SD_20230703_E017,S1A_IW_GRDH_1SDV_20230703T103344_20230703T103413_049258_05EC51_A4EB,2023-07-03T10:33:44Z,113.13568,20.89949,2,0.71,135.6,229.0,0.981,6.28,in_window,"113.1332,113.1368","20.8973,20.9003",2.27,medium,82.96,True,
S1A_IW_GRDH_1SD_20230703_E020,S1A_IW_GRDH_1SDV_20230703T103344_20230703T103413_049258_05EC51_A4EB,2023-07-03T10:33:44Z,113.20589,20.91402,3,1.42,89.8,109.0,0.941,6.15,in_window,"113.2049,113.2071","20.9007,20.9345",3.41,high,84.93,True,
S1A_IW_GRDH_1SD_20230703_E028,S1A_IW_GRDH_1SDV_20230703T103344_20230703T103413_049258_05EC51_A4EB,2023-07-03T10:33:44Z,113.71541,20.9279,2,0.72,44.2,,0.978,6.77,in_window,"113.7114,113.7182","20.9247,20.9294",2.6,medium,114.99,True,
S1A_IW_GRDH_1SD_20230703_E030,S1A_IW_GRDH_1SDV_20230703T103344_20230703T103413_049258_05EC51_A4EB,2023-07-03T10:33:44Z,113.93047,20.94996,4,2.03,90.1,,0.963,7.41,in_window,"113.9300,113.9307","20.9379,20.9607",6.73,medium,113.77,True,
S1A_IW_GRDH_1SD_20230703_E038,S1A_IW_GRDH_1SDV_20230703T103344_20230703T103413_049258_05EC51_A4EB,2023-07-03T10:33:44Z,114.17283,20.96347,2,0.76,90.0,,0.753,7.81,in_window,"114.1725,114.1733","20.9559,20.9724",3.79,medium,117.12,True,
S1A_IW_GRDH_1SD_20230703_E039,S1A_IW_GRDH_1SDV_20230703T103344_20230703T103413_049258_05EC51_A4EB,2023-07-03T10:33:44Z,113.89905,20.95524,1,0.73,90.0,,0.909,7.26,in_window,"113.8991,113.8991","20.9520,20.9585",3.13,low,112.73,True,
S1A_IW_GRDH_1SD_20230703_E040,S1A_IW_GRDH_1SDV_20230703T103344_20230703T103413_049258_05EC51_A4EB,2023-07-03T10:33:44Z,113.9728,20.9656,1,0.45,89.7,,0.98,7.51,in_window,"113.9728,113.9730","20.9638,20.9674",2.73,low,112.83,True,
S1A_IW_GRDH_1SD_20230703_E042,S1A_IW_GRDH_1SDV_20230703T103344_20230703T103413_049258_05EC51_A4EB,2023-07-03T10:33:44Z,112.51404,20.96754,1,0.39,89.2,,0.97,6.8,in_window,"112.5139,112.5140","20.9659,20.9690",1.66,low,69.47,True,
S1A_IW_GRDH_1SD_20230703_E047,S1A_IW_GRDH_1SDV_20230703T103344_20230703T103413_049258_05EC51_A4EB,2023-07-03T10:33:44Z,113.5984,20.97197,1,0.68,89.8,,0.97,6.21,in_window,"113.5984,113.5986","20.9691,20.9750",3.46,low,106.53,True,
S1A_IW_GRDH_1SD_20230703_E050,S1A_IW_GRDH_1SDV_20230703T103344_20230703T103413_049258_05EC51_A4EB,2023-07-03T10:33:44Z,114.0487,20.97131,1,0.45,38.4,,0.955,7.65,in_window,"114.0480,114.0502","20.9708,20.9726",1.88,low,114.02,True,
S1A_IW_GRDH_1SD_20230703_E053,S1A_IW_GRDH_1SDV_20230703T103344_20230703T103413_049258_05EC51_A4EB,2023-07-03T10:33:44Z,114.19594,20.99641,2,0.99,44.6,972.0,0.961,7.75,in_window,"114.1943,114.1999","20.9894,21.0010",8.06,medium,113.4,True,
S1A_IW_GRDH_1SD_20230703_E054,S1A_IW_GRDH_1SDV_20230703T103344_20230703T103413_049258_05EC51_A4EB,2023-07-03T10:33:44Z,113.63797,20.991,1,0.91,90.0,,0.928,6.22,in_window,"113.6380,113.6380","20.9869,20.9951",2.27,low,106.06,True,
S1A_IW_GRDH_1SD_20230703_E055,S1A_IW_GRDH_1SDV_20230703T103344_20230703T103413_049258_05EC51_A4EB,2023-07-03T10:33:44Z,112.247,20.99737,1,0.32,88.6,,0.97,7.49,in_window,"112.2468,112.2472","20.9962,20.9986",0.3,low,72.6,True,
S1A_IW_GRDH_1SD_20230703_E059,S1A_IW_GRDH_1SDV_20230703T103344_20230703T103413_049258_05EC51_A4EB,2023-07-03T10:33:44Z,113.41591,21.0201,2,1.21,84.8,1431.0,0.879,5.66,in_window,"113.4079,113.4253","21.0002,21.0389",5.65,medium,89.28,True,
S1A_IW_GRDH_1SD_20230703_E060,S1A_IW_GRDH_1SDV_20230703T103344_20230703T103413_049258_05EC51_A4EB,2023-07-03T10:33:44Z,113.82715,21.00595,2,0.64,90.0,124.0,0.987,6.79,in_window,"113.8264,113.8279","21.0019,21.0104",1.59,medium,106.45,True,
S1A_IW_GRDH_1SD_20230703_E062,S1A_IW_GRDH_1SDV_20230703T103344_20230703T103413_049258_05EC51_A4EB,2023-07-03T10:33:44Z,114.31552,21.00331,1,0.36,14.1,,0.959,7.79,in_window,"114.3141,114.3164","21.0026,21.0035",1.93,low,113.02,True,
S1A_IW_GRDH_1SD_20230703_E066,S1A_IW_GRDH_1SDV_20230703T103344_20230703T103413_049258_05EC51_A4EB,2023-07-03T10:33:44Z,113.34587,21.04258,2,0.77,92.1,,0.974,5.52,in_window,"113.3453,113.3460","21.0400,21.0457",2.62,medium,82.36,True,
S1A_IW_GRDH_1SD_20230703_E067,S1A_IW_GRDH_1SDV_20230703T103344_20230703T103413_049258_05EC51_A4EB,2023-07-03T10:33:44Z,113.06379,21.03799,1,0.31,95.9,,0.981,5.98,in_window,"113.0637,113.0643","21.0367,21.0389",1.93,low,65.9,True,
S1A_IW_GRDH_1SD_20230703_E068,S1A_IW_GRDH_1SDV_20230703T103344_20230703T103413_049258_05EC51_A4EB,2023-07-03T10:33:44Z,113.99943,21.04286,2,0.7,89.9,146.0,0.975,7.4,in_window,"113.9986,114.0002","21.0368,21.0501",4.78,medium,105.08,True,
S1A_IW_GRDH_1SD_20230703_E070,S1A_IW_GRDH_1SDV_20230703T103344_20230703T103413_049258_05EC51_A4EB,2023-07-03T10:33:44Z,114.23012,21.04012,1,0.35,90.2,,0.969,7.67,in_window,"114.2300,114.2302","21.0391,21.0412",0.92,low,108.53,True,
S1A_IW_GRDH_1SD_20230703_E072,S1A_IW_GRDH_1SDV_20230703T103344_20230703T103413_049258_05EC51_A4EB,2023-07-03T10:33:44Z,113.1936,21.03861,1,0.38,0.0,,0.953,5.64,in_window,"113.1918,113.1954","21.0386,21.0386",2.91,low,72.59,True,
S1A_IW_GRDH_1SD_20230703_E074,S1A_IW_GRDH_1SDV_20230703T103344_20230703T103413_049258_05EC51_A4EB,2023-07-03T10:33:44Z,113.25832,21.04884,4,1.82,44.6,434.0,0.82,5.46,in_window,"113.2550,113.2665","21.0397,21.0616",10.29,high,75.76,True,
S1A_IW_GRDH_1SD_20230703_E076,S1A_IW_GRDH_1SDV_20230703T103344_20230703T103413_049258_05EC51_A4EB,2023-07-03T10:33:44Z,114.03474,21.06065,1,0.87,90.8,,0.897,7.41,in_window,"114.0342,114.0348","21.0573,21.0645",3.68,low,104.11,True,
S1A_IW_GRDH_1SD_20230703_E078,S1A_IW_GRDH_1SDV_20230703T103344_20230703T103413_049258_05EC51_A4EB,2023-07-03T10:33:44Z,113.3092,21.06917,2,0.67,72.3,,0.976,5.36,in_window,"113.3089,113.3103","21.0675,21.0718",3.11,medium,77.59,True,
S1A_IW_GRDH_1SD_20230703_E079,S1A_IW_GRDH_1SDV_20230703T103344_20230703T103413_049258_05EC51_A4EB,2023-07-03T10:33:44Z,113.38811,21.06677,1,0.36,90.2,,0.992,5.41,in_window,"113.3881,113.3883","21.0654,21.0682",1.3,low,83.6,True,
S1A_IW_GRDH_1SD_20230703_E080,S1A_IW_GRDH_1SDV_20230703T103344_20230703T103413_049258_05EC51_A4EB,2023-07-03T10:33:44Z,114.08046,21.0731,2,0.72,90.1,,0.984,7.41,in_window,"114.0799,114.0810","21.0670,21.0792",2.14,medium,104.2,True,
S1A_IW_GRDH_1SD_20230703_E081,S1A_IW_GRDH_1SDV_20230703T103344_20230703T103413_049258_05EC51_A4EB,2023-07-03T10:33:44Z,113.68054,21.07221,1,0.43,84.8,,0.98,5.98,in_window,"113.6799,113.6808","21.0707,21.0733",1.75,low,99.31,True,
S1A_IW_GRDH_1SD_20230703_E087,S1A_IW_GRDH_1SDV_20230703T103344_20230703T103413_049258_05EC51_A4EB,2023-07-03T10:33:44Z,114.11816,21.11399,1,0.39,90.1,,0.971,7.35,in_window,"114.1180,114.1182","21.1126,21.1154",1.81,low,100.95,True,
S1A_IW_GRDH_1SD_20230703_E089,S1A_IW_GRDH_1SDV_20230703T103344_20230703T103413_049258_05EC51_A4EB,2023-07-03T10:33:44Z,112.23909,21.35693,24,18.55,90.0,284.0,0.976,7.59,in_window,"112.2377,112.2452","21.1166,21.5870",56.5,high,38.47,True,
S1A_IW_GRDH_1SD_20230703_E092,S1A_IW_GRDH_1SDV_20230703T103344_20230703T103413_049258_05EC51_A4EB,2023-07-03T10:33:44Z,114.44455,21.14621,2,1.53,90.0,,0.941,7.3,in_window,"114.4443,114.4451","21.1236,21.1584",10.92,medium,99.55,True,
S1A_IW_GRDH_1SD_20230703_E093,S1A_IW_GRDH_1SDV_20230703T103344_20230703T103413_049258_05EC51_A4EB,2023-07-03T10:33:44Z,114.04815,21.14147,3,11.14,97.5,551.0,0.986,7.22,in_window,"114.0417,114.0578","21.1326,21.1489",8.91,high,95.96,True,
S1A_IW_GRDH_1SD_20230703_E096,S1A_IW_GRDH_1SDV_20230703T103344_20230703T103413_049258_05EC51_A4EB,2023-07-03T10:33:44Z,113.74818,21.24786,13,7.91,90.0,,0.942,5.6,in_window,"113.7476,113.7488","21.1359,21.3323",16.83,medium,79.51,True,
S1A_IW_GRDH_1SD_20230703_E098,S1A_IW_GRDH_1SDV_20230703T103344_20230703T103413_049258_05EC51_A4EB,2023-07-03T10:33:44Z,114.48173,21.14301,2,0.69,89.5,,0.98,7.29,in_window,"114.4814,114.4821","21.1401,21.1459",2.18,medium,100.87,True,
S1A_IW_GRDH_1SD_20230703_E105,S1A_IW_GRDH_1SDV_20230703T103344_20230703T103413_049258_05EC51_A4EB,2023-07-03T10:33:44Z,113.8668,21.15818,1,0.45,89.0,,0.667,6.47,in_window,"113.8666,113.8672","21.1567,21.1601",0.75,low,90.05,True,
S1A_IW_GRDH_1SD_20230703_E106,S1A_IW_GRDH_1SDV_20230703T103344_20230703T103413_049258_05EC51_A4EB,2023-07-03T10:33:44Z,113.09276,21.16449,1,0.44,90.0,,0.964,5.4,in_window,"113.0928,113.0928","21.1626,21.1664",7.94,low,55.15,True,
S1A_IW_GRDH_1SD_20230703_E108,S1A_IW_GRDH_1SDV_20230703T103344_20230703T103413_049258_05EC51_A4EB,2023-07-03T10:33:44Z,113.78503,21.17624,1,0.34,0.0,,0.966,6.04,in_window,"113.7835,113.7866","21.1762,21.1762",4.12,low,87.44,True,
S1A_IW_GRDH_1SD_20230703_E109,S1A_IW_GRDH_1SDV_20230703T103344_20230703T103413_049258_05EC51_A4EB,2023-07-03T10:33:44Z,112.83745,21.17796,2,0.66,90.1,,0.883,6.14,in_window,"112.8374,112.8376","21.1732,21.1829",0.97,medium,44.46,True,
S1A_IW_GRDH_1SD_20230703_E110,S1A_IW_GRDH_1SDV_20230703T103344_20230703T103413_049258_05EC51_A4EB,2023-07-03T10:33:44Z,112.5883,21.1739,2,0.92,89.4,,0.966,6.82,in_window,"112.5882,112.5884","21.1702,21.1778",1.23,medium,46.95,True,
S1A_IW_GRDH_1SD_20230703_E111,S1A_IW_GRDH_1SDV_20230703T103344_20230703T103413_049258_05EC51_A4EB,2023-07-03T10:33:44Z,113.52684,21.17381,1,0.35,90.0,,0.961,4.94,in_window,"113.5268,113.5268","21.1723,21.1753",6.64,low,83.02,True,
S1A_IW_GRDH_1SD_20230703_E121,S1A_IW_GRDH_1SDV_20230703T103344_20230703T103413_049258_05EC51_A4EB,2023-07-03T10:33:44Z,114.25799,21.20285,1,0.45,89.6,,0.976,7.22,in_window,"114.2580,114.2582","21.2013,21.2045",1.72,low,90.61,True,
S1A_IW_GRDH_1SD_20230703_E123,S1A_IW_GRDH_1SDV_20230703T103344_20230703T103413_049258_05EC51_A4EB,2023-07-03T10:33:44Z,113.52901,21.21553,1,0.46,89.9,,0.97,4.75,in_window,"113.5288,113.5290","21.2137,21.2173",3.57,low,78.78,True,
S1A_IW_GRDH_1SD_20230703_E128,S1A_IW_GRDH_1SDV_20230703T103344_20230703T103413_049258_05EC51_A4EB,2023-07-03T10:33:44Z,113.27186,21.21483,1,0.4,89.9,,0.968,4.65,in_window,"113.2718,113.2720","21.2134,21.2163",3.54,low,63.58,True,
S1A_IW_GRDH_1SD_20230703_E131,S1A_IW_GRDH_1SDV_20230703T103344_20230703T103413_049258_05EC51_A4EB,2023-07-03T10:33:44Z,113.20102,21.23678,3,1.52,90.0,,0.937,4.72,in_window,"113.2006,113.2011","21.2294,21.2454",2.95,medium,56.46,True,
S1A_IW_GRDH_1SD_20230703_E133,S1A_IW_GRDH_1SDV_20230703T103344_20230703T103413_049258_05EC51_A4EB,2023-07-03T10:33:44Z,112.87221,21.24637,1,0.3,90.0,,0.971,5.93,in_window,"112.8722,112.8722","21.2451,21.2477",2.66,low,37.56,True,
S1A_IW_GRDH_1SD_20230703_E134,S1A_IW_GRDH_1SDV_20230703T103344_20230703T103413_049258_05EC51_A4EB,2023-07-03T10:33:44Z,113.09275,21.24531,1,0.36,89.7,,0.953,5.09,in_window,"113.0926,113.0928","21.2439,21.2467",0.64,low,47.98,True,
S1A_IW_GRDH_1SD_20230703_E135,S1A_IW_GRDH_1SDV_20230703T103344_20230703T103413_049258_05EC51_A4EB,2023-07-03T10:33:44Z,114.04655,21.25847,2,0.94,89.9,320.0,0.969,6.94,in_window,"114.0453,114.0483","21.2429,21.2793",4.86,medium,83.7,True,
S1A_IW_GRDH_1SD_20230703_E136,S1A_IW_GRDH_1SDV_20230703T103344_20230703T103413_049258_05EC51_A4EB,2023-07-03T10:33:44Z,113.35283,21.24289,1,0.35,88.6,,0.961,4.49,in_window,"113.3528,113.3530","21.2418,21.2442",0.69,low,68.45,True,
S1A_IW_GRDH_1SD_20230703_E137,S1A_IW_GRDH_1SDV_20230703T103344_20230703T103413_049258_05EC51_A4EB,2023-07-03T10:33:44Z,112.98944,21.24743,1,0.41,79.9,,0.977,5.45,in_window,"112.9891,112.9903","21.2465,21.2489",1.28,low,41.7,True,
S1A_IW_GRDH_1SD_20230703_E143,S1A_IW_GRDH_1SDV_20230703T103344_20230703T103413_049258_05EC51_A4EB,2023-07-03T10:33:44Z,114.19086,21.28414,1,0.4,90.5,,0.983,6.92,in_window,"114.1907,114.1909","21.2826,21.2858",2.68,low,81.62,True,
S1A_IW_GRDH_1SD_20230703_E145,S1A_IW_GRDH_1SDV_20230703T103344_20230703T103413_049258_05EC51_A4EB,2023-07-03T10:33:44Z,114.48327,21.26637,1,1.09,89.8,,0.872,6.87,in_window,"114.4833,114.4836","21.2617,21.2713",2.52,low,87.84,True,
S1A_IW_GRDH_1SD_20230703_E149,S1A_IW_GRDH_1SDV_20230703T103344_20230703T103413_049258_05EC51_A4EB,2023-07-03T10:33:44Z,113.53665,21.27987,2,0.86,57.4,213.0,0.988,4.53,in_window,"113.5345,113.5381","21.2776,21.2821",2.6,medium,72.5,True,
S1A_IW_GRDH_1SD_20230703_E150,S1A_IW_GRDH_1SDV_20230703T103344_20230703T103413_049258_05EC51_A4EB,2023-07-03T10:33:44Z,113.57307,21.27603,1,0.4,90.2,,0.978,4.69,in_window,"113.5731,113.5733","21.2743,21.2777",2.64,low,74.49,True,
S1A_IW_GRDH_1SD_20230703_E151,S1A_IW_GRDH_1SDV_20230703T103344_20230703T103413_049258_05EC51_A4EB,2023-07-03T10:33:44Z,114.40887,21.28014,2,0.67,90.7,,0.974,6.85,in_window,"114.4087,114.4091","21.2757,21.2842",4.11,medium,84.28,True,
S1A_IW_GRDH_1SD_20230703_E152,S1A_IW_GRDH_1SDV_20230703T103344_20230703T103413_049258_05EC51_A4EB,2023-07-03T10:33:44Z,114.43747,21.28115,1,0.46,77.0,,0.987,6.81,in_window,"114.4371,114.4385","21.2802,21.2827",1.25,low,84.91,True,
S1A_IW_GRDH_1SD_20230703_E153,S1A_IW_GRDH_1SDV_20230703T103344_20230703T103413_049258_05EC51_A4EB,2023-07-03T10:33:44Z,114.50606,21.27808,1,0.3,90.1,,0.974,6.8,in_window,"114.5060,114.5062","21.2769,21.2792",1.82,low,87.3,True,
S1A_IW_GRDH_1SD_20230703_E158,S1A_IW_GRDH_1SDV_20230703T103344_20230703T103413_049258_05EC51_A4EB,2023-07-03T10:33:44Z,113.0244,21.289,2,0.61,84.5,,0.98,5.2,in_window,"113.0240,113.0250","21.2869,21.2911",0.65,medium,39.77,True,
S1A_IW_GRDH_1SD_20230703_E164,S1A_IW_GRDH_1SDV_20230703T103344_20230703T103413_049258_05EC51_A4EB,2023-07-03T10:33:44Z,113.8998,21.31613,1,0.31,58.6,,0.979,6.26,in_window,"113.8995,113.9008","21.3157,21.3172",4.24,low,73.33,True,
S1A_IW_GRDH_1SD_20230703_E167,S1A_IW_GRDH_1SDV_20230703T103344_20230703T103413_049258_05EC51_A4EB,2023-07-03T10:33:44Z,114.51012,21.34207,1,0.82,0.0,,0.955,6.48,in_window,"114.5062,114.5140","21.3421,21.3421",9.66,low,80.66,True,
S1A_IW_GRDH_1SD_20230703_E175,S1A_IW_GRDH_1SDV_20230703T103344_20230703T103413_049258_05EC51_A4EB,2023-07-03T10:33:44Z,114.07187,21.35392,1,0.44,90.0,,0.844,6.66,in_window,"114.0719,114.0719","21.3520,21.3559",4.07,low,75.01,True,
S1A_IW_GRDH_1SD_20230703_E177,S1A_IW_GRDH_1SDV_20230703T103344_20230703T103413_049258_05EC51_A4EB,2023-07-03T10:33:44Z,113.01694,21.365,1,0.3,90.0,,0.976,4.99,in_window,"113.0169,113.0169","21.3637,21.3663",6.24,low,32.82,True,
S1A_IW_GRDH_1SD_20230703_E180,S1A_IW_GRDH_1SDV_20230703T103344_20230703T103413_049258_05EC51_A4EB,2023-07-03T10:33:44Z,113.85829,21.38378,1,0.3,0.0,,0.978,5.94,in_window,"113.8569,113.8597","21.3838,21.3838",1.42,low,65.21,True,
S1A_IW_GRDH_1SD_20230703_E183,S1A_IW_GRDH_1SDV_20230703T103344_20230703T103413_049258_05EC51_A4EB,2023-07-03T10:33:44Z,114.34641,21.41824,4,2.43,90.0,,0.93,6.26,in_window,"114.3462,114.3465","21.3999,21.4334",3.12,medium,67.97,True,
S1A_IW_GRDH_1SD_20230703_E188,S1A_IW_GRDH_1SDV_20230703T103344_20230703T103413_049258_05EC51_A4EB,2023-07-03T10:33:44Z,114.12667,21.41848,2,1.12,178.9,151.0,0.974,6.44,in_window,"114.1187,114.1332","21.4180,21.4196",4.58,medium,67.44,True,
S1A_IW_GRDH_1SD_20230703_E196,S1A_IW_GRDH_1SDV_20230703T103344_20230703T103413_049258_05EC51_A4EB,2023-07-03T10:33:44Z,114.19306,21.44881,1,1.1,90.0,,0.987,6.27,in_window,"114.1931,114.1931","21.4439,21.4538",16.33,low,63.42,True,
S1A_IW_GRDH_1SD_20230703_E197,S1A_IW_GRDH_1SDV_20230703T103344_20230703T103413_049258_05EC51_A4EB,2023-07-03T10:33:44Z,113.53597,21.4477,1,0.48,94.0,,0.979,4.15,in_window,"113.5353,113.5360","21.4462,21.4496",2.52,low,55.96,True,
S1A_IW_GRDH_1SD_20230703_E199,S1A_IW_GRDH_1SDV_20230703T103344_20230703T103413_049258_05EC51_A4EB,2023-07-03T10:33:44Z,114.2271,21.45364,1,0.3,88.3,,0.97,6.23,in_window,"114.2269,114.2271","21.4525,21.4546",2.43,low,62.81,True,
S1A_IW_GRDH_1SD_20230703_E200,S1A_IW_GRDH_1SDV_20230703T103344_20230703T103413_049258_05EC51_A4EB,2023-07-03T10:33:44Z,113.7496,21.45475,2,0.62,91.2,,0.987,5.37,in_window,"113.7494,113.7497","21.4528,21.4571",1.08,medium,56.64,True,
S1A_IW_GRDH_1SD_20230703_E202,S1A_IW_GRDH_1SDV_20230703T103344_20230703T103413_049258_05EC51_A4EB,2023-07-03T10:33:44Z,114.26438,21.49186,3,1.32,89.9,390.0,0.949,6.04,in_window,"114.2634,114.2672","21.4712,21.5258",9.15,high,58.75,True,
S1A_IW_GRDH_1SD_20230703_E204,S1A_IW_GRDH_1SDV_20230703T103344_20230703T103413_049258_05EC51_A4EB,2023-07-03T10:33:44Z,114.07616,21.46108,3,1.16,177.1,2928.0,0.976,6.32,in_window,"114.0713,114.0806","21.4524,21.4815",9.24,medium,63.85,False,blob_invalid
S1A_IW_GRDH_1SD_20230703_E205,S1A_IW_GRDH_1SDV_20230703T103344_20230703T103413_049258_05EC51_A4EB,2023-07-03T10:33:44Z,114.37449,21.46504,4,1.82,87.7,135.0,0.955,5.99,in_window,"114.3727,114.3757","21.4526,21.4800",6.85,high,63.57,True,
S1A_IW_GRDH_1SD_20230703_E206,S1A_IW_GRDH_1SDV_20230703T103344_20230703T103413_049258_05EC51_A4EB,2023-07-03T10:33:44Z,113.45851,21.46395,1,1.06,90.0,,0.956,3.89,in_window,"113.4584,113.4586","21.4592,21.4685",5.94,low,50.58,True,
S1A_IW_GRDH_1SD_20230703_E209,S1A_IW_GRDH_1SDV_20230703T103344_20230703T103413_049258_05EC51_A4EB,2023-07-03T10:33:44Z,114.01034,21.48409,1,0.43,2.3,,0.977,6.31,in_window,"114.0084,114.0119","21.4837,21.4841",8.29,low,59.25,True,
S1A_IW_GRDH_1SD_20230703_E211,S1A_IW_GRDH_1SDV_20230703T103344_20230703T103413_049258_05EC51_A4EB,2023-07-03T10:33:44Z,112.62332,21.45446,1,0.34,82.8,,0.967,6.47,in_window,"112.6231,112.6239","21.4536,21.4557",0.81,low,17.94,False,nearshore
S1A_IW_GRDH_1SD_20230703_E217,S1A_IW_GRDH_1SDV_20230703T103344_20230703T103413_049258_05EC51_A4EB,2023-07-03T10:33:44Z,114.43847,21.50286,1,0.37,90.0,,0.818,5.75,in_window,"114.4385,114.4385","21.5012,21.5045",2.54,low,61.47,True,
S1A_IW_GRDH_1SD_20230703_E220,S1A_IW_GRDH_1SDV_20230703T103344_20230703T103413_049258_05EC51_A4EB,2023-07-03T10:33:44Z,113.31863,21.49912,1,0.38,90.0,,0.958,3.65,in_window,"113.3186,113.3186","21.4975,21.5008",1.91,low,41.45,True,
S1A_IW_GRDH_1SD_20230703_E222,S1A_IW_GRDH_1SDV_20230703T103344_20230703T103413_049258_05EC51_A4EB,2023-07-03T10:33:44Z,114.04805,21.50858,1,0.44,90.0,,0.934,6.2,in_window,"114.0480,114.0480","21.5066,21.5105",3.82,low,58.71,True,
S1A_IW_GRDH_1SD_20230703_E225,S1A_IW_GRDH_1SDV_20230703T103344_20230703T103413_049258_05EC51_A4EB,2023-07-03T10:33:44Z,114.12082,21.57587,3,1.8,90.3,329.0,0.902,5.84,in_window,"114.1201,114.1233","21.5388,21.5979",14.7,high,50.43,True,
S1A_IW_GRDH_1SD_20230703_E228,S1A_IW_GRDH_1SDV_20230703T103344_20230703T103413_049258_05EC51_A4EB,2023-07-03T10:33:44Z,113.53199,21.52221,1,0.35,90.8,,0.965,4.02,in_window,"113.5320,113.5322","21.5209,21.5234",3.41,low,48.85,True,
S1A_IW_GRDH_1SD_20230703_E229,S1A_IW_GRDH_1SDV_20230703T103344_20230703T103413_049258_05EC51_A4EB,2023-07-03T10:33:44Z,113.7898,21.52235,1,0.42,55.5,,0.983,5.44,in_window,"113.7888,113.7906","21.5214,21.5230",0.78,low,49.22,True,
S1A_IW_GRDH_1SD_20230703_E233,S1A_IW_GRDH_1SDV_20230703T103344_20230703T103413_049258_05EC51_A4EB,2023-07-03T10:33:44Z,113.20873,21.56326,1,0.32,90.0,,0.973,3.76,in_window,"113.2087,113.2087","21.5619,21.5647",3.59,low,31.52,True,
S1A_IW_GRDH_1SD_20230703_E234,S1A_IW_GRDH_1SDV_20230703T103344_20230703T103413_049258_05EC51_A4EB,2023-07-03T10:33:44Z,114.25404,21.55212,2,0.8,89.4,,0.976,5.79,in_window,"114.2538,114.2543","21.5491,21.5552",2.26,medium,52.02,True,
S1A_IW_GRDH_1SD_20230703_E235,S1A_IW_GRDH_1SDV_20230703T103344_20230703T103413_049258_05EC51_A4EB,2023-07-03T10:33:44Z,113.97293,21.55779,1,0.55,91.0,,0.974,5.96,in_window,"113.9725,113.9730","21.5560,21.5596",1.71,low,50.21,True,
S1A_IW_GRDH_1SD_20230703_E236,S1A_IW_GRDH_1SDV_20230703T103344_20230703T103413_049258_05EC51_A4EB,2023-07-03T10:33:44Z,112.88086,21.55277,1,0.34,89.5,,0.972,5.05,in_window,"112.8808,112.8810","21.5515,21.5541",1.91,low,8.39,False,nearshore
S1A_IW_GRDH_1SD_20230703_E239,S1A_IW_GRDH_1SDV_20230703T103344_20230703T103413_049258_05EC51_A4EB,2023-07-03T10:33:44Z,113.69672,21.55682,1,0.31,0.0,,0.869,4.94,in_window,"113.6953,113.6981","21.5568,21.5568",1.82,low,45.88,True,
S1A_IW_GRDH_1SD_20230703_E245,S1A_IW_GRDH_1SDV_20230703T103344_20230703T103413_049258_05EC51_A4EB,2023-07-03T10:33:44Z,114.00811,21.57765,1,0.39,90.3,,0.93,5.98,in_window,"114.0081,114.0083","21.5761,21.5792",3.79,low,50.01,True,
S1A_IW_GRDH_1SD_20230703_E247,S1A_IW_GRDH_1SDV_20230703T103344_20230703T103413_049258_05EC51_A4EB,2023-07-03T10:33:44Z,114.46553,21.62271,5,2.57,0.0,1484.0,0.963,5.2,in_window,"114.4366,114.4942","21.5920,21.6539",34.44,high,49.7,True,
S1A_IW_GRDH_1SD_20230703_E251,S1A_IW_GRDH_1SDV_20230703T103344_20230703T103413_049258_05EC51_A4EB,2023-07-03T10:33:44Z,114.31719,21.62006,3,2.14,90.3,2282.0,0.833,5.42,in_window,"114.3074,114.3319","21.6015,21.6420",13.9,medium,45.5,False,blob_invalid
S1A_IW_GRDH_1SD_20230703_E256,S1A_IW_GRDH_1SDV_20230703T103344_20230703T103413_049258_05EC51_A4EB,2023-07-03T10:33:44Z,114.5551,21.62728,1,0.37,81.5,,0.971,5.17,in_window,"114.5548,114.5558","21.6264,21.6287",1.31,low,53.2,True,
S1A_IW_GRDH_1SD_20230703_E257,S1A_IW_GRDH_1SDV_20230703T103344_20230703T103413_049258_05EC51_A4EB,2023-07-03T10:33:44Z,113.6077,21.66105,2,0.86,89.9,204.0,0.9,4.42,in_window,"113.6067,113.6088","21.6496,21.6734",5.99,medium,37.47,True,
S1A_IW_GRDH_1SD_20230703_E260,S1A_IW_GRDH_1SDV_20230703T103344_20230703T103413_049258_05EC51_A4EB,2023-07-03T10:33:44Z,112.43585,21.6264,1,0.65,170.8,,0.976,5.43,in_window,"112.4339,112.4377","21.6260,21.6279",1.04,low,8.68,False,nearshore
S1A_IW_GRDH_1SD_20230703_E262,S1A_IW_GRDH_1SDV_20230703T103344_20230703T103413_049258_05EC51_A4EB,2023-07-03T10:33:44Z,114.0098,21.64973,1,0.61,90.0,,0.956,5.68,in_window,"114.0098,114.0098","21.6470,21.6525",3.12,low,43.45,True,
S1A_IW_GRDH_1SD_20230703_E264,S1A_IW_GRDH_1SDV_20230703T103344_20230703T103413_049258_05EC51_A4EB,2023-07-03T10:33:44Z,114.15188,21.66218,1,0.32,5.7,,0.977,5.45,in_window,"114.1510,114.1532","21.6619,21.6627",3.02,low,40.43,True,
S1A_IW_GRDH_1SD_20230703_E267,S1A_IW_GRDH_1SDV_20230703T103344_20230703T103413_049258_05EC51_A4EB,2023-07-03T10:33:44Z,112.29912,21.66443,1,0.62,89.9,,0.984,4.78,in_window,"112.2991,112.2994","21.6622,21.6668",3.71,low,5.09,False,nearshore
S1A_IW_GRDH_1SD_20230703_E273,S1A_IW_GRDH_1SDV_20230703T103344_20230703T103413_049258_05EC51_A4EB,2023-07-03T10:33:44Z,113.3565,21.69157,1,0.41,90.0,,0.954,3.77,in_window,"113.3565,113.3565","21.6898,21.6934",0.68,low,23.26,True,
S1A_IW_GRDH_1SD_20230703_E274,S1A_IW_GRDH_1SDV_20230703T103344_20230703T103413_049258_05EC51_A4EB,2023-07-03T10:33:44Z,113.46186,21.69135,1,0.44,90.1,,0.977,3.91,in_window,"113.4618,113.4620","21.6898,21.6929",0.95,low,29.63,True,
S1A_IW_GRDH_1SD_20230703_E275,S1A_IW_GRDH_1SDV_20230703T103344_20230703T103413_049258_05EC51_A4EB,2023-07-03T10:33:44Z,113.12284,21.69572,1,0.33,179.2,,0.99,3.88,in_window,"113.1213,113.1242","21.6957,21.6959",1.26,low,16.46,False,nearshore
S1A_IW_GRDH_1SD_20230703_E280,S1A_IW_GRDH_1SDV_20230703T103344_20230703T103413_049258_05EC51_A4EB,2023-07-03T10:33:44Z,114.3707,21.70099,1,0.3,89.9,,0.991,5.01,in_window,"114.3705,114.3707","21.6998,21.7022",2.36,low,38.45,True,
S1A_IW_GRDH_1SD_20230703_E282,S1A_IW_GRDH_1SDV_20230703T103344_20230703T103413_049258_05EC51_A4EB,2023-07-03T10:33:44Z,112.86414,21.7312,1,0.35,0.0,,0.734,4.35,in_window,"112.8625,112.8658","21.7312,21.7312",4.31,low,1.57,False,nearshore
S1A_IW_GRDH_1SD_20230703_E284,S1A_IW_GRDH_1SDV_20230703T103344_20230703T103413_049258_05EC51_A4EB,2023-07-03T10:33:44Z,112.68079,21.70342,1,0.47,90.0,,0.987,4.79,in_window,"112.6808,112.6808","21.7013,21.7055",7.36,low,2.8,False,nearshore
S1A_IW_GRDH_1SD_20230703_E286,S1A_IW_GRDH_1SDV_20230703T103344_20230703T103413_049258_05EC51_A4EB,2023-07-03T10:33:44Z,114.54125,21.7095,1,0.35,0.0,,0.549,4.84,in_window,"114.5396,114.5429","21.7095,21.7095",0.57,low,44.71,True,
S1A_IW_GRDH_1SD_20230703_E290,S1A_IW_GRDH_1SDV_20230703T103344_20230703T103413_049258_05EC51_A4EB,2023-07-03T10:33:44Z,113.6446,21.73097,1,0.46,83.1,,0.973,4.6,in_window,"113.6443,113.6454","21.7297,21.7326",1.17,low,28.85,True,
S1A_IW_GRDH_1SD_20230703_E293,S1A_IW_GRDH_1SDV_20230703T103344_20230703T103413_049258_05EC51_A4EB,2023-07-03T10:33:44Z,113.82785,21.79421,15,18.14,92.8,174.0,0.968,5.17,in_window,"113.8199,113.8363","21.7322,21.8265",29.85,high,20.2,True,
S1A_IW_GRDH_1SD_20230703_E297,S1A_IW_GRDH_1SDV_20230703T103344_20230703T103413_049258_05EC51_A4EB,2023-07-03T10:33:44Z,113.53941,21.74453,1,0.33,91.4,,0.888,4.16,in_window,"113.5394,113.5396","21.7434,21.7455",1.21,low,32.22,True,
S1A_IW_GRDH_1SD_20230703_E300,S1A_IW_GRDH_1SDV_20230703T103344_20230703T103413_049258_05EC51_A4EB,2023-07-03T10:33:44Z,113.46608,21.76841,1,0.45,89.6,,0.986,4.0,in_window,"113.4659,113.4661","21.7668,21.7699",3.39,low,24.51,True,
S1A_IW_GRDH_1SD_20230703_E302,S1A_IW_GRDH_1SDV_20230703T103344_20230703T103413_049258_05EC51_A4EB,2023-07-03T10:33:44Z,112.50544,21.75748,1,0.32,90.3,,0.987,4.24,in_window,"112.5054,112.5056","21.7563,21.7586",5.79,low,3.77,False,nearshore
S1A_IW_GRDH_1SD_20230703_E305,S1A_IW_GRDH_1SDV_20230703T103344_20230703T103413_049258_05EC51_A4EB,2023-07-03T10:33:44Z,113.27977,21.76426,1,0.34,0.0,,0.989,3.74,in_window,"113.2782,113.2813","21.7643,21.7643",1.63,low,13.04,False,nearshore
S1A_IW_GRDH_1SD_20230703_E306,S1A_IW_GRDH_1SDV_20230703T103344_20230703T103413_049258_05EC51_A4EB,2023-07-03T10:33:44Z,114.43588,21.76461,1,0.33,1.5,,0.971,4.7,in_window,"114.4344,114.4371","21.7644,21.7646",5.23,low,33.98,True,
S1A_IW_GRDH_1SD_20230703_E310,S1A_IW_GRDH_1SDV_20230703T103344_20230703T103413_049258_05EC51_A4EB,2023-07-03T10:33:44Z,112.98244,21.7939,2,1.5,90.0,,0.962,3.79,in_window,"112.9824,112.9825","21.7845,21.8037",4.01,medium,7.15,False,nearshore
S1A_IW_GRDH_1SD_20230703_E311,S1A_IW_GRDH_1SDV_20230703T103344_20230703T103413_049258_05EC51_A4EB,2023-07-03T10:33:44Z,112.89391,21.79785,1,0.42,179.5,,0.967,3.92,in_window,"112.8921,112.8958","21.7977,21.7979",13.21,low,4.54,False,nearshore
S1A_IW_GRDH_1SD_20230703_E314,S1A_IW_GRDH_1SDV_20230703T103344_20230703T103413_049258_05EC51_A4EB,2023-07-03T10:33:44Z,114.3675,21.79015,1,0.4,89.9,,0.982,4.76,in_window,"114.3675,114.3677","21.7886,21.7917",1.72,low,28.92,True,
S1A_IW_GRDH_1SD_20230703_E316,S1A_IW_GRDH_1SDV_20230703T103344_20230703T103413_049258_05EC51_A4EB,2023-07-03T10:33:44Z,114.45662,21.828,8,5.61,89.8,793.0,0.872,4.65,in_window,"114.4132,114.4793","21.7944,21.8549",34.28,high,28.89,True,
S1A_IW_GRDH_1SD_20230703_E317,S1A_IW_GRDH_1SDV_20230703T103344_20230703T103413_049258_05EC51_A4EB,2023-07-03T10:33:44Z,114.15273,21.80064,1,0.49,90.1,,0.991,5.02,in_window,"114.1527,114.1529","21.7985,21.8027",6.56,low,25.5,True,
S1A_IW_GRDH_1SD_20230703_E318,S1A_IW_GRDH_1SDV_20230703T103344_20230703T103413_049258_05EC51_A4EB,2023-07-03T10:33:44Z,113.56686,21.80174,1,0.34,90.6,,0.982,4.39,in_window,"113.5667,113.5669","21.8007,21.8029",1.85,low,26.79,True,
S1A_IW_GRDH_1SD_20230703_E319,S1A_IW_GRDH_1SDV_20230703T103344_20230703T103413_049258_05EC51_A4EB,2023-07-03T10:33:44Z,114.24167,21.81634,2,1.47,178.0,1086.0,0.932,4.88,in_window,"114.2258,114.2493","21.8140,21.8240",7.97,medium,22.79,True,
S1A_IW_GRDH_1SD_20230703_E321,S1A_IW_GRDH_1SDV_20230703T103344_20230703T103413_049258_05EC51_A4EB,2023-07-03T10:33:44Z,113.95647,21.80682,1,0.79,90.0,,0.971,5.22,in_window,"113.9564,113.9566","21.8033,21.8102",10.06,low,26.76,True,
S1A_IW_GRDH_1SD_20230703_E328,S1A_IW_GRDH_1SDV_20230703T103344_20230703T103413_049258_05EC51_A4EB,2023-07-03T10:33:44Z,113.127,21.82373,2,0.84,89.6,,0.974,3.7,in_window,"113.1268,113.1273","21.8197,21.8279",5.07,medium,2.85,False,nearshore
S1A_IW_GRDH_1SD_20230703_E331,S1A_IW_GRDH_1SDV_20230703T103344_20230703T103413_049258_05EC51_A4EB,2023-07-03T10:33:44Z,114.10443,21.83713,6,6.07,104.4,309.0,0.986,5.06,in_window,"114.0971,114.1117","21.8293,21.8535",17.05,high,23.44,True,
S1A_IW_GRDH_1SD_20230703_E332,S1A_IW_GRDH_1SDV_20230703T103344_20230703T103413_049258_05EC51_A4EB,2023-07-03T10:33:44Z,113.68047,21.83508,1,0.45,88.8,,0.986,4.89,in_window,"113.6801,113.6805","21.8332,21.8368",1.39,low,16.79,False,nearshore
S1A_IW_GRDH_1SD_20230703_E337,S1A_IW_GRDH_1SDV_20230703T103344_20230703T103413_049258_05EC51_A4EB,2023-07-03T10:33:44Z,112.71356,21.88331,2,3.55,164.2,,0.971,3.27,in_window,"112.6854,112.8030","21.8643,21.9362",21.61,medium,0.89,False,nearshore
S1A_IW_GRDH_1SD_20230703_E340,S1A_IW_GRDH_1SDV_20230703T103344_20230703T103413_049258_05EC51_A4EB,2023-07-03T10:33:44Z,113.61034,21.90181,1,0.37,90.0,,0.98,4.78,in_window,"113.6102,113.6104","21.9004,21.9033",5.89,low,16.36,False,nearshore
S1A_IW_GRDH_1SD_20230703_E341,S1A_IW_GRDH_1SDV_20230703T103344_20230703T103413_049258_05EC51_A4EB,2023-07-03T10:33:44Z,113.12419,21.90015,1,0.33,89.3,,0.993,3.57,in_window,"113.1241,113.1244","21.8989,21.9014",21.17,low,4.07,False,nearshore
S1A_IW_GRDH_1SD_20230703_E343,S1A_IW_GRDH_1SDV_20230703T103344_20230703T103413_049258_05EC51_A4EB,2023-07-03T10:33:44Z,113.02453,21.89388,1,0.45,90.0,,0.997,3.43,in_window,"113.0245,113.0245","21.8919,21.8959",4.61,low,1.44,False,nearshore
S1A_IW_GRDH_1SD_20230703_E346,S1A_IW_GRDH_1SDV_20230703T103344_20230703T103413_049258_05EC51_A4EB,2023-07-03T10:33:44Z,114.22903,21.93655,2,1.32,89.3,163.0,0.963,4.79,in_window,"114.2275,114.2296","21.9270,21.9527",12.08,medium,9.44,False,nearshore
S1A_IW_GRDH_1SD_20230703_E349,S1A_IW_GRDH_1SDV_20230703T103344_20230703T103413_049258_05EC51_A4EB,2023-07-03T10:33:44Z,114.11625,21.92843,2,1.02,51.7,209.0,0.962,4.95,in_window,"114.1145,114.1165","21.9241,21.9314",4.39,medium,14.33,False,nearshore
S1A_IW_GRDH_1SD_20230703_E352,S1A_IW_GRDH_1SDV_20230703T103344_20230703T103413_049258_05EC51_A4EB,2023-07-03T10:33:44Z,114.35589,21.94828,2,0.93,44.2,1072.0,0.737,4.68,in_window,"114.3532,114.3620","21.9431,21.9527",5.84,medium,12.05,False,nearshore
S1A_IW_GRDH_1SD_20230703_E354,S1A_IW_GRDH_1SDV_20230703T103344_20230703T103413_049258_05EC51_A4EB,2023-07-03T10:33:44Z,113.6724,21.94502,1,0.32,96.4,,0.975,5.1,in_window,"113.6723,113.6729","21.9438,21.9459",1.31,low,8.31,False,nearshore
S1A_IW_GRDH_1SD_20230703_E358,S1A_IW_GRDH_1SDV_20230703T103344_20230703T103413_049258_05EC51_A4EB,2023-07-03T10:33:44Z,114.30042,21.96149,1,0.36,91.2,,0.985,4.71,in_window,"114.3004,114.3006","21.9602,21.9626",2.2,low,8.75,False,nearshore
S1A_IW_GRDH_1SD_20230703_E359,S1A_IW_GRDH_1SDV_20230703T103344_20230703T103413_049258_05EC51_A4EB,2023-07-03T10:33:44Z,114.5925,21.96657,1,0.31,90.0,,0.946,4.6,in_window,"114.5925,114.5925","21.9652,21.9679",0.41,low,31.43,True,
S1A_IW_GRDH_1SD_20230703_E363,S1A_IW_GRDH_1SDV_20230703T103344_20230703T103413_049258_05EC51_A4EB,2023-07-03T10:33:44Z,113.62127,22.01278,1,0.33,90.0,,0.507,5.03,in_window,"113.6213,113.6213","22.0113,22.0142",0.45,low,11.53,False,nearshore
S1A_IW_GRDH_1SD_20230703_E364,S1A_IW_GRDH_1SDV_20230703T103344_20230703T103413_049258_05EC51_A4EB,2023-07-03T10:33:44Z,113.5239,22.01171,1,0.43,90.0,,0.953,4.74,in_window,"113.5238,113.5240","22.0100,22.0136",4.74,low,7.3,False,nearshore
S1A_IW_GRDH_1SD_20230703_E367,S1A_IW_GRDH_1SDV_20230703T103344_20230703T103413_049258_05EC51_A4EB,2023-07-03T10:33:44Z,114.52024,22.04008,1,0.49,69.5,,0.97,4.63,in_window,"114.5189,114.5206","22.0382,22.0410",1.16,low,22.2,True,
S1A_IW_GRDH_1SD_20230703_E370,S1A_IW_GRDH_1SDV_20230703T103344_20230703T103413_049258_05EC51_A4EB,2023-07-03T10:33:44Z,113.53244,22.10295,1,0.7,90.0,,0.96,4.49,in_window,"113.5324,113.5324","22.0998,22.1061",1.54,low,0.37,False,nearshore
S1A_IW_GRDH_1SD_20230703_E371,S1A_IW_GRDH_1SDV_20230703T103344_20230703T103413_049258_05EC51_A4EB,2023-07-03T10:33:44Z,113.9646,22.09114,5,1.72,179.9,410.0,0.834,4.58,in_window,"113.9547,113.9822","22.0868,22.0973",7.26,high,9.34,True,
S1A_IW_GRDH_1SD_20230703_E375,S1A_IW_GRDH_1SDV_20230703T103344_20230703T103413_049258_05EC51_A4EB,2023-07-03T10:33:44Z,113.85915,22.13014,2,0.74,89.5,721.0,0.984,4.81,in_window,"113.8551,113.8625","22.1163,22.1454",3.22,medium,5.06,False,nearshore
S1A_IW_GRDH_1SD_20230703_E381,S1A_IW_GRDH_1SDV_20230703T103344_20230703T103413_049258_05EC51_A4EB,2023-07-03T10:33:44Z,113.9356,22.20172,3,1.89,90.0,,0.989,4.11,in_window,"113.9354,113.9357","22.1925,22.2124",3.76,medium,1.25,False,nearshore
S1A_IW_GRDH_1SD_20230703_E389,S1A_IW_GRDH_1SDV_20230703T103344_20230703T103413_049258_05EC51_A4EB,2023-07-03T10:33:44Z,113.89734,22.31616,1,0.39,90.0,,0.984,3.94,in_window,"113.8973,113.8973","22.3145,22.3179",8.16,low,2.59,False,nearshore
S1A_IW_GRDH_1SD_20230703_E390,S1A_IW_GRDH_1SDV_20230703T103344_20230703T103413_049258_05EC51_A4EB,2023-07-03T10:33:44Z,113.863,22.31389,1,0.71,90.1,,0.986,4.16,in_window,"113.8630,113.8632","22.3110,22.3167",1.09,low,3.87,False,nearshore
S1A_IW_GRDH_1SD_20230703_E395,S1A_IW_GRDH_1SDV_20230703T103344_20230703T103413_049258_05EC51_A4EB,2023-07-03T10:33:44Z,113.8362,22.41042,5,3.6,90.0,486.0,0.92,4.15,in_window,"113.8274,113.8518","22.3723,22.4534",24.47,high,5.1,True,
S1A_IW_GRDH_1SD_20230706_E003,S1A_IW_GRDH_1SDV_20230706T105719_20230706T105744_049302_05EDAA_E4CD,2023-07-06T10:57:19Z,109.12574,16.77873,4,2.27,179.8,599.0,0.974,7.86,in_window,"109.1083,109.1434","16.7692,16.7827",17.54,high,107.96,True,
S1A_IW_GRDH_1SD_20230706_E010,S1A_IW_GRDH_1SDV_20230706T105719_20230706T105744_049302_05EDAA_E4CD,2023-07-06T10:57:19Z,108.22722,16.78065,1,0.3,91.0,,0.972,7.46,in_window,"108.2272,108.2274","16.7796,16.7816",1.82,low,51.74,True,
S1A_IW_GRDH_1SD_20230706_E012,S1A_IW_GRDH_1SDV_20230706T105719_20230706T105744_049302_05EDAA_E4CD,2023-07-06T10:57:19Z,108.82593,16.78212,1,0.64,0.0,,0.984,7.74,in_window,"108.8230,108.8289","16.7821,16.7821",2.06,low,86.48,True,
S1A_IW_GRDH_1SD_20230706_E016,S1A_IW_GRDH_1SDV_20230706T105719_20230706T105744_049302_05EDAA_E4CD,2023-07-06T10:57:19Z,108.02334,16.78086,1,0.45,0.0,,0.965,7.76,in_window,"108.0213,108.0254","16.7809,16.7809",1.84,low,44.55,True,
S1A_IW_GRDH_1SD_20230706_E020,S1A_IW_GRDH_1SDV_20230706T105719_20230706T105744_049302_05EDAA_E4CD,2023-07-06T10:57:19Z,108.19609,16.79936,2,0.85,89.9,,0.988,7.51,in_window,"108.1960,108.1963","16.7952,16.8045",3.6,medium,52.58,True,
S1A_IW_GRDH_1SD_20230706_E022,S1A_IW_GRDH_1SDV_20230706T105719_20230706T105744_049302_05EDAA_E4CD,2023-07-06T10:57:19Z,107.72626,16.8097,2,0.69,86.4,128.0,0.966,6.74,in_window,"107.7254,107.7267","16.8059,16.8140",1.98,medium,26.01,True,
S1A_IW_GRDH_1SD_20230706_E023,S1A_IW_GRDH_1SDV_20230706T105719_20230706T105744_049302_05EDAA_E4CD,2023-07-06T10:57:19Z,108.93828,16.8147,2,1.28,90.0,,0.985,7.79,in_window,"108.9379,108.9388","16.8039,16.8221",3.82,medium,96.67,True,
S1A_IW_GRDH_1SD_20230706_E024,S1A_IW_GRDH_1SDV_20230706T105719_20230706T105744_049302_05EDAA_E4CD,2023-07-06T10:57:19Z,109.19579,16.83413,4,4.5,90.6,1145.0,0.977,7.82,in_window,"109.1882,109.2164","16.8100,16.8507",16.67,high,117.51,True,
S1A_IW_GRDH_1SD_20230706_E026,S1A_IW_GRDH_1SDV_20230706T105719_20230706T105744_049302_05EDAA_E4CD,2023-07-06T10:57:19Z,108.12303,16.81817,1,0.56,97.0,,0.977,7.6,in_window,"108.1221,108.1232","16.8167,16.8204",1.96,low,52.83,True,
S1A_IW_GRDH_1SD_20230706_E027,S1A_IW_GRDH_1SDV_20230706T105719_20230706T105744_049302_05EDAA_E4CD,2023-07-06T10:57:19Z,109.15003,16.81414,1,0.34,7.2,,0.99,7.83,in_window,"109.1486,109.1510","16.8136,16.8142",2.63,low,112.43,True,
S1A_IW_GRDH_1SD_20230706_E029,S1A_IW_GRDH_1SDV_20230706T105719_20230706T105744_049302_05EDAA_E4CD,2023-07-06T10:57:19Z,107.94218,16.84815,5,2.67,90.0,128.0,0.949,7.56,in_window,"107.9417,107.9433","16.8236,16.8703",18.36,high,43.16,True,
S1A_IW_GRDH_1SD_20230706_E033,S1A_IW_GRDH_1SDV_20230706T105719_20230706T105744_049302_05EDAA_E4CD,2023-07-06T10:57:19Z,108.72628,16.84332,2,2.03,90.0,,0.946,7.62,in_window,"108.7262,108.7263","16.8341,16.8524",2.81,medium,86.56,True,
S1A_IW_GRDH_1SD_20230706_E034,S1A_IW_GRDH_1SDV_20230706T105719_20230706T105744_049302_05EDAA_E4CD,2023-07-06T10:57:19Z,107.62484,16.8622,1,0.47,90.0,,0.858,6.73,in_window,"107.6248,107.6248","16.8601,16.8643",3.74,low,23.29,True,
S1A_IW_GRDH_1SD_20230706_E038,S1A_IW_GRDH_1SDV_20230706T105719_20230706T105744_049302_05EDAA_E4CD,2023-07-06T10:57:19Z,108.08527,16.8525,1,0.35,90.3,,0.982,7.64,in_window,"108.0851,108.0853","16.8512,16.8539",2.67,low,54.73,True,
S1A_IW_GRDH_1SD_20230706_E039,S1A_IW_GRDH_1SDV_20230706T105719_20230706T105744_049302_05EDAA_E4CD,2023-07-06T10:57:19Z,109.06058,16.86296,1,0.35,89.7,,0.755,7.79,in_window,"109.0605,109.0606","16.8614,16.8644",9.85,low,109.27,True,
S1A_IW_GRDH_1SD_20230706_E040,S1A_IW_GRDH_1SDV_20230706T105719_20230706T105744_049302_05EDAA_E4CD,2023-07-06T10:57:19Z,108.79023,16.84949,1,0.44,87.8,,0.968,7.67,in_window,"108.7896,108.7906","16.8481,16.8507",0.29,low,90.52,True,
S1A_IW_GRDH_1SD_20230706_E054,S1A_IW_GRDH_1SDV_20230706T105719_20230706T105744_049302_05EDAA_E4CD,2023-07-06T10:57:19Z,107.85315,16.91099,2,1.56,0.0,,0.902,7.38,in_window,"107.8449,107.8617","16.9107,16.9114",7.66,medium,42.44,True,
S1A_IW_GRDH_1SD_20230706_E056,S1A_IW_GRDH_1SDV_20230706T105719_20230706T105744_049302_05EDAA_E4CD,2023-07-06T10:57:19Z,108.05008,16.9029,1,0.35,90.3,,0.596,7.68,in_window,"108.0500,108.0501","16.9015,16.9044",1.21,low,55.69,True,
S1A_IW_GRDH_1SD_20230706_E057,S1A_IW_GRDH_1SDV_20230706T105719_20230706T105744_049302_05EDAA_E4CD,2023-07-06T10:57:19Z,107.91026,16.91216,2,0.96,54.3,755.0,0.932,7.52,in_window,"107.9076,107.9110","16.9027,16.9192",3.95,medium,46.03,True,
S1A_IW_GRDH_1SD_20230706_E059,S1A_IW_GRDH_1SDV_20230706T105719_20230706T105744_049302_05EDAA_E4CD,2023-07-06T10:57:19Z,109.09213,16.94292,4,2.7,90.0,335.0,0.913,7.73,in_window,"109.0877,109.0941","16.9110,16.9634",18.55,high,117.97,True,
S1A_IW_GRDH_1SD_20230706_E060,S1A_IW_GRDH_1SDV_20230706T105719_20230706T105744_049302_05EDAA_E4CD,2023-07-06T10:57:19Z,107.75982,16.91746,4,1.43,89.7,,0.984,7.18,in_window,"107.7595,107.7600","16.9114,16.9250",3.31,medium,37.15,True,
S1A_IW_GRDH_1SD_20230706_E061,S1A_IW_GRDH_1SDV_20230706T105719_20230706T105744_049302_05EDAA_E4CD,2023-07-06T10:57:19Z,108.90136,16.95285,2,0.75,123.0,190.0,0.968,7.67,in_window,"108.8993,108.9021","16.9507,16.9549",4.08,medium,106.45,True,
S1A_IW_GRDH_1SD_20230706_E064,S1A_IW_GRDH_1SDV_20230706T105719_20230706T105744_049302_05EDAA_E4CD,2023-07-06T10:57:19Z,107.5841,16.91888,2,0.82,108.9,216.0,0.976,6.97,in_window,"107.5822,107.5851","16.9159,16.9215",1.57,medium,25.76,True,
S1A_IW_GRDH_1SD_20230706_E065,S1A_IW_GRDH_1SDV_20230706T105719_20230706T105744_049302_05EDAA_E4CD,2023-07-06T10:57:19Z,107.66292,16.91722,1,0.33,91.3,,0.964,7.06,in_window,"107.6629,107.6631","16.9158,16.9184",1.34,low,30.55,True,
S1A_IW_GRDH_1SD_20230706_E067,S1A_IW_GRDH_1SDV_20230706T105719_20230706T105744_049302_05EDAA_E4CD,2023-07-06T10:57:19Z,107.73092,16.92282,1,0.54,90.2,,0.986,7.16,in_window,"107.7309,107.7311","16.9206,16.9249",2.97,low,35.53,True,
S1A_IW_GRDH_1SD_20230706_E068,S1A_IW_GRDH_1SDV_20230706T105719_20230706T105744_049302_05EDAA_E4CD,2023-07-06T10:57:19Z,107.79898,16.92031,2,0.66,135.3,195.0,0.976,7.28,in_window,"107.7981,107.8012","16.9195,16.9221",2.15,medium,40.16,True,
S1A_IW_GRDH_1SD_20230706_E070,S1A_IW_GRDH_1SDV_20230706T105719_20230706T105744_049302_05EDAA_E4CD,2023-07-06T10:57:19Z,108.72262,16.92266,1,0.3,89.7,,0.962,7.57,in_window,"108.7225,108.7226","16.9215,16.9238",0.5,low,94.2,True,
S1A_IW_GRDH_1SD_20230706_E072,S1A_IW_GRDH_1SDV_20230706T105719_20230706T105744_049302_05EDAA_E4CD,2023-07-06T10:57:19Z,108.5849,16.94152,1,0.53,90.0,,0.868,7.44,in_window,"108.5849,108.5849","16.9391,16.9439",1.63,low,86.86,True,
S1A_IW_GRDH_1SD_20230706_E078,S1A_IW_GRDH_1SDV_20230706T105719_20230706T105744_049302_05EDAA_E4CD,2023-07-06T10:57:19Z,108.04813,16.95807,1,0.43,90.7,,0.972,7.67,in_window,"108.0480,108.0481","16.9565,16.9598",0.88,low,59.55,True,
S1A_IW_GRDH_1SD_20230706_E080,S1A_IW_GRDH_1SDV_20230706T105719_20230706T105744_049302_05EDAA_E4CD,2023-07-06T10:57:19Z,109.00676,16.95434,2,0.72,58.5,240.0,0.976,7.72,in_window,"109.0050,109.0073","16.9520,16.9571",0.69,medium,113.12,True,
S1A_IW_GRDH_1SD_20230706_E082,S1A_IW_GRDH_1SDV_20230706T105719_20230706T105744_049302_05EDAA_E4CD,2023-07-06T10:57:19Z,107.6897,16.95515,1,0.31,0.0,,0.987,7.27,in_window,"107.6883,107.6911","16.9551,16.9551",2.42,low,35.59,True,
S1A_IW_GRDH_1SD_20230706_E086,S1A_IW_GRDH_1SDV_20230706T105719_20230706T105744_049302_05EDAA_E4CD,2023-07-06T10:57:19Z,107.65516,16.96343,1,0.32,90.6,,0.97,7.28,in_window,"107.6551,107.6553","16.9621,16.9647",2.98,low,34.15,True,
S1A_IW_GRDH_1SD_20230706_E088,S1A_IW_GRDH_1SDV_20230706T105719_20230706T105744_049302_05EDAA_E4CD,2023-07-06T10:57:19Z,107.97054,16.97723,1,0.36,90.0,,0.987,7.67,in_window,"107.9705,107.9705","16.9757,16.9788",3.77,low,55.58,True,
S1A_IW_GRDH_1SD_20230706_E091,S1A_IW_GRDH_1SDV_20230706T105719_20230706T105744_049302_05EDAA_E4CD,2023-07-06T10:57:19Z,108.15327,16.98787,2,0.74,132.1,421.0,0.989,7.56,in_window,"108.1507,108.1544","16.9849,16.9902",5.03,medium,69.99,True,
S1A_IW_GRDH_1SD_20230706_E102,S1A_IW_GRDH_1SDV_20230706T105719_20230706T105744_049302_05EDAA_E4CD,2023-07-06T10:57:19Z,107.97935,17.0206,3,1.21,90.1,,0.976,7.7,in_window,"107.9790,107.9797","17.0148,17.0261",2.15,medium,59.93,True,
S1A_IW_GRDH_1SD_20230706_E104,S1A_IW_GRDH_1SDV_20230706T105719_20230706T105744_049302_05EDAA_E4CD,2023-07-06T10:57:19Z,108.51146,17.0184,1,0.53,88.6,,0.977,7.4,in_window,"108.5113,108.5116","17.0167,17.0204",0.43,low,89.01,True,
S1A_IW_GRDH_1SD_20230706_E105,S1A_IW_GRDH_1SDV_20230706T105719_20230706T105744_049302_05EDAA_E4CD,2023-07-06T10:57:19Z,108.08685,17.02201,1,0.32,109.0,,0.989,7.63,in_window,"108.0867,108.0876","17.0211,17.0226",1.93,low,67.4,True,
S1A_IW_GRDH_1SD_20230706_E108,S1A_IW_GRDH_1SDV_20230706T105719_20230706T105744_049302_05EDAA_E4CD,2023-07-06T10:57:19Z,107.80311,17.02134,2,0.63,79.2,,0.97,7.5,in_window,"107.8021,107.8034","17.0188,17.0230",1.23,medium,48.68,True,
S1A_IW_GRDH_1SD_20230706_E109,S1A_IW_GRDH_1SDV_20230706T105719_20230706T105744_049302_05EDAA_E4CD,2023-07-06T10:57:19Z,108.1221,17.02278,1,0.4,6.3,,0.99,7.6,in_window,"108.1210,108.1236","17.0225,17.0233",1.22,low,70.09,True,
S1A_IW_GRDH_1SD_20230706_E114,S1A_IW_GRDH_1SDV_20230706T105719_20230706T105744_049302_05EDAA_E4CD,2023-07-06T10:57:19Z,108.04987,17.06458,5,2.21,89.7,220.0,0.922,7.69,in_window,"108.0463,108.0513","17.0387,17.0922",6.2,high,68.31,True,
S1A_IW_GRDH_1SD_20230706_E120,S1A_IW_GRDH_1SDV_20230706T105719_20230706T105744_049302_05EDAA_E4CD,2023-07-06T10:57:19Z,108.08643,17.05698,2,0.81,90.5,,0.978,7.65,in_window,"108.0860,108.0868","17.0525,17.0620",2.56,medium,70.18,True,
S1A_IW_GRDH_1SD_20230706_E121,S1A_IW_GRDH_1SDV_20230706T105719_20230706T105744_049302_05EDAA_E4CD,2023-07-06T10:57:19Z,107.58334,17.05688,2,0.94,90.1,,0.983,7.55,in_window,"107.5831,107.5835","17.0528,17.0606",1.02,medium,37.7,True,
S1A_IW_GRDH_1SD_20230706_E125,S1A_IW_GRDH_1SDV_20230706T105719_20230706T105744_049302_05EDAA_E4CD,2023-07-06T10:57:19Z,108.33689,17.05716,1,0.47,89.6,,0.977,7.45,in_window,"108.3361,108.3375","17.0560,17.0583",0.48,low,84.39,True,
S1A_IW_GRDH_1SD_20230706_E134,S1A_IW_GRDH_1SDV_20230706T105719_20230706T105744_049302_05EDAA_E4CD,2023-07-06T10:57:19Z,108.76284,17.08663,1,0.41,88.8,,0.969,7.49,in_window,"108.7626,108.7630","17.0851,17.0880",0.77,low,111.22,True,
S1A_IW_GRDH_1SD_20230706_E137,S1A_IW_GRDH_1SDV_20230706T105719_20230706T105744_049302_05EDAA_E4CD,2023-07-06T10:57:19Z,107.86343,17.09329,1,0.55,0.0,,0.972,7.63,in_window,"107.8609,107.8660","17.0933,17.0933",4.28,low,58.83,True,
S1A_IW_GRDH_1SD_20230706_E138,S1A_IW_GRDH_1SDV_20230706T105719_20230706T105744_049302_05EDAA_E4CD,2023-07-06T10:57:19Z,107.72506,17.0913,1,0.4,167.3,,0.972,7.52,in_window,"107.7234,107.7259","17.0910,17.0922",3.8,low,49.86,True,
S1A_IW_GRDH_1SD_20230706_E142,S1A_IW_GRDH_1SDV_20230706T105719_20230706T105744_049302_05EDAA_E4CD,2023-07-06T10:57:19Z,107.58715,17.097,1,0.54,90.3,,0.962,7.57,in_window,"107.5870,107.5872","17.0947,17.0994",1.81,low,41.31,True,
S1A_IW_GRDH_1SD_20230706_E143,S1A_IW_GRDH_1SDV_20230706T105719_20230706T105744_049302_05EDAA_E4CD,2023-07-06T10:57:19Z,107.97544,17.09724,1,0.33,90.0,,0.974,7.74,in_window,"107.9754,107.9754","17.0958,17.0987",5.2,low,66.68,True,
S1A_IW_GRDH_1SD_20230706_E149,S1A_IW_GRDH_1SDV_20230706T105719_20230706T105744_049302_05EDAA_E4CD,2023-07-06T10:57:19Z,108.65261,17.11303,1,0.3,90.0,,0.914,7.42,in_window,"108.6526,108.6526","17.1117,17.1143",1.18,low,106.08,True,
S1A_IW_GRDH_1SD_20230706_E150,S1A_IW_GRDH_1SDV_20230706T105719_20230706T105744_049302_05EDAA_E4CD,2023-07-06T10:57:19Z,108.81955,17.13722,1,0.47,90.0,,0.934,7.48,in_window,"108.8196,108.8196","17.1351,17.1393",4.42,low,119.35,True,
S1A_IW_GRDH_1SD_20230706_E151,S1A_IW_GRDH_1SDV_20230706T105719_20230706T105744_049302_05EDAA_E4CD,2023-07-06T10:57:19Z,108.32628,17.12846,2,0.93,0.0,109.0,0.961,7.46,in_window,"108.3199,108.3344","17.1278,17.1288",7.5,medium,91.41,True,
S1A_IW_GRDH_1SD_20230706_E153,S1A_IW_GRDH_1SDV_20230706T105719_20230706T105744_049302_05EDAA_E4CD,2023-07-06T10:57:19Z,108.79411,17.12723,1,0.4,89.1,,0.976,7.47,in_window,"108.7940,108.7941","17.1258,17.1285",1.37,low,116.74,True,
S1A_IW_GRDH_1SD_20230706_E154,S1A_IW_GRDH_1SDV_20230706T105719_20230706T105744_049302_05EDAA_E4CD,2023-07-06T10:57:19Z,107.83706,17.12326,1,0.4,89.8,,0.97,7.63,in_window,"107.8371,107.8372","17.1217,17.1249",4.47,low,59.7,True,
S1A_IW_GRDH_1SD_20230706_E155,S1A_IW_GRDH_1SDV_20230706T105719_20230706T105744_049302_05EDAA_E4CD,2023-07-06T10:57:19Z,108.61993,17.12268,1,0.53,89.8,,0.975,7.4,in_window,"108.6199,108.6201","17.1206,17.1249",2.14,low,104.93,True,
S1A_IW_GRDH_1SD_20230706_E157,S1A_IW_GRDH_1SDV_20230706T105719_20230706T105744_049302_05EDAA_E4CD,2023-07-06T10:57:19Z,108.08054,17.12641,2,0.75,179.6,,0.98,7.69,in_window,"108.0768,108.0845","17.1263,17.1267",2.37,medium,75.66,True,
S1A_IW_GRDH_1SD_20230706_E159,S1A_IW_GRDH_1SDV_20230706T105719_20230706T105744_049302_05EDAA_E4CD,2023-07-06T10:57:19Z,107.34008,17.13179,2,1.01,89.1,,0.976,7.65,in_window,"107.3399,107.3402","17.1266,17.1365",2.12,medium,23.65,True,
S1A_IW_GRDH_1SD_20230706_E160,S1A_IW_GRDH_1SDV_20230706T105719_20230706T105744_049302_05EDAA_E4CD,2023-07-06T10:57:19Z,107.86926,17.12972,3,1.08,85.5,263.0,0.977,7.66,in_window,"107.8682,107.8725","17.1279,17.1325",1.8,high,62.32,True,
S1A_IW_GRDH_1SD_20230706_E172,S1A_IW_GRDH_1SDV_20230706T105719_20230706T105744_049302_05EDAA_E4CD,2023-07-06T10:57:19Z,107.72619,17.15814,2,0.61,89.9,,0.977,7.59,in_window,"107.7260,107.7264","17.1546,17.1615",0.94,medium,55.84,True,
S1A_IW_GRDH_1SD_20230706_E173,S1A_IW_GRDH_1SDV_20230706T105719_20230706T105744_049302_05EDAA_E4CD,2023-07-06T10:57:19Z,109.18385,17.15602,1,0.3,90.2,,0.979,7.55,in_window,"109.1838,109.1840","17.1550,17.1570",0.66,low,118.7,True,
S1A_IW_GRDH_1SD_20230706_E176,S1A_IW_GRDH_1SDV_20230706T105719_20230706T105744_049302_05EDAA_E4CD,2023-07-06T10:57:19Z,107.06128,17.16031,1,0.35,85.9,,0.976,6.46,in_window,"107.0608,107.0615","17.1590,17.1612",2.21,low,3.21,False,nearshore
S1A_IW_GRDH_1SD_20230706_E183,S1A_IW_GRDH_1SDV_20230706T105719_20230706T105744_049302_05EDAA_E4CD,2023-07-06T10:57:19Z,107.37672,17.19239,1,0.44,159.6,,0.977,7.79,in_window,"107.3750,107.3774","17.1919,17.1936",4.85,low,29.91,True,
S1A_IW_GRDH_1SD_20230706_E184,S1A_IW_GRDH_1SDV_20230706T105719_20230706T105744_049302_05EDAA_E4CD,2023-07-06T10:57:19Z,108.72234,17.19736,1,0.39,90.6,,0.952,7.38,in_window,"108.7222,108.7224","17.1960,17.1989",1.01,low,117.91,True,
S1A_IW_GRDH_1SD_20230706_E186,S1A_IW_GRDH_1SDV_20230706T105719_20230706T105744_049302_05EDAA_E4CD,2023-07-06T10:57:19Z,109.15174,17.19554,2,0.98,90.1,208.0,0.983,7.51,in_window,"109.1510,109.1531","17.1907,17.2006",2.05,medium,115.44,True,
S1A_IW_GRDH_1SD_20230706_E194,S1A_IW_GRDH_1SDV_20230706T105719_20230706T105744_049302_05EDAA_E4CD,2023-07-06T10:57:19Z,109.0446,17.20894,1,0.42,90.0,,0.933,7.5,in_window,"109.0446,109.0446","17.2071,17.2108",2.88,low,117.87,True,
S1A_IW_GRDH_1SD_20230706_E195,S1A_IW_GRDH_1SDV_20230706T105719_20230706T105744_049302_05EDAA_E4CD,2023-07-06T10:57:19Z,108.29731,17.212,1,0.33,90.0,,0.682,7.5,in_window,"108.2973,108.2973","17.2106,17.2134",3.65,low,97.82,True,
S1A_IW_GRDH_1SD_20230706_E198,S1A_IW_GRDH_1SDV_20230706T105719_20230706T105744_049302_05EDAA_E4CD,2023-07-06T10:57:19Z,108.61612,17.2307,1,0.33,0.0,,0.977,7.34,in_window,"108.6146,108.6176","17.2307,17.2307",2.55,low,114.7,True,
S1A_IW_GRDH_1SD_20230706_E199,S1A_IW_GRDH_1SDV_20230706T105719_20230706T105744_049302_05EDAA_E4CD,2023-07-06T10:57:19Z,108.2639,17.23072,1,0.4,73.7,,0.972,7.53,in_window,"108.2636,108.2648","17.2301,17.2320",1.85,low,96.89,True,
S1A_IW_GRDH_1SD_20230706_E201,S1A_IW_GRDH_1SDV_20230706T105719_20230706T105744_049302_05EDAA_E4CD,2023-07-06T10:57:19Z,108.68253,17.24652,2,1.03,89.8,135.0,0.972,7.34,in_window,"108.6819,108.6835","17.2254,17.2649",2.22,medium,119.92,True,
S1A_IW_GRDH_1SD_20230706_E207,S1A_IW_GRDH_1SDV_20230706T105719_20230706T105744_049302_05EDAA_E4CD,2023-07-06T10:57:19Z,109.18437,17.25907,1,0.79,90.0,,0.97,7.45,in_window,"109.1842,109.1844","17.2556,17.2625",3.52,low,107.72,True,
S1A_IW_GRDH_1SD_20230706_E210,S1A_IW_GRDH_1SDV_20230706T105719_20230706T105744_049302_05EDAA_E4CD,2023-07-06T10:57:19Z,107.08136,17.24505,1,0.4,89.3,,0.879,7.28,in_window,"107.0814,107.0815","17.2436,17.2467",1.03,low,11.96,False,nearshore
S1A_IW_GRDH_1SD_20230706_E213,S1A_IW_GRDH_1SDV_20230706T105719_20230706T105744_049302_05EDAA_E4CD,2023-07-06T10:57:19Z,107.15569,17.27199,1,0.49,91.8,,0.982,7.73,in_window,"107.1553,107.1557","17.2703,17.2741",3.09,low,19.01,False,nearshore
S1A_IW_GRDH_1SD_20230706_E214,S1A_IW_GRDH_1SDV_20230706T105719_20230706T105744_049302_05EDAA_E4CD,2023-07-06T10:57:19Z,108.11684,17.27036,1,0.5,91.2,,0.983,7.71,in_window,"108.1165,108.1169","17.2688,17.2721",4.28,low,90.79,True,
S1A_IW_GRDH_1SD_20230706_E221,S1A_IW_GRDH_1SDV_20230706T105719_20230706T105744_049302_05EDAA_E4CD,2023-07-06T10:57:19Z,107.55021,17.27303,1,0.67,89.8,,0.982,7.67,in_window,"107.5502,107.5504","17.2705,17.2758",5.31,low,50.13,True,
S1A_IW_GRDH_1SD_20230706_E223,S1A_IW_GRDH_1SDV_20230706T105719_20230706T105744_049302_05EDAA_E4CD,2023-07-06T10:57:19Z,108.99421,17.30153,5,4.21,166.3,515.0,0.937,7.39,in_window,"108.9815,109.0081","17.2920,17.3107",21.76,high,110.47,True,
S1A_IW_GRDH_1SD_20230706_E226,S1A_IW_GRDH_1SDV_20230706T105719_20230706T105744_049302_05EDAA_E4CD,2023-07-06T10:57:19Z,108.54987,17.30035,1,0.4,97.1,,0.967,7.33,in_window,"108.5492,108.5501","17.2995,17.3017",2.35,low,118.06,True,
S1A_IW_GRDH_1SD_20230706_E231,S1A_IW_GRDH_1SDV_20230706T105719_20230706T105744_049302_05EDAA_E4CD,2023-07-06T10:57:19Z,107.23492,17.33299,7,15.76,80.0,287.0,0.99,8.05,in_window,"107.2277,107.2425","17.2994,17.3676",19.42,high,29.38,True,
S1A_IW_GRDH_1SD_20230706_E235,S1A_IW_GRDH_1SDV_20230706T105719_20230706T105744_049302_05EDAA_E4CD,2023-07-06T10:57:19Z,107.73954,17.32064,1,0.49,0.0,,0.517,7.69,in_window,"107.7373,107.7418","17.3206,17.3206",3.69,low,70.25,True,
S1A_IW_GRDH_1SD_20230706_E237,S1A_IW_GRDH_1SDV_20230706T105719_20230706T105744_049302_05EDAA_E4CD,2023-07-06T10:57:19Z,108.01498,17.32504,2,1.18,90.0,139.0,0.953,7.84,in_window,"108.0139,108.0154","17.3174,17.3361",3.87,medium,88.72,True,
S1A_IW_GRDH_1SD_20230706_E238,S1A_IW_GRDH_1SDV_20230706T105719_20230706T105744_049302_05EDAA_E4CD,2023-07-06T10:57:19Z,107.33354,17.33843,5,2.57,90.0,,0.98,7.95,in_window,"107.3334,107.3338","17.3221,17.3533",8.63,medium,36.1,True,
S1A_IW_GRDH_1SD_20230706_E239,S1A_IW_GRDH_1SDV_20230706T105719_20230706T105744_049302_05EDAA_E4CD,2023-07-06T10:57:19Z,108.39938,17.32564,2,0.75,89.4,134.0,0.974,7.41,in_window,"108.3988,108.4000","17.3200,17.3322",1.8,medium,114.26,True,
S1A_IW_GRDH_1SD_20230706_E241,S1A_IW_GRDH_1SDV_20230706T105719_20230706T105744_049302_05EDAA_E4CD,2023-07-06T10:57:19Z,107.16507,17.32489,1,0.38,89.8,,0.957,7.84,in_window,"107.1651,107.1652","17.3235,17.3263",0.76,low,24.28,True,
S1A_IW_GRDH_1SD_20230706_E243,S1A_IW_GRDH_1SDV_20230706T105719_20230706T105744_049302_05EDAA_E4CD,2023-07-06T10:57:19Z,107.98791,17.57153,57,352.27,77.9,288.0,0.979,7.87,in_window,"107.9072,108.1425","17.3489,17.7066",179.03,high,106.08,True,
S1A_IW_GRDH_1SD_20230706_E245,S1A_IW_GRDH_1SDV_20230706T105719_20230706T105744_049302_05EDAA_E4CD,2023-07-06T10:57:19Z,109.1843,17.33406,2,1.16,89.3,,0.983,7.32,in_window,"109.1841,109.1848","17.3279,17.3393",1.4,medium,99.81,True,
S1A_IW_GRDH_1SD_20230706_E246,S1A_IW_GRDH_1SDV_20230706T105719_20230706T105744_049302_05EDAA_E4CD,2023-07-06T10:57:19Z,108.0511,17.33351,2,0.72,50.0,347.0,0.977,7.79,in_window,"108.0503,108.0534","17.3305,17.3357",2.03,medium,91.8,True,
S1A_IW_GRDH_1SD_20230706_E252,S1A_IW_GRDH_1SDV_20230706T105719_20230706T105744_049302_05EDAA_E4CD,2023-07-06T10:57:19Z,107.55196,17.35932,1,0.4,87.3,,0.98,7.64,in_window,"107.5518,107.5523","17.3580,17.3607",0.48,low,54.94,True,
S1A_IW_GRDH_1SD_20230706_E255,S1A_IW_GRDH_1SDV_20230706T105719_20230706T105744_049302_05EDAA_E4CD,2023-07-06T10:57:19Z,109.04383,17.36552,2,0.61,90.0,,0.986,7.3,in_window,"109.0438,109.0440","17.3630,17.3679",2.34,medium,102.15,True,
S1A_IW_GRDH_1SD_20230706_E256,S1A_IW_GRDH_1SDV_20230706T105719_20230706T105744_049302_05EDAA_E4CD,2023-07-06T10:57:19Z,108.90078,17.36446,1,0.59,89.9,,0.982,7.31,in_window,"108.9008,108.9009","17.3622,17.3668",1.42,low,105.71,True,
S1A_IW_GRDH_1SD_20230706_E257,S1A_IW_GRDH_1SDV_20230706T105719_20230706T105744_049302_05EDAA_E4CD,2023-07-06T10:57:19Z,107.6593,17.37117,1,0.32,90.6,,0.986,7.68,in_window,"107.6591,107.6593","17.3699,17.3725",2.41,low,65.25,True,
S1A_IW_GRDH_1SD_20230706_E267,S1A_IW_GRDH_1SDV_20230706T105719_20230706T105744_049302_05EDAA_E4CD,2023-07-06T10:57:19Z,107.51319,17.43954,1,0.34,171.6,,0.994,7.59,in_window,"107.5118,107.5141","17.4394,17.4402",11.54,low,57.19,True,
S1A_IW_GRDH_1SD_20230706_E269,S1A_IW_GRDH_1SDV_20230706T105719_20230706T105744_049302_05EDAA_E4CD,2023-07-06T10:57:19Z,107.06409,17.40636,2,1.0,90.0,101.0,0.982,7.83,in_window,"107.0634,107.0647","17.3991,17.4137",1.77,medium,25.14,True,
S1A_IW_GRDH_1SD_20230706_E287,S1A_IW_GRDH_1SDV_20230706T105719_20230706T105744_049302_05EDAA_E4CD,2023-07-06T10:57:19Z,107.01674,17.43755,1,0.54,0.0,,0.965,7.96,in_window,"107.0143,107.0192","17.4375,17.4376",1.01,low,24.92,True,
S1A_IW_GRDH_1SD_20230706_E293,S1A_IW_GRDH_1SDV_20230706T105719_20230706T105744_049302_05EDAA_E4CD,2023-07-06T10:57:19Z,108.72329,17.472,1,0.86,90.0,,0.991,7.3,in_window,"108.7233,108.7233","17.4681,17.4759",2.69,low,101.24,True,
S1A_IW_GRDH_1SD_20230706_E294,S1A_IW_GRDH_1SDV_20230706T105719_20230706T105744_049302_05EDAA_E4CD,2023-07-06T10:57:19Z,108.20241,17.51209,4,1.83,43.8,1265.0,0.85,7.61,in_window,"108.1953,108.2153","17.4879,17.5690",22.86,high,117.11,True,
S1A_IW_GRDH_1SD_20230706_E295,S1A_IW_GRDH_1SDV_20230706T105719_20230706T105744_049302_05EDAA_E4CD,2023-07-06T10:57:19Z,108.86507,17.46838,2,0.76,90.7,,0.99,7.23,in_window,"108.8650,108.8653","17.4655,17.4715",1.26,medium,95.8,True,
S1A_IW_GRDH_1SD_20230706_E297,S1A_IW_GRDH_1SDV_20230706T105719_20230706T105744_049302_05EDAA_E4CD,2023-07-06T10:57:19Z,109.00638,17.46992,1,0.41,90.3,,0.991,7.16,in_window,"109.0064,109.0065","17.4684,17.4714",1.03,low,91.9,True,
S1A_IW_GRDH_1SD_20230706_E299,S1A_IW_GRDH_1SDV_20230706T105719_20230706T105744_049302_05EDAA_E4CD,2023-07-06T10:57:19Z,108.5495,17.47306,2,0.7,1.5,,0.974,7.33,in_window,"108.5469,108.5525","17.4726,17.4735",2.01,medium,109.27,True,
S1A_IW_GRDH_1SD_20230706_E303,S1A_IW_GRDH_1SDV_20230706T105719_20230706T105744_049302_05EDAA_E4CD,2023-07-06T10:57:19Z,108.29675,17.48986,3,1.87,89.8,,0.839,7.51,in_window,"108.2963,108.2970","17.4794,17.5017",10.33,medium,119.71,True,
S1A_IW_GRDH_1SD_20230706_E309,S1A_IW_GRDH_1SDV_20230706T105719_20230706T105744_049302_05EDAA_E4CD,2023-07-06T10:57:19Z,108.44143,17.50406,3,1.17,67.3,301.0,0.986,7.38,in_window,"108.4403,108.4450","17.4976,17.5082",2.82,high,111.5,True,
S1A_IW_GRDH_1SD_20230706_E310,S1A_IW_GRDH_1SDV_20230706T105719_20230706T105744_049302_05EDAA_E4CD,2023-07-06T10:57:19Z,107.44457,17.52296,3,1.39,89.9,329.0,0.963,7.64,in_window,"107.4423,107.4458","17.5055,17.5428",7.2,high,59.33,True,
S1A_IW_GRDH_1SD_20230706_E317,S1A_IW_GRDH_1SDV_20230706T105719_20230706T105744_049302_05EDAA_E4CD,2023-07-06T10:57:19Z,107.83776,17.54561,1,0.5,90.3,,0.978,7.79,in_window,"107.8376,107.8378","17.5439,17.5475",2.7,low,91.23,True,
S1A_IW_GRDH_1SD_20230706_E324,S1A_IW_GRDH_1SDV_20230706T105719_20230706T105744_049302_05EDAA_E4CD,2023-07-06T10:57:19Z,107.51974,17.54093,1,0.36,91.2,,0.978,7.59,in_window,"107.5197,107.5199","17.5396,17.5421",2.97,low,65.77,True,
S1A_IW_GRDH_1SD_20230706_E325,S1A_IW_GRDH_1SDV_20230706T105719_20230706T105744_049302_05EDAA_E4CD,2023-07-06T10:57:19Z,109.22224,17.54174,1,0.33,90.6,,0.962,6.9,in_window,"109.2221,109.2223","17.5405,17.5430",0.88,low,76.81,True,
S1A_IW_GRDH_1SD_20230706_E332,S1A_IW_GRDH_1SDV_20230706T105719_20230706T105744_049302_05EDAA_E4CD,2023-07-06T10:57:19Z,107.37597,17.57798,2,0.91,90.1,,0.986,7.71,in_window,"107.3757,107.3763","17.5734,17.5821",0.88,medium,59.9,True,
S1A_IW_GRDH_1SD_20230706_E335,S1A_IW_GRDH_1SDV_20230706T105719_20230706T105744_049302_05EDAA_E4CD,2023-07-06T10:57:19Z,108.26149,17.57976,2,0.69,83.9,,0.987,7.54,in_window,"108.2611,108.2621","17.5768,17.5835",2.66,medium,111.89,True,
S1A_IW_GRDH_1SD_20230706_E336,S1A_IW_GRDH_1SDV_20230706T105719_20230706T105744_049302_05EDAA_E4CD,2023-07-06T10:57:19Z,108.43863,17.57963,1,0.31,91.7,,0.99,7.35,in_window,"108.4385,108.4387","17.5787,17.5808",2.23,low,104.53,True,
S1A_IW_GRDH_1SD_20230706_E347,S1A_IW_GRDH_1SDV_20230706T105719_20230706T105744_049302_05EDAA_E4CD,2023-07-06T10:57:19Z,108.65328,17.63782,1,0.35,90.8,,0.968,7.11,in_window,"108.6533,108.6534","17.6364,17.6391",4.38,low,88.2,True,
S1A_IW_GRDH_1SD_20230706_E348,S1A_IW_GRDH_1SDV_20230706T105719_20230706T105744_049302_05EDAA_E4CD,2023-07-06T10:57:19Z,107.8009,17.61163,1,0.5,89.2,,0.972,7.78,in_window,"107.8007,107.8011","17.6100,17.6133",0.84,low,92.44,True,
S1A_IW_GRDH_1SD_20230706_E350,S1A_IW_GRDH_1SDV_20230706T105719_20230706T105744_049302_05EDAA_E4CD,2023-07-06T10:57:19Z,108.26214,17.6097,2,0.76,92.8,,0.989,7.54,in_window,"108.2618,108.2628","17.6075,17.6119",0.76,medium,108.84,True,
S1A_IW_GRDH_1SD_20230706_E352,S1A_IW_GRDH_1SDV_20230706T105719_20230706T105744_049302_05EDAA_E4CD,2023-07-06T10:57:19Z,108.61158,17.61153,1,0.35,90.4,,0.978,7.18,in_window,"108.6114,108.6116","17.6102,17.6129",1.36,low,92.65,True,
S1A_IW_GRDH_1SD_20230706_E353,S1A_IW_GRDH_1SDV_20230706T105719_20230706T105744_049302_05EDAA_E4CD,2023-07-06T10:57:19Z,108.89697,17.62871,2,0.87,90.0,696.0,0.868,6.93,in_window,"108.8943,108.9008","17.6218,17.6347",4.54,medium,78.0,True,
S1A_IW_GRDH_1SD_20230706_E356,S1A_IW_GRDH_1SDV_20230706T105719_20230706T105744_049302_05EDAA_E4CD,2023-07-06T10:57:19Z,107.83575,17.61127,1,0.32,87.2,,0.97,7.8,in_window,"107.8356,107.8360","17.6103,17.6124",1.05,low,95.28,True,
S1A_IW_GRDH_1SD_20230706_E359,S1A_IW_GRDH_1SDV_20230706T105719_20230706T105744_049302_05EDAA_E4CD,2023-07-06T10:57:19Z,108.0439,17.63401,1,0.77,89.9,,0.951,7.83,in_window,"108.0439,108.0440","17.6306,17.6375",3.56,low,114.66,True,
S1A_IW_GRDH_1SD_20230706_E361,S1A_IW_GRDH_1SDV_20230706T105719_20230706T105744_049302_05EDAA_E4CD,2023-07-06T10:57:19Z,108.12559,17.62653,1,0.36,88.7,,0.784,7.72,in_window,"108.1256,108.1257","17.6253,17.6279",0.73,low,113.92,True,
S1A_IW_GRDH_1SD_20230706_E362,S1A_IW_GRDH_1SDV_20230706T105719_20230706T105744_049302_05EDAA_E4CD,2023-07-06T10:57:19Z,108.51469,17.63833,1,0.3,90.0,,0.976,7.24,in_window,"108.5147,108.5147","17.6370,17.6396",1.52,low,94.82,True,
S1A_IW_GRDH_1SD_20230706_E363,S1A_IW_GRDH_1SDV_20230706T105719_20230706T105744_049302_05EDAA_E4CD,2023-07-06T10:57:19Z,108.32947,17.63624,1,0.34,88.8,,0.984,7.44,in_window,"108.3295,108.3296","17.6350,17.6377",1.37,low,103.37,True,
S1A_IW_GRDH_1SD_20230706_E365,S1A_IW_GRDH_1SDV_20230706T105719_20230706T105744_049302_05EDAA_E4CD,2023-07-06T10:57:19Z,109.17578,17.64475,2,0.73,2.7,,0.985,6.69,in_window,"109.1727,109.1786","17.6445,17.6453",2.03,medium,68.37,True,
S1A_IW_GRDH_1SD_20230706_E366,S1A_IW_GRDH_1SDV_20230706T105719_20230706T105744_049302_05EDAA_E4CD,2023-07-06T10:57:19Z,107.65898,17.64512,1,0.32,0.0,,0.985,7.72,in_window,"107.6575,107.6604","17.6451,17.6451",2.06,low,84.06,True,
S1A_IW_GRDH_1SD_20230706_E367,S1A_IW_GRDH_1SDV_20230706T105719_20230706T105744_049302_05EDAA_E4CD,2023-07-06T10:57:19Z,108.00478,17.66151,2,1.55,90.0,,0.894,7.9,in_window,"108.0046,108.0050","17.6544,17.6686",9.22,medium,112.88,True,
S1A_IW_GRDH_1SD_20230706_E371,S1A_IW_GRDH_1SDV_20230706T105719_20230706T105744_049302_05EDAA_E4CD,2023-07-06T10:57:19Z,108.73405,17.64404,1,0.32,0.0,,0.964,7.03,in_window,"108.7326,108.7355","17.6440,17.6440",2.02,low,84.12,True,
S1A_IW_GRDH_1SD_20230706_E374,S1A_IW_GRDH_1SDV_20230706T105719_20230706T105744_049302_05EDAA_E4CD,2023-07-06T10:57:19Z,107.87457,17.64599,1,0.43,83.3,,0.99,7.83,in_window,"107.8736,107.8756","17.6456,17.6472",1.56,low,100.84,True,
S1A_IW_GRDH_1SD_20230706_E376,S1A_IW_GRDH_1SDV_20230706T105719_20230706T105744_049302_05EDAA_E4CD,2023-07-06T10:57:19Z,108.2632,17.67596,1,0.31,88.8,,0.976,7.53,in_window,"108.2630,108.2632","17.6747,17.6770",2.69,low,102.17,True,
S1A_IW_GRDH_1SD_20230706_E379,S1A_IW_GRDH_1SDV_20230706T105719_20230706T105744_049302_05EDAA_E4CD,2023-07-06T10:57:19Z,108.11461,17.68631,2,0.8,90.7,,0.982,7.74,in_window,"108.1144,108.1147","17.6827,17.6898",2.87,medium,108.98,True,
S1A_IW_GRDH_1SD_20230706_E386,S1A_IW_GRDH_1SDV_20230706T105719_20230706T105744_049302_05EDAA_E4CD,2023-07-06T10:57:19Z,109.21957,17.71814,1,0.38,90.4,,0.985,6.49,in_window,"109.2194,109.2196","17.7166,17.7198",5.77,low,59.06,True,
S1A_IW_GRDH_1SD_20230706_E389,S1A_IW_GRDH_1SDV_20230706T105719_20230706T105744_049302_05EDAA_E4CD,2023-07-06T10:57:19Z,108.61776,17.71032,3,1.14,89.8,,0.969,7.05,in_window,"108.6175,108.6180","17.6991,17.7226",4.99,medium,82.6,True,
S1A_IW_GRDH_1SD_20230706_E391,S1A_IW_GRDH_1SDV_20230706T105719_20230706T105744_049302_05EDAA_E4CD,2023-07-06T10:57:19Z,108.69278,17.71552,1,0.44,89.5,,0.988,6.95,in_window,"108.6926,108.6928","17.7137,17.7172",2.99,low,78.67,True,
S1A_IW_GRDH_1SD_20230706_E392,S1A_IW_GRDH_1SDV_20230706T105719_20230706T105744_049302_05EDAA_E4CD,2023-07-06T10:57:19Z,108.15048,17.71626,1,0.44,89.2,,0.977,7.69,in_window,"108.1503,108.1505","17.7146,17.7177",5.91,low,104.15,True,
S1A_IW_GRDH_1SD_20230706_E394,S1A_IW_GRDH_1SDV_20230706T105719_20230706T105744_049302_05EDAA_E4CD,2023-07-06T10:57:19Z,108.29207,17.71094,1,0.33,88.6,,0.955,7.49,in_window,"108.2920,108.2922","17.7099,17.7122",0.62,low,97.38,True,
S1A_IW_GRDH_1SD_20230706_E395,S1A_IW_GRDH_1SDV_20230706T105719_20230706T105744_049302_05EDAA_E4CD,2023-07-06T10:57:19Z,108.83319,17.74401,4,1.6,89.1,256.0,0.981,6.75,in_window,"108.8312,108.8341","17.7228,17.7579",6.79,high,69.3,True,
S1A_IW_GRDH_1SD_20230706_E396,S1A_IW_GRDH_1SDV_20230706T105719_20230706T105744_049302_05EDAA_E4CD,2023-07-06T10:57:19Z,108.79111,17.71352,1,0.4,62.1,,0.988,6.85,in_window,"108.7901,108.7917","17.7124,17.7141",1.44,low,74.45,True,
S1A_IW_GRDH_1SD_20230706_E400,S1A_IW_GRDH_1SDV_20230706T105719_20230706T105744_049302_05EDAA_E4CD,2023-07-06T10:57:19Z,108.08966,17.73015,1,0.43,90.7,,0.776,7.79,in_window,"108.0896,108.0898","17.7286,17.7315",3.68,low,106.52,True,
S1A_IW_GRDH_1SD_20230706_E401,S1A_IW_GRDH_1SDV_20230706T105719_20230706T105744_049302_05EDAA_E4CD,2023-07-06T10:57:19Z,107.81398,17.73761,2,1.27,89.8,,0.96,7.81,in_window,"107.8140,107.8140","17.7312,17.7453",5.24,medium,102.71,True,
S1A_IW_GRDH_1SD_20230706_E402,S1A_IW_GRDH_1SDV_20230706T105719_20230706T105744_049302_05EDAA_E4CD,2023-07-06T10:57:19Z,108.69394,17.80982,38,105.82,86.8,350.0,0.984,6.83,in_window,"108.6582,108.7628","17.7433,17.8932",103.96,high,69.17,True,
S1A_IW_GRDH_1SD_20230706_E405,S1A_IW_GRDH_1SDV_20230706T105719_20230706T105744_049302_05EDAA_E4CD,2023-07-06T10:57:19Z,108.58066,17.74684,1,0.49,16.6,,0.975,7.06,in_window,"108.5787,108.5818","17.7458,17.7472",1.98,low,80.98,True,
S1A_IW_GRDH_1SD_20230706_E406,S1A_IW_GRDH_1SDV_20230706T105719_20230706T105744_049302_05EDAA_E4CD,2023-07-06T10:57:19Z,108.97503,17.74863,1,0.33,0.0,,0.985,6.64,in_window,"108.9736,108.9765","17.7486,17.7486",6.22,low,62.77,True,
S1A_IW_GRDH_1SD_20230706_E407,S1A_IW_GRDH_1SDV_20230706T105719_20230706T105744_049302_05EDAA_E4CD,2023-07-06T10:57:19Z,107.23405,17.76106,3,1.31,87.6,1559.0,0.954,7.7,in_window,"107.2273,107.2436","17.7433,17.7780",5.6,medium,67.17,True,
S1A_IW_GRDH_1SD_20230706_E411,S1A_IW_GRDH_1SDV_20230706T105719_20230706T105744_049302_05EDAA_E4CD,2023-07-06T10:57:19Z,107.47655,17.7483,2,0.81,116.3,196.0,0.976,7.71,in_window,"107.4757,107.4787","17.7460,17.7504",1.74,medium,81.28,True,
S1A_IW_GRDH_1SD_20230706_E412,S1A_IW_GRDH_1SDV_20230706T105719_20230706T105744_049302_05EDAA_E4CD,2023-07-06T10:57:19Z,108.1249,17.74821,1,0.4,161.1,,0.994,7.74,in_window,"108.1242,108.1264","17.7474,17.7485",1.09,low,102.74,True,
S1A_IW_GRDH_1SD_20230706_E417,S1A_IW_GRDH_1SDV_20230706T105719_20230706T105744_049302_05EDAA_E4CD,2023-07-06T10:57:19Z,109.00817,17.74984,1,0.57,103.5,,0.972,6.61,in_window,"109.0077,109.0095","17.7476,17.7509",1.06,low,61.64,True,
S1A_IW_GRDH_1SD_20230706_E422,S1A_IW_GRDH_1SDV_20230706T105719_20230706T105744_049302_05EDAA_E4CD,2023-07-06T10:57:19Z,108.79514,17.77863,2,0.98,85.6,163.0,0.984,6.72,in_window,"108.7947,108.7964","17.7725,17.7846",2.74,medium,68.17,True,
S1A_IW_GRDH_1SD_20230706_E424,S1A_IW_GRDH_1SDV_20230706T105719_20230706T105744_049302_05EDAA_E4CD,2023-07-06T10:57:19Z,107.94329,17.77697,1,0.36,175.4,,0.96,7.92,in_window,"107.9424,107.9440","17.7763,17.7777",0.3,low,112.52,True,
S1A_IW_GRDH_1SD_20230706_E426,S1A_IW_GRDH_1SDV_20230706T105719_20230706T105744_049302_05EDAA_E4CD,2023-07-06T10:57:19Z,108.11921,17.77784,1,0.35,88.8,,0.962,7.76,in_window,"108.1192,108.1194","17.7766,17.7793",1.3,low,100.45,True,
S1A_IW_GRDH_1SD_20230706_E427,S1A_IW_GRDH_1SDV_20230706T105719_20230706T105744_049302_05EDAA_E4CD,2023-07-06T10:57:19Z,108.89793,17.78127,1,0.35,91.1,,0.98,6.61,in_window,"108.8979,108.8981","17.7800,17.7824",2.44,low,62.48,True,
S1A_IW_GRDH_1SD_20230706_E428,S1A_IW_GRDH_1SDV_20230706T105719_20230706T105744_049302_05EDAA_E4CD,2023-07-06T10:57:19Z,107.91756,17.78245,1,0.3,0.0,,0.967,7.9,in_window,"107.9162,107.9189","17.7824,17.7824",2.52,low,113.99,True,
S1A_IW_GRDH_1SD_20230706_E429,S1A_IW_GRDH_1SDV_20230706T105719_20230706T105744_049302_05EDAA_E4CD,2023-07-06T10:57:19Z,108.83052,17.78208,1,0.39,111.2,,0.983,6.68,in_window,"108.8303,108.8316","17.7806,17.7828",0.55,low,65.83,True,
S1A_IW_GRDH_1SD_20230706_E433,S1A_IW_GRDH_1SDV_20230706T105719_20230706T105744_049302_05EDAA_E4CD,2023-07-06T10:57:19Z,108.51498,17.78724,1,0.3,89.7,,0.97,7.13,in_window,"108.5150,108.5151","17.7861,17.7884",0.52,low,80.65,True,
S1A_IW_GRDH_1SD_20230706_E437,S1A_IW_GRDH_1SDV_20230706T105719_20230706T105744_049302_05EDAA_E4CD,2023-07-06T10:57:19Z,109.00805,17.83394,2,1.15,90.0,,0.977,6.28,in_window,"109.0074,109.0083","17.8251,17.8405",10.92,medium,52.73,True,
S1A_IW_GRDH_1SD_20230706_E439,S1A_IW_GRDH_1SDV_20230706T105719_20230706T105744_049302_05EDAA_E4CD,2023-07-06T10:57:19Z,108.08286,17.81887,1,0.33,92.1,,0.985,7.85,in_window,"108.0826,108.0829","17.8178,17.8202",2.28,low,99.26,True,
S1A_IW_GRDH_1SD_20230706_E442,S1A_IW_GRDH_1SDV_20230706T105719_20230706T105744_049302_05EDAA_E4CD,2023-07-06T10:57:19Z,108.97151,17.85599,2,1.29,134.9,,0.985,6.26,in_window,"108.9689,108.9729","17.8188,17.8799",8.36,medium,51.76,True,
S1A_IW_GRDH_1SD_20230706_E443,S1A_IW_GRDH_1SDV_20230706T105719_20230706T105744_049302_05EDAA_E4CD,2023-07-06T10:57:19Z,108.01423,17.81857,1,0.44,90.7,,0.979,7.98,in_window,"108.0141,108.0143","17.8171,17.8204",0.82,low,104.06,True,
S1A_IW_GRDH_1SD_20230706_E451,S1A_IW_GRDH_1SDV_20230706T105719_20230706T105744_049302_05EDAA_E4CD,2023-07-06T10:57:19Z,108.76056,17.86315,2,1.36,90.0,2168.0,0.941,6.66,in_window,"108.7533,108.7737","17.8378,17.8798",5.34,medium,60.87,False,blob_invalid
S1A_IW_GRDH_1SD_20230706_E454,S1A_IW_GRDH_1SDV_20230706T105719_20230706T105744_049302_05EDAA_E4CD,2023-07-06T10:57:19Z,107.23389,17.84715,1,0.47,89.5,,0.975,7.75,in_window,"107.2339,107.2341","17.8454,17.8491",1.69,low,74.25,True,
S1A_IW_GRDH_1SD_20230706_E457,S1A_IW_GRDH_1SDV_20230706T105719_20230706T105744_049302_05EDAA_E4CD,2023-07-06T10:57:19Z,109.07372,17.85438,3,1.27,90.0,,0.982,6.12,in_window,"109.0732,109.0742","17.8463,17.8622",1.84,medium,48.82,True,
S1A_IW_GRDH_1SD_20230706_E458,S1A_IW_GRDH_1SDV_20230706T105719_20230706T105744_049302_05EDAA_E4CD,2023-07-06T10:57:19Z,108.55027,17.85394,1,0.56,90.0,,0.976,7.03,in_window,"108.5503,108.5504","17.8517,17.8562",4.59,low,72.41,True,
S1A_IW_GRDH_1SD_20230706_E463,S1A_IW_GRDH_1SDV_20230706T105719_20230706T105744_049302_05EDAA_E4CD,2023-07-06T10:57:19Z,107.96133,17.88259,3,1.17,92.3,214.0,0.756,8.03,in_window,"107.9584,107.9632","17.8688,17.8904",5.46,high,103.06,True,
S1A_IW_GRDH_1SD_20230706_E464,S1A_IW_GRDH_1SDV_20230706T105719_20230706T105744_049302_05EDAA_E4CD,2023-07-06T10:57:19Z,108.4665,17.88644,2,15.49,171.4,445.0,0.965,7.16,in_window,"108.4580,108.4757","17.8811,17.8924",9.22,medium,72.43,True,
S1A_IW_GRDH_1SD_20230706_E465,S1A_IW_GRDH_1SDV_20230706T105719_20230706T105744_049302_05EDAA_E4CD,2023-07-06T10:57:19Z,109.03158,17.90112,5,2.99,105.0,1051.0,0.991,5.97,in_window,"109.0152,109.0345","17.8773,17.9227",16.85,high,44.9,True,
S1A_IW_GRDH_1SD_20230706_E466,S1A_IW_GRDH_1SDV_20230706T105719_20230706T105744_049302_05EDAA_E4CD,2023-07-06T10:57:19Z,107.28401,17.889,4,1.85,2.7,620.0,0.985,7.76,in_window,"107.2675,107.2961","17.8839,17.8955",12.35,high,79.65,True,
S1A_IW_GRDH_1SD_20230706_E468,S1A_IW_GRDH_1SDV_20230706T105719_20230706T105744_049302_05EDAA_E4CD,2023-07-06T10:57:19Z,108.40358,17.87999,1,0.3,90.2,,0.973,7.27,in_window,"108.4035,108.4037","17.8789,17.8810",0.72,low,75.51,True,
S1A_IW_GRDH_1SD_20230706_E469,S1A_IW_GRDH_1SDV_20230706T105719_20230706T105744_049302_05EDAA_E4CD,2023-07-06T10:57:19Z,108.88205,18.05761,42,90.44,78.4,599.0,0.978,5.9,in_window,"108.7605,108.9975","17.9048,18.2443",147.45,high,36.23,True,
S1A_IW_GRDH_1SD_20230706_E470,S1A_IW_GRDH_1SDV_20230706T105719_20230706T105744_049302_05EDAA_E4CD,2023-07-06T10:57:19Z,108.16626,17.88401,2,0.73,172.9,263.0,0.955,7.72,in_window,"108.1607,108.1718","17.8825,17.8847",7.65,medium,88.15,True,
S1A_IW_GRDH_1SD_20230706_E471,S1A_IW_GRDH_1SDV_20230706T105719_20230706T105744_049302_05EDAA_E4CD,2023-07-06T10:57:19Z,108.54443,17.91492,1,0.6,90.0,,0.943,7.01,in_window,"108.5444,108.5444","17.9122,17.9176",1.78,low,66.92,True,
S1A_IW_GRDH_1SD_20230706_E473,S1A_IW_GRDH_1SDV_20230706T105719_20230706T105744_049302_05EDAA_E4CD,2023-07-06T10:57:19Z,108.64426,17.89716,3,1.27,90.7,210.0,0.969,6.84,in_window,"108.6433,108.6463","17.8854,17.9099",8.3,high,63.37,True,
S1A_IW_GRDH_1SD_20230706_E474,S1A_IW_GRDH_1SDV_20230706T105719_20230706T105744_049302_05EDAA_E4CD,2023-07-06T10:57:19Z,108.5803,17.88802,1,0.58,90.0,,0.975,6.96,in_window,"108.5803,108.5805","17.8859,17.8902",1.28,low,67.6,True,
S1A_IW_GRDH_1SD_20230706_E480,S1A_IW_GRDH_1SDV_20230706T105719_20230706T105744_049302_05EDAA_E4CD,2023-07-06T10:57:19Z,108.75757,17.93865,5,2.06,89.6,,0.978,6.58,in_window,"108.7572,108.7584","17.9166,17.9613",9.27,medium,53.45,True,
S1A_IW_GRDH_1SD_20230706_E481,S1A_IW_GRDH_1SDV_20230706T105719_20230706T105744_049302_05EDAA_E4CD,2023-07-06T10:57:19Z,108.79511,17.92274,1,0.45,0.4,,0.987,6.49,in_window,"108.7930,108.7970","17.9226,17.9227",4.39,low,53.4,True,
S1A_IW_GRDH_1SD_20230706_E482,S1A_IW_GRDH_1SDV_20230706T105719_20230706T105744_049302_05EDAA_E4CD,2023-07-06T10:57:19Z,108.01675,17.92038,1,0.38,71.1,,0.979,8.06,in_window,"108.0158,108.0171","17.9191,17.9210",2.78,low,95.97,True,
S1A_IW_GRDH_1SD_20230706_E485,S1A_IW_GRDH_1SDV_20230706T105719_20230706T105744_049302_05EDAA_E4CD,2023-07-06T10:57:19Z,108.96277,17.92044,1,0.37,151.2,,0.963,6.04,in_window,"108.9615,108.9633","17.9201,17.9214",0.75,low,45.69,True,
S1A_IW_GRDH_1SD_20230706_E486,S1A_IW_GRDH_1SDV_20230706T105719_20230706T105744_049302_05EDAA_E4CD,2023-07-06T10:57:19Z,107.59007,17.92303,1,0.3,88.8,,0.962,7.84,in_window,"107.5899,107.5901","17.9220,17.9239",0.75,low,103.86,True,
S1A_IW_GRDH_1SD_20230706_E492,S1A_IW_GRDH_1SDV_20230706T105719_20230706T105744_049302_05EDAA_E4CD,2023-07-06T10:57:19Z,109.07909,17.97262,3,1.52,89.7,,0.976,5.62,in_window,"109.0784,109.0795","17.9537,17.9939",8.96,medium,35.93,True,
S1A_IW_GRDH_1SD_20230706_E495,S1A_IW_GRDH_1SDV_20230706T105719_20230706T105744_049302_05EDAA_E4CD,2023-07-06T10:57:19Z,108.83029,17.94965,1,0.61,90.2,,0.986,6.33,in_window,"108.8303,108.8305","17.9472,17.9520",2.24,low,49.29,True,
S1A_IW_GRDH_1SD_20230706_E498,S1A_IW_GRDH_1SDV_20230706T105719_20230706T105744_049302_05EDAA_E4CD,2023-07-06T10:57:19Z,107.94094,17.95431,1,0.45,0.0,,0.981,8.07,in_window,"107.9389,107.9430","17.9543,17.9543",2.67,low,99.51,True,
S1A_IW_GRDH_1SD_20230706_E499,S1A_IW_GRDH_1SDV_20230706T105719_20230706T105744_049302_05EDAA_E4CD,2023-07-06T10:57:19Z,108.68807,17.99866,18,93.29,89.2,354.0,0.98,6.67,in_window,"108.6581,108.7198","17.9539,18.0647",35.79,high,51.54,False,blob_invalid
S1A_IW_GRDH_1SD_20230706_E511,S1A_IW_GRDH_1SDV_20230706T105719_20230706T105744_049302_05EDAA_E4CD,2023-07-06T10:57:19Z,108.53785,17.98952,1,0.36,175.9,,0.974,6.97,in_window,"108.5363,108.5389","17.9894,17.9900",1.49,low,59.23,True,
S1A_IW_GRDH_1SD_20230706_E512,S1A_IW_GRDH_1SDV_20230706T105719_20230706T105744_049302_05EDAA_E4CD,2023-07-06T10:57:19Z,107.76415,17.99246,1,0.34,70.9,,0.986,7.96,in_window,"107.7638,107.7650","17.9918,17.9936",2.71,low,112.33,True,
S1A_IW_GRDH_1SD_20230706_E513,S1A_IW_GRDH_1SDV_20230706T105719_20230706T105744_049302_05EDAA_E4CD,2023-07-06T10:57:19Z,108.40606,17.98836,1,0.4,90.0,,0.99,7.23,in_window,"108.4060,108.4062","17.9868,17.9899",1.25,low,64.61,True,
S1A_IW_GRDH_1SD_20230706_E520,S1A_IW_GRDH_1SDV_20230706T105719_20230706T105744_049302_05EDAA_E4CD,2023-07-06T10:57:19Z,109.03102,18.02063,3,2.38,179.5,270.0,0.923,5.5,in_window,"109.0196,109.0392","18.0197,18.0263",12.14,high,32.59,True,
S1A_IW_GRDH_1SD_20230706_E522,S1A_IW_GRDH_1SDV_20230706T105719_20230706T105744_049302_05EDAA_E4CD,2023-07-06T10:57:19Z,108.40418,18.02408,1,0.36,88.9,,0.977,7.26,in_window,"108.4040,108.4042","18.0226,18.0254",1.06,low,61.25,True,
S1A_IW_GRDH_1SD_20230706_E523,S1A_IW_GRDH_1SDV_20230706T105719_20230706T105744_049302_05EDAA_E4CD,2023-07-06T10:57:19Z,107.75786,18.02263,1,0.36,91.1,,0.97,7.99,in_window,"107.7576,107.7582","18.0215,18.0238",2.45,low,111.22,True,
S1A_IW_GRDH_1SD_20230706_E526,S1A_IW_GRDH_1SDV_20230706T105719_20230706T105744_049302_05EDAA_E4CD,2023-07-06T10:57:19Z,108.97089,18.02559,2,0.63,93.8,121.0,0.993,5.65,in_window,"108.9700,108.9715","18.0228,18.0281",2.46,medium,35.26,True,
S1A_IW_GRDH_1SD_20230706_E529,S1A_IW_GRDH_1SDV_20230706T105719_20230706T105744_049302_05EDAA_E4CD,2023-07-06T10:57:19Z,107.05651,18.02393,1,0.3,176.2,,0.97,8.07,in_window,"107.0559,107.0574","18.0234,18.0245",0.5,low,56.23,True,
S1A_IW_GRDH_1SD_20230706_E532,S1A_IW_GRDH_1SDV_20230706T105719_20230706T105744_049302_05EDAA_E4CD,2023-07-06T10:57:19Z,108.61281,18.09041,7,3.33,76.5,609.0,0.965,6.76,in_window,"108.6072,108.6246","18.0394,18.1331",33.14,high,46.4,True,
S1A_IW_GRDH_1SD_20230706_E536,S1A_IW_GRDH_1SDV_20230706T105719_20230706T105744_049302_05EDAA_E4CD,2023-07-06T10:57:19Z,107.9416,18.09259,1,0.46,90.3,,0.967,8.2,in_window,"107.9414,107.9416","18.0910,18.0942",11.64,low,90.72,True,
S1A_IW_GRDH_1SD_20230706_E537,S1A_IW_GRDH_1SDV_20230706T105719_20230706T105744_049302_05EDAA_E4CD,2023-07-06T10:57:19Z,107.63627,18.09381,12,28.36,75.4,314.0,0.972,8.01,in_window,"107.6264,107.6519","18.0487,18.1246",37.81,high,117.36,True,
S1A_IW_GRDH_1SD_20230706_E540,S1A_IW_GRDH_1SDV_20230706T105719_20230706T105744_049302_05EDAA_E4CD,2023-07-06T10:57:19Z,107.97803,18.05802,2,0.71,87.8,269.0,0.962,8.19,in_window,"107.9768,107.9796","18.0528,18.0631",1.83,medium,89.57,True,
S1A_IW_GRDH_1SD_20230706_E542,S1A_IW_GRDH_1SDV_20230706T105719_20230706T105744_049302_05EDAA_E4CD,2023-07-06T10:57:19Z,108.23142,18.0979,25,106.32,92.5,350.0,0.979,7.72,in_window,"108.1829,108.2660","18.0551,18.2351",61.78,high,66.15,True,
S1A_IW_GRDH_1SD_20230706_E543,S1A_IW_GRDH_1SDV_20230706T105719_20230706T105744_049302_05EDAA_E4CD,2023-07-06T10:57:19Z,107.87301,18.05921,1,0.61,90.6,,0.982,8.12,in_window,"107.8716,107.8733","18.0573,18.0612",2.86,low,98.77,True,
S1A_IW_GRDH_1SD_20230706_E544,S1A_IW_GRDH_1SDV_20230706T105719_20230706T105744_049302_05EDAA_E4CD,2023-07-06T10:57:19Z,108.83671,18.05894,1,0.36,176.0,,0.991,6.04,in_window,"108.8356,108.8382","18.0585,18.0590",1.66,low,37.86,True,
S1A_IW_GRDH_1SD_20230706_E552,S1A_IW_GRDH_1SDV_20230706T105719_20230706T105744_049302_05EDAA_E4CD,2023-07-06T10:57:19Z,108.44253,18.07616,1,0.39,89.4,,0.702,7.24,in_window,"108.4424,108.4425","18.0745,18.0778",2.23,low,54.26,True,
S1A_IW_GRDH_1SD_20230706_E555,S1A_IW_GRDH_1SDV_20230706T105719_20230706T105744_049302_05EDAA_E4CD,2023-07-06T10:57:19Z,108.50547,18.08294,1,0.31,90.3,,0.976,7.11,in_window,"108.5054,108.5056","18.0817,18.0841",1.66,low,50.69,True,
S1A_IW_GRDH_1SD_20230706_E558,S1A_IW_GRDH_1SDV_20230706T105719_20230706T105744_049302_05EDAA_E4CD,2023-07-06T10:57:19Z,108.28726,18.09075,1,0.35,89.1,,0.975,7.59,in_window,"108.2872,108.2874","18.0896,18.0921",1.35,low,62.57,True,
S1A_IW_GRDH_1SD_20230706_E559,S1A_IW_GRDH_1SDV_20230706T105719_20230706T105744_049302_05EDAA_E4CD,2023-07-06T10:57:19Z,107.7251,18.09455,1,0.32,118.8,,0.971,8.07,in_window,"107.7242,107.7254","18.0941,18.0957",1.59,low,110.65,True,
S1A_IW_GRDH_1SD_20230706_E570,S1A_IW_GRDH_1SDV_20230706T105719_20230706T105744_049302_05EDAA_E4CD,2023-07-06T10:57:19Z,108.12021,18.11295,1,0.37,90.0,,0.691,8.0,in_window,"108.1202,108.1202","18.1113,18.1146",1.57,low,73.94,True,
S1A_IW_GRDH_1SD_20230706_E571,S1A_IW_GRDH_1SDV_20230706T105719_20230706T105744_049302_05EDAA_E4CD,2023-07-06T10:57:19Z,107.1293,18.12824,1,0.64,90.0,,0.923,8.04,in_window,"107.1293,107.1293","18.1254,18.1311",5.46,low,66.25,True,
S1A_IW_GRDH_1SD_20230706_E577,S1A_IW_GRDH_1SDV_20230706T105719_20230706T105744_049302_05EDAA_E4CD,2023-07-06T10:57:19Z,107.69433,18.12703,1,0.35,90.6,,0.981,8.08,in_window,"107.6943,107.6945","18.1256,18.1283",0.96,low,112.16,True,
S1A_IW_GRDH_1SD_20230706_E584,S1A_IW_GRDH_1SDV_20230706T105719_20230706T105744_049302_05EDAA_E4CD,2023-07-06T10:57:19Z,108.40428,18.1486,3,1.48,89.9,,0.969,7.41,in_window,"108.4041,108.4046","18.1371,18.1594",2.58,medium,49.76,True,
S1A_IW_GRDH_1SD_20230706_E588,S1A_IW_GRDH_1SDV_20230706T105719_20230706T105744_049302_05EDAA_E4CD,2023-07-06T10:57:19Z,107.94291,18.16277,1,0.3,89.5,,0.975,8.28,in_window,"107.9427,107.9429","18.1615,18.1639",4.21,low,86.85,True,
S1A_IW_GRDH_1SD_20230706_E589,S1A_IW_GRDH_1SDV_20230706T105719_20230706T105744_049302_05EDAA_E4CD,2023-07-06T10:57:19Z,107.6169,18.16851,12,27.66,124.7,492.0,0.978,8.07,in_window,"107.5658,107.6295","18.1556,18.2399",34.62,high,116.78,True,
S1A_IW_GRDH_1SD_20230706_E590,S1A_IW_GRDH_1SDV_20230706T105719_20230706T105744_049302_05EDAA_E4CD,2023-07-06T10:57:19Z,108.65236,18.15874,1,0.37,91.1,,0.986,6.57,in_window,"108.6523,108.6525","18.1573,18.1600",1.71,low,38.19,True,
S1A_IW_GRDH_1SD_20230706_E591,S1A_IW_GRDH_1SDV_20230706T105719_20230706T105744_049302_05EDAA_E4CD,2023-07-06T10:57:19Z,108.68485,18.1629,1,0.3,175.9,,0.983,6.4,in_window,"108.6837,108.6861","18.1626,18.1630",1.75,low,35.95,True,
S1A_IW_GRDH_1SD_20230706_E594,S1A_IW_GRDH_1SDV_20230706T105719_20230706T105744_049302_05EDAA_E4CD,2023-07-06T10:57:19Z,108.47334,18.16278,1,0.36,0.0,,0.991,7.29,in_window,"108.4717,108.4750","18.1628,18.1628",1.22,low,44.36,True,
S1A_IW_GRDH_1SD_20230706_E601,S1A_IW_GRDH_1SDV_20230706T105719_20230706T105744_049302_05EDAA_E4CD,2023-07-06T10:57:19Z,108.04872,18.19803,3,1.69,90.2,208.0,0.938,8.25,in_window,"108.0460,108.0499","18.1797,18.2364",9.29,high,75.22,True,
S1A_IW_GRDH_1SD_20230706_E602,S1A_IW_GRDH_1SDV_20230706T105719_20230706T105744_049302_05EDAA_E4CD,2023-07-06T10:57:19Z,108.12021,18.20517,3,1.78,81.4,420.0,0.982,8.09,in_window,"108.1198,108.1226","18.1882,18.2337",4.28,high,68.3,True,
S1A_IW_GRDH_1SD_20230706_E603,S1A_IW_GRDH_1SDV_20230706T105719_20230706T105744_049302_05EDAA_E4CD,2023-07-06T10:57:19Z,108.29684,18.19462,2,1.2,89.9,,0.986,7.69,in_window,"108.2968,108.2969","18.1874,18.2025",2.02,medium,53.89,True,
S1A_IW_GRDH_1SD_20230706_E606,S1A_IW_GRDH_1SDV_20230706T105719_20230706T105744_049302_05EDAA_E4CD,2023-07-06T10:57:19Z,107.65838,18.19735,1,0.38,169.7,,0.971,8.14,in_window,"107.6568,107.6593","18.1972,18.1981",1.42,low,112.84,True,
S1A_IW_GRDH_1SD_20230706_E607,S1A_IW_GRDH_1SDV_20230706T105719_20230706T105744_049302_05EDAA_E4CD,2023-07-06T10:57:19Z,108.40284,18.19786,2,0.68,97.0,106.0,0.994,7.47,in_window,"108.4017,108.4034","18.1951,18.2005",0.89,medium,45.67,True,
S1A_IW_GRDH_1SD_20230706_E613,S1A_IW_GRDH_1SDV_20230706T105719_20230706T105744_049302_05EDAA_E4CD,2023-07-06T10:57:19Z,108.01352,18.19872,1,0.34,98.9,,0.978,8.33,in_window,"108.0134,108.0141","18.1978,18.1994",0.74,low,78.47,True,
S1A_IW_GRDH_1SD_20230706_E614,S1A_IW_GRDH_1SDV_20230706T105719_20230706T105744_049302_05EDAA_E4CD,2023-07-06T10:57:19Z,108.51237,18.22444,2,0.91,89.6,,0.97,7.23,in_window,"108.5120,108.5128","18.2198,18.2287",2.1,medium,36.42,True,
S1A_IW_GRDH_1SD_20230706_E615,S1A_IW_GRDH_1SDV_20230706T105719_20230706T105744_049302_05EDAA_E4CD,2023-07-06T10:57:19Z,107.09626,18.22589,6,30.79,21.8,280.0,0.99,8.13,in_window,"107.0898,107.1041","18.2154,18.2351",8.47,high,67.14,False,blob_invalid
S1A_IW_GRDH_1SD_20230706_E616,S1A_IW_GRDH_1SDV_20230706T105719_20230706T105744_049302_05EDAA_E4CD,2023-07-06T10:57:19Z,107.94266,18.22831,1,0.52,89.9,,0.981,8.34,in_window,"107.9426,107.9428","18.2262,18.2305",1.44,low,83.87,True,
S1A_IW_GRDH_1SD_20230706_E002,S1A_IW_GRDH_1SDV_20230706T105744_20230706T105800_049302_05EDAA_55E0,2023-07-06T10:57:44Z,108.2933,18.27774,1,0.86,90.0,,0.963,7.8,in_window,"108.2933,108.2933","18.2739,18.2816",3.81,low,48.66,True,
S1A_IW_GRDH_1SD_20230706_E004,S1A_IW_GRDH_1SDV_20230706T105744_20230706T105800_049302_05EDAA_55E0,2023-07-06T10:57:44Z,108.36171,18.2758,1,0.59,90.0,,0.97,7.64,in_window,"108.3617,108.3617","18.2732,18.2785",2.96,low,42.94,True,
S1A_IW_GRDH_1SD_20230706_E006,S1A_IW_GRDH_1SDV_20230706T105744_20230706T105800_049302_05EDAA_55E0,2023-07-06T10:57:44Z,108.48107,18.35106,6,4.43,82.1,192.0,0.965,7.43,in_window,"108.4734,108.4897","18.2796,18.4104",27.57,high,28.0,True,
S1A_IW_GRDH_1SD_20230706_E007,S1A_IW_GRDH_1SDV_20230706T105744_20230706T105800_049302_05EDAA_55E0,2023-07-06T10:57:44Z,108.62154,18.27913,1,0.3,90.0,,0.968,6.63,in_window,"108.6215,108.6215","18.2778,18.2804",3.51,low,26.09,True,
S1A_IW_GRDH_1SD_20230706_E008,S1A_IW_GRDH_1SDV_20230706T105744_20230706T105800_049302_05EDAA_55E0,2023-07-06T10:57:44Z,108.67082,18.29549,2,0.65,90.0,2906.0,0.973,6.34,in_window,"108.6569,108.6846","18.2936,18.2973",3.67,medium,22.96,False,blob_invalid
S1A_IW_GRDH_1SD_20230706_E011,S1A_IW_GRDH_1SDV_20230706T105744_20230706T105800_049302_05EDAA_55E0,2023-07-06T10:57:44Z,107.87115,18.30846,3,1.06,89.3,134.0,0.989,8.39,in_window,"107.8695,107.8724","18.2888,18.3234",11.08,high,87.88,True,
S1A_IW_GRDH_1SD_20230706_E012,S1A_IW_GRDH_1SDV_20230706T105744_20230706T105800_049302_05EDAA_55E0,2023-07-06T10:57:44Z,107.33067,18.28745,1,0.39,90.0,,0.976,7.99,in_window,"107.3307,107.3307","18.2857,18.2892",2.48,low,92.21,True,
S1A_IW_GRDH_1SD_20230706_E014,S1A_IW_GRDH_1SDV_20230706T105744_20230706T105800_049302_05EDAA_55E0,2023-07-06T10:57:44Z,108.43335,18.29255,1,0.48,90.2,,0.978,7.5,in_window,"108.4332,108.4334","18.2909,18.2943",4.14,low,36.03,True,
S1A_IW_GRDH_1SD_20230706_E015,S1A_IW_GRDH_1SDV_20230706T105744_20230706T105800_049302_05EDAA_55E0,2023-07-06T10:57:44Z,107.82755,18.28934,1,0.32,0.0,,0.958,8.35,in_window,"107.8261,107.8290","18.2893,18.2893",1.42,low,92.86,True,
S1A_IW_GRDH_1SD_20230706_E018,S1A_IW_GRDH_1SDV_20230706T105744_20230706T105800_049302_05EDAA_55E0,2023-07-06T10:57:44Z,107.93815,18.35265,4,1.89,90.1,,0.96,8.45,in_window,"107.9375,107.9387","18.3173,18.3858",8.2,medium,79.83,True,
S1A_IW_GRDH_1SD_20230706_E019,S1A_IW_GRDH_1SDV_20230706T105744_20230706T105800_049302_05EDAA_55E0,2023-07-06T10:57:44Z,107.1867,18.32598,2,0.7,89.8,,0.976,8.02,in_window,"107.1865,107.1868","18.3223,18.3296",7.64,medium,80.79,True,
S1A_IW_GRDH_1SD_20230706_E020,S1A_IW_GRDH_1SDV_20230706T105744_20230706T105800_049302_05EDAA_55E0,2023-07-06T10:57:44Z,108.14799,18.32588,1,0.54,90.6,,0.991,8.17,in_window,"108.1477,108.1480","18.3238,18.3282",6.39,low,59.89,True,
S1A_IW_GRDH_1SD_20230706_E023,S1A_IW_GRDH_1SDV_20230706T105744_20230706T105800_049302_05EDAA_55E0,2023-07-06T10:57:44Z,107.89652,18.32598,1,0.41,91.3,,0.978,8.41,in_window,"107.8962,107.8966","18.3247,18.3274",1.45,low,84.8,True,
S1A_IW_GRDH_1SD_20230706_E024,S1A_IW_GRDH_1SDV_20230706T105744_20230706T105800_049302_05EDAA_55E0,2023-07-06T10:57:44Z,108.04799,18.32262,1,0.45,93.6,,0.981,8.36,in_window,"108.0479,108.0485","18.3213,18.3237",2.51,low,69.79,True,
S1A_IW_GRDH_1SD_20230706_E032,S1A_IW_GRDH_1SDV_20230706T105744_20230706T105800_049302_05EDAA_55E0,2023-07-06T10:57:44Z,107.15234,18.3246,1,0.32,0.0,,0.979,8.05,in_window,"107.1509,107.1538","18.3246,18.3246",3.79,low,77.65,True,
S1A_IW_GRDH_1SD_20230706_E033,S1A_IW_GRDH_1SDV_20230706T105744_20230706T105800_049302_05EDAA_55E0,2023-07-06T10:57:44Z,107.82043,18.32655,1,0.34,89.3,,0.947,8.39,in_window,"107.8204,107.8206","18.3252,18.3280",0.51,low,92.47,True,
S1A_IW_GRDH_1SD_20230706_E034,S1A_IW_GRDH_1SDV_20230706T105744_20230706T105800_049302_05EDAA_55E0,2023-07-06T10:57:44Z,108.22778,18.33256,1,0.59,90.0,,0.798,8.04,in_window,"108.2278,108.2278","18.3299,18.3352",2.11,low,51.91,True,
S1A_IW_GRDH_1SD_20230706_E035,S1A_IW_GRDH_1SDV_20230706T105744_20230706T105800_049302_05EDAA_55E0,2023-07-06T10:57:44Z,108.37112,18.34056,1,0.59,90.1,,0.964,7.7,in_window,"108.3711,108.3712","18.3379,18.3431",1.8,low,38.08,True,
S1A_IW_GRDH_1SD_20230706_E037,S1A_IW_GRDH_1SDV_20230706T105744_20230706T105800_049302_05EDAA_55E0,2023-07-06T10:57:44Z,108.19351,18.3527,1,0.41,88.7,,0.965,8.13,in_window,"108.1935,108.1937","18.3514,18.3543",3.21,low,54.36,True,
S1A_IW_GRDH_1SD_20230706_E039,S1A_IW_GRDH_1SDV_20230706T105744_20230706T105800_049302_05EDAA_55E0,2023-07-06T10:57:44Z,108.51953,18.37291,4,2.9,18.7,593.0,0.911,7.28,in_window,"108.5053,108.5401","18.3562,18.3936",16.33,high,23.38,True,
S1A_IW_GRDH_1SD_20230706_E040,S1A_IW_GRDH_1SDV_20230706T105744_20230706T105800_049302_05EDAA_55E0,2023-07-06T10:57:44Z,108.33345,18.36113,1,0.33,90.9,,0.98,7.83,in_window,"108.3333,108.3335","18.3599,18.3625",4.35,low,40.52,True,
S1A_IW_GRDH_1SD_20230706_E043,S1A_IW_GRDH_1SDV_20230706T105744_20230706T105800_049302_05EDAA_55E0,2023-07-06T10:57:44Z,107.14642,18.35666,1,0.32,90.0,,0.981,8.05,in_window,"107.1464,107.1464","18.3553,18.3581",5.39,low,78.77,True,
S1A_IW_GRDH_1SD_20230706_E047,S1A_IW_GRDH_1SDV_20230706T105744_20230706T105800_049302_05EDAA_55E0,2023-07-06T10:57:44Z,108.41815,18.37515,3,1.06,104.5,1342.0,0.819,7.62,in_window,"108.4044,108.4409","18.3596,18.3953",11.8,high,31.91,True,
S1A_IW_GRDH_1SD_20230706_E058,S1A_IW_GRDH_1SDV_20230706T105744_20230706T105800_049302_05EDAA_55E0,2023-07-06T10:57:44Z,108.0777,18.42898,1,0.41,2.5,,0.987,8.42,in_window,"108.0759,108.0791","18.4286,18.4290",4.01,low,63.75,True,
S1A_IW_GRDH_1SD_20230706_E063,S1A_IW_GRDH_1SDV_20230706T105744_20230706T105800_049302_05EDAA_55E0,2023-07-06T10:57:44Z,108.32789,18.39513,1,0.35,2.4,,0.99,7.89,in_window,"108.3266,108.3293","18.3948,18.3953",6.05,low,39.57,True,
S1A_IW_GRDH_1SD_20230706_E065,S1A_IW_GRDH_1SDV_20230706T105744_20230706T105800_049302_05EDAA_55E0,2023-07-06T10:57:44Z,108.29143,18.42806,2,0.72,0.6,,0.983,8.04,in_window,"108.2881,108.2945","18.4278,18.4281",4.6,medium,41.98,True,
S1A_IW_GRDH_1SD_20230706_E066,S1A_IW_GRDH_1SDV_20230706T105744_20230706T105800_049302_05EDAA_55E0,2023-07-06T10:57:44Z,108.56995,18.49089,12,5.71,90.2,1230.0,0.92,6.99,in_window,"108.5483,108.5815","18.4431,18.5715",36.9,high,12.13,True,
S1A_IW_GRDH_1SD_20230706_E067,S1A_IW_GRDH_1SDV_20230706T105744_20230706T105800_049302_05EDAA_55E0,2023-07-06T10:57:44Z,107.75826,18.41458,1,1.21,90.0,,0.882,8.46,in_window,"107.7583,107.7583","18.4091,18.4200",3.09,low,97.01,True,
S1A_IW_GRDH_1SD_20230706_E070,S1A_IW_GRDH_1SDV_20230706T105744_20230706T105800_049302_05EDAA_55E0,2023-07-06T10:57:44Z,106.93636,18.42431,1,0.3,90.2,,0.966,8.15,in_window,"106.9364,106.9365","18.4231,18.4255",1.32,low,62.12,True,
S1A_IW_GRDH_1SD_20230706_E073,S1A_IW_GRDH_1SDV_20230706T105744_20230706T105800_049302_05EDAA_55E0,2023-07-06T10:57:44Z,106.9718,18.42445,1,0.42,65.7,,0.966,8.12,in_window,"106.9714,106.9729","18.4237,18.4258",0.48,low,65.29,True,
S1A_IW_GRDH_1SD_20230706_E076,S1A_IW_GRDH_1SDV_20230706T105744_20230706T105800_049302_05EDAA_55E0,2023-07-06T10:57:44Z,107.93833,18.42492,1,0.42,90.0,,0.977,8.51,in_window,"107.9383,107.9385","18.4234,18.4265",2.63,low,78.21,True,
S1A_IW_GRDH_1SD_20230706_E077,S1A_IW_GRDH_1SDV_20230706T105744_20230706T105800_049302_05EDAA_55E0,2023-07-06T10:57:44Z,107.37068,18.43747,2,0.96,40.8,1834.0,0.983,8.04,in_window,"107.3638,107.3766","18.4282,18.4589",6.13,medium,103.64,True,
S1A_IW_GRDH_1SD_20230706_E078,S1A_IW_GRDH_1SDV_20230706T105744_20230706T105800_049302_05EDAA_55E0,2023-07-06T10:57:44Z,107.33093,18.43657,1,0.39,90.0,,0.976,8.02,in_window,"107.3308,107.3309","18.4351,18.4380",3.07,low,99.93,True,
S1A_IW_GRDH_1SD_20230706_E079,S1A_IW_GRDH_1SDV_20230706T105744_20230706T105800_049302_05EDAA_55E0,2023-07-06T10:57:44Z,107.87116,18.43117,1,0.53,0.0,,0.972,8.5,in_window,"107.8687,107.8736","18.4312,18.4312",8.36,low,85.06,True,
S1A_IW_GRDH_1SD_20230706_E080,S1A_IW_GRDH_1SDV_20230706T105744_20230706T105800_049302_05EDAA_55E0,2023-07-06T10:57:44Z,107.79038,18.4278,1,0.31,81.2,,0.987,8.48,in_window,"107.7899,107.7911","18.4270,18.4285",1.6,low,93.49,True,
S1A_IW_GRDH_1SD_20230706_E081,S1A_IW_GRDH_1SDV_20230706T105744_20230706T105800_049302_05EDAA_55E0,2023-07-06T10:57:44Z,108.04136,18.43122,1,0.33,92.3,,0.984,8.47,in_window,"108.0410,108.0415","18.4302,18.4326",1.66,low,67.45,True,
S1A_IW_GRDH_1SD_20230706_E085,S1A_IW_GRDH_1SDV_20230706T105744_20230706T105800_049302_05EDAA_55E0,2023-07-06T10:57:44Z,108.36068,18.44831,1,0.43,90.0,,0.583,7.87,in_window,"108.3607,108.3607","18.4464,18.4502",0.92,low,34.4,True,
S1A_IW_GRDH_1SD_20230706_E100,S1A_IW_GRDH_1SDV_20230706T105744_20230706T105800_049302_05EDAA_55E0,2023-07-06T10:57:44Z,106.79228,18.4798,1,0.32,90.2,,0.738,8.23,in_window,"106.7923,106.7925","18.4785,18.4811",1.7,low,54.31,True,
S1A_IW_GRDH_1SD_20230706_E101,S1A_IW_GRDH_1SDV_20230706T105744_20230706T105800_049302_05EDAA_55E0,2023-07-06T10:57:44Z,108.61259,18.49976,1,0.39,90.3,,0.978,6.64,in_window,"108.6124,108.6126","18.4982,18.5014",3.78,low,7.64,False,nearshore
S1A_IW_GRDH_1SD_20230706_E106,S1A_IW_GRDH_1SDV_20230706T105744_20230706T105800_049302_05EDAA_55E0,2023-07-06T10:57:44Z,107.8004,18.49741,1,0.53,172.5,,0.99,8.56,in_window,"107.7990,107.8027","18.4966,18.4976",3.28,low,91.61,True,
S1A_IW_GRDH_1SD_20230706_E109,S1A_IW_GRDH_1SDV_20230706T105744_20230706T105800_049302_05EDAA_55E0,2023-07-06T10:57:44Z,107.07869,18.49866,1,0.38,162.3,,0.978,8.02,in_window,"107.0773,107.0794","18.4984,18.4995",1.55,low,79.1,True,
S1A_IW_GRDH_1SD_20230706_E110,S1A_IW_GRDH_1SDV_20230706T105744_20230706T105800_049302_05EDAA_55E0,2023-07-06T10:57:44Z,107.18587,18.49631,1,0.41,90.8,,0.991,8.01,in_window,"107.1858,107.1861","18.4948,18.4977",0.91,low,88.72,True,
S1A_IW_GRDH_1SD_20230706_E113,S1A_IW_GRDH_1SDV_20230706T105744_20230706T105800_049302_05EDAA_55E0,2023-07-06T10:57:44Z,108.30046,18.50341,1,0.35,89.9,,0.972,8.14,in_window,"108.3003,108.3005","18.5020,18.5047",1.26,low,39.49,True,
S1A_IW_GRDH_1SD_20230706_E116,S1A_IW_GRDH_1SDV_20230706T105744_20230706T105800_049302_05EDAA_55E0,2023-07-06T10:57:44Z,108.33363,18.52853,1,0.4,90.0,,0.943,8.02,in_window,"108.3335,108.3337","18.5271,18.5299",5.66,low,35.73,True,
S1A_IW_GRDH_1SD_20230706_E117,S1A_IW_GRDH_1SDV_20230706T105744_20230706T105800_049302_05EDAA_55E0,2023-07-06T10:57:44Z,108.04084,18.52573,1,0.46,90.2,,0.984,8.55,in_window,"108.0408,108.0410","18.5238,18.5276",4.72,low,66.32,True,
S1A_IW_GRDH_1SD_20230706_E119,S1A_IW_GRDH_1SDV_20230706T105744_20230706T105800_049302_05EDAA_55E0,2023-07-06T10:57:44Z,108.44244,18.56019,1,0.37,89.5,,0.992,7.63,in_window,"108.4424,108.4426","18.5589,18.5616",5.82,low,24.24,True,
S1A_IW_GRDH_1SD_20230706_E126,S1A_IW_GRDH_1SDV_20230706T105744_20230706T105800_049302_05EDAA_55E0,2023-07-06T10:57:44Z,107.93971,18.53128,1,0.3,52.6,,0.954,8.59,in_window,"107.9389,107.9401","18.5305,18.5316",0.32,low,76.86,True,
S1A_IW_GRDH_1SD_20230706_E134,S1A_IW_GRDH_1SDV_20230706T105744_20230706T105800_049302_05EDAA_55E0,2023-07-06T10:57:44Z,108.05806,18.57976,5,1.96,90.1,916.0,0.819,8.57,in_window,"108.0458,108.0651","18.5596,18.6013",4.72,high,64.5,True,
S1A_IW_GRDH_1SD_20230706_E137,S1A_IW_GRDH_1SDV_20230706T105744_20230706T105800_049302_05EDAA_55E0,2023-07-06T10:57:44Z,107.14516,18.56635,1,0.32,0.0,,0.968,8.02,in_window,"107.1437,107.1466","18.5664,18.5664",2.63,low,88.99,True,
S1A_IW_GRDH_1SD_20230706_E140,S1A_IW_GRDH_1SDV_20230706T105744_20230706T105800_049302_05EDAA_55E0,2023-07-06T10:57:44Z,107.65296,18.57866,3,1.31,92.8,,0.963,8.41,in_window,"107.6518,107.6537","18.5622,18.5939",6.94,medium,105.83,True,
S1A_IW_GRDH_1SD_20230706_E141,S1A_IW_GRDH_1SDV_20230706T105744_20230706T105800_049302_05EDAA_55E0,2023-07-06T10:57:44Z,107.616,18.56977,1,0.33,91.4,,0.987,8.34,in_window,"107.6159,107.6160","18.5688,18.5709",1.42,low,109.82,True,
S1A_IW_GRDH_1SD_20230706_E143,S1A_IW_GRDH_1SDV_20230706T105744_20230706T105800_049302_05EDAA_55E0,2023-07-06T10:57:44Z,108.29728,18.56846,1,0.48,89.8,,0.975,8.15,in_window,"108.2971,108.2973","18.5666,18.5702",1.61,low,39.44,True,
S1A_IW_GRDH_1SD_20230706_E145,S1A_IW_GRDH_1SDV_20230706T105744_20230706T105800_049302_05EDAA_55E0,2023-07-06T10:57:44Z,108.15361,18.56606,1,0.43,170.6,,0.99,8.44,in_window,"108.1520,108.1548","18.5658,18.5669",0.56,low,54.46,True,
S1A_IW_GRDH_1SD_20230706_E149,S1A_IW_GRDH_1SDV_20230706T105744_20230706T105800_049302_05EDAA_55E0,2023-07-06T10:57:44Z,107.86341,18.58153,3,1.33,98.6,210.0,0.969,8.61,in_window,"107.8607,107.8691","18.5681,18.6002",8.49,high,84.73,True,
S1A_IW_GRDH_1SD_20230706_E150,S1A_IW_GRDH_1SDV_20230706T105744_20230706T105800_049302_05EDAA_55E0,2023-07-06T10:57:44Z,107.73505,18.60585,2,2.29,44.4,2593.0,0.976,8.56,in_window,"107.7121,107.7588","18.5995,18.6079",13.27,medium,96.75,False,blob_invalid
S1A_IW_GRDH_1SD_20230706_E151,S1A_IW_GRDH_1SDV_20230706T105744_20230706T105800_049302_05EDAA_55E0,2023-07-06T10:57:44Z,107.07913,18.58767,1,0.5,90.0,,0.891,8.02,in_window,"107.0791,107.0791","18.5854,18.5899",1.62,low,84.71,True,
S1A_IW_GRDH_1SD_20230706_E152,S1A_IW_GRDH_1SDV_20230706T105744_20230706T105800_049302_05EDAA_55E0,2023-07-06T10:57:44Z,107.79648,18.59919,1,0.62,90.6,,0.975,8.61,in_window,"107.7965,107.7967","18.5966,18.6014",3.0,low,90.78,True,
S1A_IW_GRDH_1SD_20230706_E153,S1A_IW_GRDH_1SDV_20230706T105744_20230706T105800_049302_05EDAA_55E0,2023-07-06T10:57:44Z,108.57643,18.60008,1,0.35,0.0,,0.973,6.73,in_window,"108.5748,108.5780","18.6001,18.6001",18.29,low,11.21,False,nearshore
S1A_IW_GRDH_1SD_20230706_E154,S1A_IW_GRDH_1SDV_20230706T105744_20230706T105800_049302_05EDAA_55E0,2023-07-06T10:57:44Z,107.97306,18.61325,2,1.36,90.0,483.0,0.976,8.66,in_window,"107.9695,107.9743","18.6002,18.6381",5.98,medium,72.75,True,
S1A_IW_GRDH_1SD_20230706_E155,S1A_IW_GRDH_1SDV_20230706T105744_20230706T105800_049302_05EDAA_55E0,2023-07-06T10:57:44Z,107.83087,18.60133,1,2.14,158.9,,0.989,8.62,in_window,"107.8282,107.8354","18.5986,18.6051",2.34,low,87.27,True,
S1A_IW_GRDH_1SD_20230706_E156,S1A_IW_GRDH_1SDV_20230706T105744_20230706T105800_049302_05EDAA_55E0,2023-07-06T10:57:44Z,107.2229,18.63197,13,29.25,90.7,151.0,0.989,8.02,in_window,"107.2167,107.2291","18.6075,18.6775",17.78,high,99.78,True,
S1A_IW_GRDH_1SD_20230706_E159,S1A_IW_GRDH_1SDV_20230706T105744_20230706T105800_049302_05EDAA_55E0,2023-07-06T10:57:44Z,108.21992,18.60203,1,0.73,91.7,,0.983,8.38,in_window,"108.2189,108.2211","18.5995,18.6035",1.44,low,47.79,True,
S1A_IW_GRDH_1SD_20230706_E161,S1A_IW_GRDH_1SDV_20230706T105744_20230706T105800_049302_05EDAA_55E0,2023-07-06T10:57:44Z,106.90234,18.60323,1,0.33,90.0,,0.973,8.12,in_window,"106.9023,106.9023","18.6018,18.6047",1.08,low,72.15,True,
S1A_IW_GRDH_1SD_20230706_E164,S1A_IW_GRDH_1SDV_20230706T105744_20230706T105800_049302_05EDAA_55E0,2023-07-06T10:57:44Z,108.40271,18.62095,1,0.84,90.0,,0.883,7.76,in_window,"108.4027,108.4027","18.6172,18.6247",3.75,low,29.31,True,
S1A_IW_GRDH_1SD_20230706_E166,S1A_IW_GRDH_1SDV_20230706T105744_20230706T105800_049302_05EDAA_55E0,2023-07-06T10:57:44Z,107.50998,18.62801,1,0.32,90.0,,0.954,8.15,in_window,"107.5100,107.5100","18.6266,18.6294",1.03,low,119.06,True,
S1A_IW_GRDH_1SD_20230706_E167,S1A_IW_GRDH_1SDV_20230706T105744_20230706T105800_049302_05EDAA_55E0,2023-07-06T10:57:44Z,106.78203,18.67487,4,2.44,89.9,507.0,0.989,8.25,in_window,"106.7801,106.7854","18.6448,18.6964",24.14,high,70.96,True,
S1A_IW_GRDH_1SD_20230706_E171,S1A_IW_GRDH_1SDV_20230706T105744_20230706T105800_049302_05EDAA_55E0,2023-07-06T10:57:44Z,107.86807,18.68873,5,2.18,90.2,1823.0,0.81,8.68,in_window,"107.8644,107.8828","18.6665,18.7116",22.06,medium,81.03,True,
S1A_IW_GRDH_1SD_20230706_E173,S1A_IW_GRDH_1SDV_20230706T105744_20230706T105800_049302_05EDAA_55E0,2023-07-06T10:57:44Z,107.47394,18.63393,1,0.41,89.5,,0.99,8.12,in_window,"107.4739,107.4741","18.6326,18.6354",1.75,low,122.48,True,
S1A_IW_GRDH_1SD_20230706_E174,S1A_IW_GRDH_1SDV_20230706T105744_20230706T105800_049302_05EDAA_55E0,2023-07-06T10:57:44Z,108.25602,18.65935,1,1.18,90.0,,0.967,8.37,in_window,"108.2560,108.2560","18.6540,18.6647",6.74,low,43.48,True,
S1A_IW_GRDH_1SD_20230706_E179,S1A_IW_GRDH_1SDV_20230706T105744_20230706T105800_049302_05EDAA_55E0,2023-07-06T10:57:44Z,108.11677,18.63748,1,0.35,90.2,,0.954,8.54,in_window,"108.1166,108.1168","18.6361,18.6388",0.65,low,57.75,True,
S1A_IW_GRDH_1SD_20230706_E182,S1A_IW_GRDH_1SDV_20230706T105744_20230706T105800_049302_05EDAA_55E0,2023-07-06T10:57:44Z,108.18985,18.66057,1,0.42,90.0,,0.973,8.46,in_window,"108.1899,108.1899","18.6587,18.6624",3.38,low,49.71,True,
S1A_IW_GRDH_1SD_20230706_E184,S1A_IW_GRDH_1SDV_20230706T105744_20230706T105800_049302_05EDAA_55E0,2023-07-06T10:57:44Z,108.58122,18.66149,1,0.31,91.3,,0.981,6.62,in_window,"108.5812,108.5814","18.6604,18.6624",2.32,low,11.91,False,nearshore
S1A_IW_GRDH_1SD_20230706_E185,S1A_IW_GRDH_1SDV_20230706T105744_20230706T105800_049302_05EDAA_55E0,2023-07-06T10:57:44Z,108.08469,18.69943,4,1.86,90.6,317.0,0.983,8.63,in_window,"108.0817,108.0858","18.6719,18.7127",5.63,high,58.75,True,
S1A_IW_GRDH_1SD_20230706_E187,S1A_IW_GRDH_1SDV_20230706T105744_20230706T105800_049302_05EDAA_55E0,2023-07-06T10:57:44Z,108.39477,18.70601,10,6.76,90.0,766.0,0.939,7.78,in_window,"108.3676,108.4027","18.6694,18.7680",32.64,high,28.26,True,
S1A_IW_GRDH_1SD_20230706_E189,S1A_IW_GRDH_1SDV_20230706T105744_20230706T105800_049302_05EDAA_55E0,2023-07-06T10:57:44Z,108.55143,18.67411,1,0.35,89.9,,0.963,6.89,in_window,"108.5513,108.5515","18.6728,18.6754",18.29,low,15.12,False,nearshore
S1A_IW_GRDH_1SD_20230706_E190,S1A_IW_GRDH_1SDV_20230706T105744_20230706T105800_049302_05EDAA_55E0,2023-07-06T10:57:44Z,107.36553,18.67054,1,0.3,98.6,,0.962,8.08,in_window,"107.3650,107.3656","18.6698,18.6718",0.82,low,114.62,True,
S1A_IW_GRDH_1SD_20230706_E195,S1A_IW_GRDH_1SDV_20230706T105744_20230706T105800_049302_05EDAA_55E0,2023-07-06T10:57:44Z,107.94197,18.67338,1,0.4,89.0,,0.989,8.69,in_window,"107.9418,107.9421","18.6720,18.6746",0.83,low,73.92,True,
S1A_IW_GRDH_1SD_20230706_E198,S1A_IW_GRDH_1SDV_20230706T105744_20230706T105800_049302_05EDAA_55E0,2023-07-06T10:57:44Z,108.36938,18.6983,1,0.31,88.6,,0.972,7.89,in_window,"108.3693,108.3695","18.6973,18.6995",3.29,low,30.99,True,
S1A_IW_GRDH_1SD_20230706_E200,S1A_IW_GRDH_1SDV_20230706T105744_20230706T105800_049302_05EDAA_55E0,2023-07-06T10:57:44Z,107.08433,18.70143,2,0.59,88.2,,0.978,8.03,in_window,"107.0842,107.0849","18.6990,18.7039",0.47,medium,93.27,True,
S1A_IW_GRDH_1SD_20230706_E202,S1A_IW_GRDH_1SDV_20230706T105744_20230706T105800_049302_05EDAA_55E0,2023-07-06T10:57:44Z,108.25922,18.70315,1,0.45,84.6,,0.979,8.4,in_window,"108.2585,108.2595","18.7014,18.7044",1.67,low,41.22,True,
S1A_IW_GRDH_1SD_20230706_E209,S1A_IW_GRDH_1SDV_20230706T105744_20230706T105800_049302_05EDAA_55E0,2023-07-06T10:57:44Z,108.32368,18.73661,1,0.33,90.0,,0.97,8.12,in_window,"108.3237,108.3237","18.7352,18.7380",3.23,low,33.62,True,
S1A_IW_GRDH_1SD_20230706_E212,S1A_IW_GRDH_1SDV_20230706T105744_20230706T105800_049302_05EDAA_55E0,2023-07-06T10:57:44Z,108.14824,18.74904,4,2.03,90.1,,0.977,8.58,in_window,"108.1479,108.1487","18.7345,18.7704",6.71,medium,50.97,True,
S1A_IW_GRDH_1SD_20230706_E216,S1A_IW_GRDH_1SDV_20230706T105744_20230706T105800_049302_05EDAA_55E0,2023-07-06T10:57:44Z,107.93766,18.73848,1,0.32,68.8,,0.98,8.74,in_window,"107.9373,107.9385","18.7380,18.7396",0.67,low,72.82,True,
S1A_IW_GRDH_1SD_20230706_E222,S1A_IW_GRDH_1SDV_20230706T105744_20230706T105800_049302_05EDAA_55E0,2023-07-06T10:57:44Z,107.6994,18.75433,1,0.32,0.0,,0.603,8.58,in_window,"107.6980,107.7008","18.7543,18.7543",5.55,low,97.27,True,
S1A_IW_GRDH_1SD_20230706_E223,S1A_IW_GRDH_1SDV_20230706T105744_20230706T105800_049302_05EDAA_55E0,2023-07-06T10:57:44Z,108.58121,18.76677,1,0.5,89.2,,0.99,6.49,in_window,"108.5812,108.5814","18.7650,18.7688",1.73,low,8.69,False,nearshore
S1A_IW_GRDH_1SD_20230706_E224,S1A_IW_GRDH_1SDV_20230706T105744_20230706T105800_049302_05EDAA_55E0,2023-07-06T10:57:44Z,108.08045,18.76721,1,0.46,90.3,,0.982,8.68,in_window,"108.0804,108.0806","18.7653,18.7690",1.77,low,57.56,True,
S1A_IW_GRDH_1SD_20230706_E226,S1A_IW_GRDH_1SDV_20230706T105744_20230706T105800_049302_05EDAA_55E0,2023-07-06T10:57:44Z,107.08191,18.77345,2,0.89,90.0,,0.979,8.05,in_window,"107.0816,107.0822","18.7695,18.7779",2.05,medium,98.72,True,
S1A_IW_GRDH_1SD_20230706_E235,S1A_IW_GRDH_1SDV_20230706T105744_20230706T105800_049302_05EDAA_55E0,2023-07-06T10:57:44Z,108.50416,18.80897,2,0.69,90.0,,0.95,7.28,in_window,"108.5041,108.5042","18.8059,18.8121",3.85,medium,13.23,False,nearshore
S1A_IW_GRDH_1SD_20230706_E238,S1A_IW_GRDH_1SDV_20230706T105744_20230706T105800_049302_05EDAA_55E0,2023-07-06T10:57:44Z,107.57906,18.7982,1,0.34,90.3,,0.994,8.32,in_window,"107.5790,107.5792","18.7970,18.7994",1.75,low,109.44,True,
S1A_IW_GRDH_1SD_20230706_E239,S1A_IW_GRDH_1SDV_20230706T105744_20230706T105800_049302_05EDAA_55E0,2023-07-06T10:57:44Z,108.62068,18.81007,1,0.34,89.7,,0.987,6.05,in_window,"108.6205,108.6207","18.8088,18.8113",4.93,low,2.38,False,nearshore
S1A_IW_GRDH_1SD_20230706_E240,S1A_IW_GRDH_1SDV_20230706T105744_20230706T105800_049302_05EDAA_55E0,2023-07-06T10:57:44Z,107.40223,18.80737,1,0.31,89.1,,0.967,8.12,in_window,"107.4021,107.4022","18.8060,18.8086",1.82,low,126.33,True,
S1A_IW_GRDH_1SD_20230706_E242,S1A_IW_GRDH_1SDV_20230706T105744_20230706T105800_049302_05EDAA_55E0,2023-07-06T10:57:44Z,108.58377,18.80943,1,0.32,89.9,,0.979,6.42,in_window,"108.5836,108.5838","18.8083,18.8105",2.74,low,5.43,False,nearshore
S1A_IW_GRDH_1SD_20230706_E243,S1A_IW_GRDH_1SDV_20230706T105744_20230706T105800_049302_05EDAA_55E0,2023-07-06T10:57:44Z,107.68735,18.80354,1,0.34,89.7,,0.971,8.54,in_window,"107.6873,107.6875","18.8023,18.8049",2.11,low,98.1,True,
S1A_IW_GRDH_1SD_20230706_E244,S1A_IW_GRDH_1SDV_20230706T105744_20230706T105800_049302_05EDAA_55E0,2023-07-06T10:57:44Z,107.54314,18.81103,1,0.45,89.5,,0.994,8.25,in_window,"107.5430,107.5432","18.8092,18.8127",1.63,low,113.13,True,
S1A_IW_GRDH_1SD_20230706_E245,S1A_IW_GRDH_1SDV_20230706T105744_20230706T105800_049302_05EDAA_55E0,2023-07-06T10:57:44Z,107.26708,18.81972,3,2.48,90.2,949.0,0.952,8.06,in_window,"107.2644,107.2767","18.8085,18.8321",15.18,high,116.21,True,
S1A_IW_GRDH_1SD_20230706_E247,S1A_IW_GRDH_1SDV_20230706T105744_20230706T105800_049302_05EDAA_55E0,2023-07-06T10:57:44Z,107.11465,18.80717,1,0.33,89.4,,0.97,8.06,in_window,"107.1146,107.1148","18.8060,18.8085",3.15,low,103.78,True,
S1A_IW_GRDH_1SD_20230706_E249,S1A_IW_GRDH_1SDV_20230706T105744_20230706T105800_049302_05EDAA_55E0,2023-07-06T10:57:44Z,107.97628,18.80979,1,0.3,42.4,,0.996,8.8,in_window,"107.9758,107.9773","18.8095,18.8106",1.49,low,67.88,True,
S1A_IW_GRDH_1SD_20230706_E254,S1A_IW_GRDH_1SDV_20230706T105744_20230706T105800_049302_05EDAA_55E0,2023-07-06T10:57:44Z,108.07666,18.84166,2,0.69,89.8,,0.962,8.71,in_window,"108.0765,108.0768","18.8386,18.8446",2.17,medium,57.25,True,
S1A_IW_GRDH_1SD_20230706_E256,S1A_IW_GRDH_1SDV_20230706T105744_20230706T105800_049302_05EDAA_55E0,2023-07-06T10:57:44Z,108.54425,18.84245,2,0.87,83.8,112.0,0.957,6.85,in_window,"108.5428,108.5447","18.8389,18.8460",1.19,medium,8.36,False,nearshore
S1A_IW_GRDH_1SD_20230706_E257,S1A_IW_GRDH_1SDV_20230706T105744_20230706T105800_049302_05EDAA_55E0,2023-07-06T10:57:44Z,107.58092,18.83858,1,0.42,89.5,,0.973,8.34,in_window,"107.5809,107.5811","18.8370,18.8403",1.5,low,109.11,True,
S1A_IW_GRDH_1SD_20230706_E258,S1A_IW_GRDH_1SDV_20230706T105744_20230706T105800_049302_05EDAA_55E0,2023-07-06T10:57:44Z,107.86063,18.83716,1,0.32,0.0,,0.98,8.74,in_window,"107.8592,107.8621","18.8372,18.8372",3.29,low,79.85,True,
S1A_IW_GRDH_1SD_20230706_E260,S1A_IW_GRDH_1SDV_20230706T105744_20230706T105800_049302_05EDAA_55E0,2023-07-06T10:57:44Z,108.58651,18.83942,1,0.42,89.1,,0.966,6.42,in_window,"108.5865,108.5867","18.8379,18.8412",1.28,low,4.05,False,nearshore
S1A_IW_GRDH_1SD_20230706_E262,S1A_IW_GRDH_1SDV_20230706T105744_20230706T105800_049302_05EDAA_55E0,2023-07-06T10:57:44Z,107.93445,18.84127,2,0.73,128.1,309.0,0.986,8.79,in_window,"107.9329,107.9349","18.8382,18.8441",1.97,medium,72.12,True,
S1A_IW_GRDH_1SD_20230706_E266,S1A_IW_GRDH_1SDV_20230706T105744_20230706T105800_049302_05EDAA_55E0,2023-07-06T10:57:44Z,108.33017,18.89172,3,2.85,176.4,2245.0,0.933,8.1,in_window,"108.3155,108.3625","18.8693,18.9115",17.98,medium,31.08,False,blob_invalid
S1A_IW_GRDH_1SD_20230706_E267,S1A_IW_GRDH_1SDV_20230706T105744_20230706T105800_049302_05EDAA_55E0,2023-07-06T10:57:44Z,106.79799,18.84192,1,0.35,116.2,,0.964,8.29,in_window,"106.7978,106.7989","18.8409,18.8425",0.51,low,88.05,True,
S1A_IW_GRDH_1SD_20230706_E268,S1A_IW_GRDH_1SDV_20230706T105744_20230706T105800_049302_05EDAA_55E0,2023-07-06T10:57:44Z,108.43546,18.85793,2,0.66,89.5,,0.829,7.59,in_window,"108.4351,108.4357","18.8525,18.8631",3.29,medium,19.73,False,nearshore
S1A_IW_GRDH_1SD_20230706_E273,S1A_IW_GRDH_1SDV_20230706T105744_20230706T105800_049302_05EDAA_55E0,2023-07-06T10:57:44Z,107.68938,18.87683,1,0.33,90.0,,0.886,8.56,in_window,"107.6894,107.6894","18.8754,18.8783",2.75,low,97.8,True,
S1A_IW_GRDH_1SD_20230706_E274,S1A_IW_GRDH_1SDV_20230706T105744_20230706T105800_049302_05EDAA_55E0,2023-07-06T10:57:44Z,108.25436,18.8692,1,0.4,89.8,,0.983,8.45,in_window,"108.2543,108.2545","18.8677,18.8707",2.29,low,38.72,True,
S1A_IW_GRDH_1SD_20230706_E277,S1A_IW_GRDH_1SDV_20230706T105744_20230706T105800_049302_05EDAA_55E0,2023-07-06T10:57:44Z,108.56354,18.87718,2,0.96,0.0,109.0,0.956,6.68,in_window,"108.5429,108.5820","18.8766,18.8776",3.48,medium,6.88,False,nearshore
S1A_IW_GRDH_1SD_20230706_E278,S1A_IW_GRDH_1SDV_20230706T105744_20230706T105800_049302_05EDAA_55E0,2023-07-06T10:57:44Z,108.18846,18.87871,3,8.67,64.8,250.0,0.99,8.56,in_window,"108.1845,108.1927","18.8727,18.8838",2.35,high,45.66,False,blob_invalid
S1A_IW_GRDH_1SD_20230706_E279,S1A_IW_GRDH_1SDV_20230706T105744_20230706T105800_049302_05EDAA_55E0,2023-07-06T10:57:44Z,107.94021,18.87535,1,0.49,90.6,,0.993,8.82,in_window,"107.9402,107.9404","18.8736,18.8769",3.89,low,71.57,True,
S1A_IW_GRDH_1SD_20230706_E286,S1A_IW_GRDH_1SDV_20230706T105744_20230706T105800_049302_05EDAA_55E0,2023-07-06T10:57:44Z,107.99117,18.90402,2,0.82,44.6,849.0,0.919,8.88,in_window,"107.9868,107.9939","18.8939,18.9115",3.78,medium,66.46,True,
S1A_IW_GRDH_1SD_20230706_E287,S1A_IW_GRDH_1SDV_20230706T105744_20230706T105800_049302_05EDAA_55E0,2023-07-06T10:57:44Z,108.22311,18.9503,1,0.36,89.6,,0.985,8.55,in_window,"108.2229,108.2231","18.9488,18.9517",7.64,low,43.38,True,
S1A_IW_GRDH_1SD_20230706_E288,S1A_IW_GRDH_1SDV_20230706T105744_20230706T105800_049302_05EDAA_55E0,2023-07-06T10:57:44Z,107.19178,18.90447,1,0.44,155.8,,0.976,8.08,in_window,"107.1901,107.1925","18.9040,18.9057",2.24,low,117.16,True,
S1A_IW_GRDH_1SD_20230706_E289,S1A_IW_GRDH_1SDV_20230706T105744_20230706T105800_049302_05EDAA_55E0,2023-07-06T10:57:44Z,107.68946,18.91932,1,0.58,89.8,,0.968,8.57,in_window,"107.6893,107.6895","18.9169,18.9216",7.99,low,98.05,True,
S1A_IW_GRDH_1SD_20230706_E290,S1A_IW_GRDH_1SDV_20230706T105744_20230706T105800_049302_05EDAA_55E0,2023-07-06T10:57:44Z,108.58193,18.91064,1,0.35,90.0,,0.732,6.5,in_window,"108.5819,108.5819","18.9091,18.9122",0.85,low,6.49,False,nearshore
S1A_IW_GRDH_1SD_20230706_E293,S1A_IW_GRDH_1SDV_20230706T105744_20230706T105800_049302_05EDAA_55E0,2023-07-06T10:57:44Z,107.15548,18.90753,1,0.35,91.4,,0.983,8.09,in_window,"107.1555,107.1556","18.9061,18.9087",2.03,low,114.88,True,
S1A_IW_GRDH_1SD_20230706_E294,S1A_IW_GRDH_1SDV_20230706T105744_20230706T105800_049302_05EDAA_55E0,2023-07-06T10:57:44Z,108.14957,18.91715,1,0.35,89.6,,0.987,8.64,in_window,"108.1494,108.1496","18.9159,18.9184",2.24,low,50.18,True,
S1A_IW_GRDH_1SD_20230706_E295,S1A_IW_GRDH_1SDV_20230706T105744_20230706T105800_049302_05EDAA_55E0,2023-07-06T10:57:44Z,107.3991,18.91053,1,0.56,150.4,,0.979,8.15,in_window,"107.3982,107.4012","18.9088,18.9110",1.11,low,128.3,True,
S1A_IW_GRDH_1SD_20230706_E303,S1A_IW_GRDH_1SDV_20230706T105744_20230706T105800_049302_05EDAA_55E0,2023-07-06T10:57:44Z,107.90018,18.94528,1,0.68,89.6,,0.989,8.82,in_window,"107.8998,107.9002","18.9423,18.9481",2.22,low,76.44,True,
S1A_IW_GRDH_1SD_20230706_E304,S1A_IW_GRDH_1SDV_20230706T105744_20230706T105800_049302_05EDAA_55E0,2023-07-06T10:57:44Z,107.72129,18.94142,1,0.37,89.0,,0.968,8.63,in_window,"107.7213,107.7214","18.9402,18.9428",0.75,low,94.97,True,
S1A_IW_GRDH_1SD_20230706_E306,S1A_IW_GRDH_1SDV_20230706T105744_20230706T105800_049302_05EDAA_55E0,2023-07-06T10:57:44Z,108.18784,18.94638,2,0.75,90.4,,0.977,8.6,in_window,"108.1873,108.1883","18.9418,18.9514",1.7,medium,46.86,True,
S1A_IW_GRDH_1SD_20230706_E317,S1A_IW_GRDH_1SDV_20230706T105744_20230706T105800_049302_05EDAA_55E0,2023-07-06T10:57:44Z,108.14483,18.97302,2,0.94,58.9,202.0,0.982,8.69,in_window,"108.1425,108.1453","18.9684,18.9758",3.98,medium,51.22,True,
S1A_IW_GRDH_1SD_20230706_E322,S1A_IW_GRDH_1SDV_20230706T105744_20230706T105800_049302_05EDAA_55E0,2023-07-06T10:57:44Z,108.32838,18.98821,3,0.97,75.3,822.0,0.993,8.16,in_window,"108.3259,108.3333","18.9757,19.0113",4.61,high,32.38,True,
S1A_IW_GRDH_1SD_20230706_E327,S1A_IW_GRDH_1SDV_20230706T105744_20230706T105800_049302_05EDAA_55E0,2023-07-06T10:57:44Z,108.00836,18.98306,1,0.52,86.9,,0.991,8.96,in_window,"108.0077,108.0086","18.9815,18.9843",3.09,low,64.82,True,
S1A_IW_GRDH_1SD_20230706_E330,S1A_IW_GRDH_1SDV_20230706T105744_20230706T105800_049302_05EDAA_55E0,2023-07-06T10:57:44Z,107.93324,19.02335,1,0.3,88.8,,0.99,8.89,in_window,"107.9331,107.9333","19.0223,19.0242",3.18,low,71.87,True,
S1A_IW_GRDH_1SD_20230706_E331,S1A_IW_GRDH_1SDV_20230706T105744_20230706T105800_049302_05EDAA_55E0,2023-07-06T10:57:44Z,108.04495,19.00113,1,0.3,89.4,,0.922,8.91,in_window,"108.0449,108.0451","19.0000,19.0023",4.22,low,60.68,True,
S1A_IW_GRDH_1SD_20230706_E334,S1A_IW_GRDH_1SDV_20230706T105744_20230706T105800_049302_05EDAA_55E0,2023-07-06T10:57:44Z,107.79298,19.01606,2,0.98,90.3,,0.988,8.74,in_window,"107.7928,107.7931","19.0079,19.0241",9.02,medium,86.53,True,
S1A_IW_GRDH_1SD_20230706_E335,S1A_IW_GRDH_1SDV_20230706T105744_20230706T105800_049302_05EDAA_55E0,2023-07-06T10:57:44Z,108.29033,19.01366,2,0.94,89.3,,0.989,8.33,in_window,"108.2899,108.2907","19.0077,19.0200",1.45,medium,35.35,True,
S1A_IW_GRDH_1SD_20230706_E336,S1A_IW_GRDH_1SDV_20230706T105744_20230706T105800_049302_05EDAA_55E0,2023-07-06T10:57:44Z,108.50501,19.01851,3,0.96,107.2,319.0,0.973,7.36,in_window,"108.5026,108.5093","19.0153,19.0240",3.25,high,13.74,True,
S1A_IW_GRDH_1SD_20230706_E337,S1A_IW_GRDH_1SDV_20230706T105744_20230706T105800_049302_05EDAA_55E0,2023-07-06T10:57:44Z,107.83031,19.01159,1,0.41,89.6,,0.98,8.78,in_window,"107.8303,107.8305","19.0100,19.0133",1.35,low,82.71,True,
S1A_IW_GRDH_1SD_20230706_E340,S1A_IW_GRDH_1SDV_20230706T105744_20230706T105800_049302_05EDAA_55E0,2023-07-06T10:57:44Z,107.46888,19.0277,1,0.42,90.0,,0.947,8.24,in_window,"107.4689,107.4689","19.0259,19.0295",3.01,low,120.2,True,
S1A_IW_GRDH_1SD_20230706_E342,S1A_IW_GRDH_1SDV_20230706T105744_20230706T105800_049302_05EDAA_55E0,2023-07-06T10:57:44Z,107.14979,19.01366,1,0.3,79.7,,0.977,8.14,in_window,"107.1492,107.1501","19.0125,19.0143",0.99,low,123.61,True,
S1A_IW_GRDH_1SD_20230706_E346,S1A_IW_GRDH_1SDV_20230706T105744_20230706T105800_049302_05EDAA_55E0,2023-07-06T10:57:44Z,107.96945,19.01442,1,0.34,90.4,,0.975,8.94,in_window,"107.9694,107.9696","19.0130,19.0158",1.76,low,68.24,True,
S1A_IW_GRDH_1SD_20230706_E353,S1A_IW_GRDH_1SDV_20230706T105744_20230706T105800_049302_05EDAA_55E0,2023-07-06T10:57:44Z,108.42275,19.03678,1,0.51,89.9,,0.604,7.74,in_window,"108.4227,108.4228","19.0345,19.0390",4.16,low,21.36,True,
S1A_IW_GRDH_1SD_20230706_E354,S1A_IW_GRDH_1SDV_20230706T105744_20230706T105800_049302_05EDAA_55E0,2023-07-06T10:57:44Z,107.72436,19.04877,3,1.41,90.0,265.0,0.954,8.64,in_window,"107.7222,107.7251","19.0338,19.0811",8.36,high,93.38,True,
S1A_IW_GRDH_1SD_20230706_E357,S1A_IW_GRDH_1SDV_20230706T105744_20230706T105800_049302_05EDAA_55E0,2023-07-06T10:57:44Z,108.15145,19.05145,1,0.33,89.4,,0.971,8.64,in_window,"108.1513,108.1515","19.0501,19.0527",2.04,low,48.83,True,
S1A_IW_GRDH_1SD_20230706_E359,S1A_IW_GRDH_1SDV_20230706T105744_20230706T105800_049302_05EDAA_55E0,2023-07-06T10:57:44Z,107.651,19.04905,1,0.48,89.5,,0.977,8.51,in_window,"107.6510,107.6512","19.0473,19.0510",1.22,low,101.03,True,
S1A_IW_GRDH_1SD_20230706_E362,S1A_IW_GRDH_1SDV_20230706T105744_20230706T105800_049302_05EDAA_55E0,2023-07-06T10:57:44Z,107.9727,19.05312,2,0.96,89.9,,0.997,8.89,in_window,"107.9724,107.9730","19.0492,19.0573",3.25,medium,67.43,True,
S1A_IW_GRDH_1SD_20230706_E363,S1A_IW_GRDH_1SDV_20230706T105744_20230706T105800_049302_05EDAA_55E0,2023-07-06T10:57:44Z,108.00459,19.08078,3,1.64,89.9,1319.0,0.983,8.88,in_window,"107.9996,108.0127","19.0492,19.1033",22.92,high,63.92,True,
S1A_IW_GRDH_1SD_20230706_E367,S1A_IW_GRDH_1SDV_20230706T105744_20230706T105800_049302_05EDAA_55E0,2023-07-06T10:57:44Z,108.36849,19.08776,1,0.38,91.0,,0.967,7.96,in_window,"108.3683,108.3685","19.0864,19.0894",4.1,low,25.86,True,
S1A_IW_GRDH_1SD_20230706_E368,S1A_IW_GRDH_1SDV_20230706T105744_20230706T105800_049302_05EDAA_55E0,2023-07-06T10:57:44Z,107.75756,19.07599,2,0.9,90.0,,0.951,8.68,in_window,"107.7572,107.7578","19.0697,19.0832",3.38,medium,89.76,True,
S1A_IW_GRDH_1SD_20230706_E370,S1A_IW_GRDH_1SDV_20230706T105744_20230706T105800_049302_05EDAA_55E0,2023-07-06T10:57:44Z,107.51009,19.08772,2,1.15,89.8,110.0,0.964,8.31,in_window,"107.5096,107.5106","19.0785,19.0981",2.86,medium,115.62,True,
S1A_IW_GRDH_1SD_20230706_E371,S1A_IW_GRDH_1SDV_20230706T105744_20230706T105800_049302_05EDAA_55E0,2023-07-06T10:57:44Z,107.39322,19.08155,1,0.33,90.3,,0.988,8.23,in_window,"107.3932,107.3934","19.0803,19.0828",2.51,low,120.74,True,
S1A_IW_GRDH_1SD_20230706_E381,S1A_IW_GRDH_1SDV_20230706T105744_20230706T105800_049302_05EDAA_55E0,2023-07-06T10:57:44Z,106.89444,19.08908,1,0.36,65.7,,0.965,8.34,in_window,"106.8940,106.8953","19.0884,19.0899",0.4,low,104.47,True,
S1A_IW_GRDH_1SD_20230706_E383,S1A_IW_GRDH_1SDV_20230706T105744_20230706T105800_049302_05EDAA_55E0,2023-07-06T10:57:44Z,108.27418,19.11538,3,1.28,90.0,,0.737,8.32,in_window,"108.2738,108.2745","19.1011,19.1337",8.23,medium,35.71,True,
S1A_IW_GRDH_1SD_20230706_E384,S1A_IW_GRDH_1SDV_20230706T105744_20230706T105800_049302_05EDAA_55E0,2023-07-06T10:57:44Z,108.33169,19.11078,3,1.28,90.0,,0.961,8.09,in_window,"108.3315,108.3318","19.1036,19.1178",5.8,medium,29.68,True,
S1A_IW_GRDH_1SD_20230706_E391,S1A_IW_GRDH_1SDV_20230706T105744_20230706T105800_049302_05EDAA_55E0,2023-07-06T10:57:44Z,108.05026,19.11522,1,0.4,89.3,,0.985,8.76,in_window,"108.0502,108.0504","19.1138,19.1168",1.24,low,59.12,True,
S1A_IW_GRDH_1SD_20230706_E393,S1A_IW_GRDH_1SDV_20230706T105744_20230706T105800_049302_05EDAA_55E0,2023-07-06T10:57:44Z,108.10858,19.16137,5,2.3,89.3,1621.0,0.97,8.6,in_window,"108.0845,108.1169","19.1231,19.1990",14.12,medium,53.41,True,
S1A_IW_GRDH_1SD_20230706_E394,S1A_IW_GRDH_1SDV_20230706T105744_20230706T105800_049302_05EDAA_55E0,2023-07-06T10:57:44Z,107.61783,19.11639,1,0.53,96.1,,0.986,8.48,in_window,"107.6177,107.6186","19.1144,19.1178",1.79,low,104.35,True,
S1A_IW_GRDH_1SD_20230706_E395,S1A_IW_GRDH_1SDV_20230706T105744_20230706T105800_049302_05EDAA_55E0,2023-07-06T10:57:44Z,107.79171,19.11563,1,0.31,79.4,,0.97,8.69,in_window,"107.7911,107.7920","19.1144,19.1162",0.95,low,86.16,True,
S1A_IW_GRDH_1SD_20230706_E396,S1A_IW_GRDH_1SDV_20230706T105744_20230706T105800_049302_05EDAA_55E0,2023-07-06T10:57:44Z,108.47773,19.12179,1,0.36,2.9,,0.974,7.59,in_window,"108.4762,108.4789","19.1214,19.1219",2.02,low,14.56,False,nearshore
S1A_IW_GRDH_1SD_20230706_E398,S1A_IW_GRDH_1SDV_20230706T105744_20230706T105800_049302_05EDAA_55E0,2023-07-06T10:57:44Z,107.2877,19.11939,1,0.37,0.0,,0.976,8.21,in_window,"107.2860,107.2894","19.1194,19.1194",1.93,low,120.55,True,
S1A_IW_GRDH_1SD_20230706_E403,S1A_IW_GRDH_1SDV_20230706T105744_20230706T105800_049302_05EDAA_55E0,2023-07-06T10:57:44Z,108.20884,19.14257,2,1.0,90.0,108.0,0.57,8.44,in_window,"108.2081,108.2091","19.1299,19.1505",2.17,medium,42.75,True,
S1A_IW_GRDH_1SD_20230706_E406,S1A_IW_GRDH_1SDV_20230706T105744_20230706T105800_049302_05EDAA_55E0,2023-07-06T10:57:44Z,108.65582,19.15923,1,0.95,89.7,,0.98,6.14,in_window,"108.6556,108.6558","19.1554,19.1627",6.75,low,0.83,False,nearshore
S1A_IW_GRDH_1SD_20230706_E408,S1A_IW_GRDH_1SDV_20230706T105744_20230706T105800_049302_05EDAA_55E0,2023-07-06T10:57:44Z,107.79287,19.18258,2,1.46,90.7,,0.972,8.66,in_window,"107.7928,107.7930","19.1736,19.1965",7.44,medium,86.49,True,
S1A_IW_GRDH_1SD_20230706_E410,S1A_IW_GRDH_1SDV_20230706T105744_20230706T105800_049302_05EDAA_55E0,2023-07-06T10:57:44Z,108.48933,19.18462,3,1.39,90.0,2101.0,0.976,7.64,in_window,"108.4788,108.4997","19.1732,19.1978",16.53,medium,14.36,False,nearshore
S1A_IW_GRDH_1SD_20230706_E411,S1A_IW_GRDH_1SDV_20230706T105744_20230706T105800_049302_05EDAA_55E0,2023-07-06T10:57:44Z,108.544,19.15533,1,0.32,90.0,,0.977,7.18,in_window,"108.5440,108.5440","19.1539,19.1567",4.88,low,9.53,False,nearshore
S1A_IW_GRDH_1SD_20230706_E413,S1A_IW_GRDH_1SDV_20230706T105744_20230706T105800_049302_05EDAA_55E0,2023-07-06T10:57:44Z,107.87379,19.15272,1,0.42,114.8,,0.98,8.72,in_window,"107.8735,107.8748","19.1514,19.1533",0.44,low,77.77,True,
S1A_IW_GRDH_1SD_20230706_E417,S1A_IW_GRDH_1SDV_20230706T105744_20230706T105800_049302_05EDAA_55E0,2023-07-06T10:57:44Z,107.62219,19.19778,1,0.32,90.0,,0.991,8.52,in_window,"107.6222,107.6222","19.1964,19.1992",4.71,low,103.14,True,
S1A_IW_GRDH_1SD_20230706_E424,S1A_IW_GRDH_1SDV_20230706T105744_20230706T105800_049302_05EDAA_55E0,2023-07-06T10:57:44Z,108.31822,19.18904,2,1.04,35.7,416.0,0.977,8.14,in_window,"108.3141,108.3214","19.1877,19.1923",4.21,medium,31.94,True,
S1A_IW_GRDH_1SD_20230708_E001,S1A_IW_GRDH_1SDV_20230708T104129_20230708T104158_049331_05EE9E_A6CD,2023-07-08T10:41:29Z,110.68738,19.0048,12,115.32,170.9,357.0,0.979,5.69,in_window,"110.6746,110.7042","18.9894,19.0268",24.69,high,14.15,False,blob_invalid
S1A_IW_GRDH_1SD_20230708_E003,S1A_IW_GRDH_1SDV_20230708T104129_20230708T104158_049331_05EE9E_A6CD,2023-07-08T10:41:29Z,111.15421,18.99618,1,0.33,89.1,,0.982,6.06,in_window,"111.1542,111.1544","18.9951,18.9974",6.1,low,61.45,True,
S1A_IW_GRDH_1SD_20230708_E004,S1A_IW_GRDH_1SDV_20230708T104129_20230708T104158_049331_05EE9E_A6CD,2023-07-08T10:41:29Z,110.92691,19.00285,1,0.31,90.7,,0.965,5.95,in_window,"110.9267,110.9269","19.0016,19.0042",0.92,low,38.26,True,
S1A_IW_GRDH_1SD_20230708_E005,S1A_IW_GRDH_1SDV_20230708T104129_20230708T104158_049331_05EE9E_A6CD,2023-07-08T10:41:29Z,110.56291,19.00245,1,0.37,90.7,,0.965,5.33,in_window,"110.5629,110.5631","19.0009,19.0038",4.62,low,3.76,False,nearshore
S1A_IW_GRDH_1SD_20230708_E007,S1A_IW_GRDH_1SDV_20230708T104129_20230708T104158_049331_05EE9E_A6CD,2023-07-08T10:41:29Z,111.3491,19.04092,2,0.86,90.0,,0.955,6.08,in_window,"111.3491,111.3491","19.0367,19.0451",1.44,medium,74.07,True,
S1A_IW_GRDH_1SD_20230708_E011,S1A_IW_GRDH_1SDV_20230708T104129_20230708T104158_049331_05EE9E_A6CD,2023-07-08T10:41:29Z,110.5724,19.10846,4,1.67,90.2,433.0,0.902,5.16,in_window,"110.5681,110.5765","19.0804,19.1382",10.17,high,0.08,False,nearshore
S1A_IW_GRDH_1SD_20230708_E012,S1A_IW_GRDH_1SDV_20230708T104129_20230708T104158_049331_05EE9E_A6CD,2023-07-08T10:41:29Z,112.0491,19.06822,1,0.88,90.0,,0.986,5.44,in_window,"112.0491,112.0492","19.0643,19.0722",7.29,low,123.65,True,
S1A_IW_GRDH_1SD_20230708_E013,S1A_IW_GRDH_1SDV_20230708T104129_20230708T104158_049331_05EE9E_A6CD,2023-07-08T10:41:29Z,112.32611,19.31281,883,3336.28,92.0,208.0,0.974,5.16,in_window,"111.6516,112.8879","19.0613,19.7743",3455.79,medium,139.92,False,blob_invalid
S1A_IW_GRDH_1SD_20230708_E014,S1A_IW_GRDH_1SDV_20230708T104129_20230708T104158_049331_05EE9E_A6CD,2023-07-08T10:41:29Z,111.89394,19.11148,23,58.03,82.9,527.0,0.977,5.68,in_window,"111.8337,111.9437","19.0574,19.2213",138.22,high,107.35,True,
S1A_IW_GRDH_1SD_20230708_E016,S1A_IW_GRDH_1SDV_20230708T104129_20230708T104158_049331_05EE9E_A6CD,2023-07-08T10:41:29Z,111.76902,19.07857,1,0.45,0.0,,0.822,5.83,in_window,"111.7670,111.7711","19.0786,19.0786",12.42,low,98.92,True,
S1A_IW_GRDH_1SD_20230708_E017,S1A_IW_GRDH_1SDV_20230708T104129_20230708T104158_049331_05EE9E_A6CD,2023-07-08T10:41:29Z,112.0163,19.07164,1,0.31,90.0,,0.961,5.48,in_window,"112.0163,112.0165","19.0706,19.0727",1.68,low,120.52,True,
S1A_IW_GRDH_1SD_20230708_E020,S1A_IW_GRDH_1SDV_20230708T104129_20230708T104158_049331_05EE9E_A6CD,2023-07-08T10:41:29Z,111.57521,19.08033,1,0.69,99.5,,0.984,6.0,in_window,"111.5738,111.5754","19.0788,19.0829",1.16,low,84.01,True,
S1A_IW_GRDH_1SD_20230708_E024,S1A_IW_GRDH_1SDV_20230708T104129_20230708T104158_049331_05EE9E_A6CD,2023-07-08T10:41:29Z,111.80188,19.10591,1,0.35,89.4,,0.979,5.81,in_window,"111.8019,111.8020","19.1047,19.1072",2.87,low,99.79,True,
S1A_IW_GRDH_1SD_20230708_E025,S1A_IW_GRDH_1SDV_20230708T104129_20230708T104158_049331_05EE9E_A6CD,2023-07-08T10:41:29Z,111.7268,19.13588,6,2.62,86.7,260.0,0.919,5.91,in_window,"111.7259,111.7319","19.1044,19.1495",7.93,high,91.52,True,
S1A_IW_GRDH_1SD_20230708_E026,S1A_IW_GRDH_1SDV_20230708T104129_20230708T104158_049331_05EE9E_A6CD,2023-07-08T10:41:29Z,110.9671,19.11002,2,0.64,73.9,,0.983,5.92,in_window,"110.9660,110.9674","19.1075,19.1116",1.67,medium,38.53,True,
S1A_IW_GRDH_1SD_20230708_E028,S1A_IW_GRDH_1SDV_20230708T104129_20230708T104158_049331_05EE9E_A6CD,2023-07-08T10:41:29Z,111.39578,19.11292,1,0.32,80.7,,0.979,6.06,in_window,"111.3955,111.3964","19.1123,19.1141",1.97,low,69.66,True,
S1A_IW_GRDH_1SD_20230708_E034,S1A_IW_GRDH_1SDV_20230708T104129_20230708T104158_049331_05EE9E_A6CD,2023-07-08T10:41:29Z,111.80195,19.14284,2,0.69,89.9,,0.97,5.83,in_window,"111.8018,111.8021","19.1393,19.1468",0.73,medium,97.42,True,
S1A_IW_GRDH_1SD_20230708_E035,S1A_IW_GRDH_1SDV_20230708T104129_20230708T104158_049331_05EE9E_A6CD,2023-07-08T10:41:29Z,111.76348,19.16848,2,1.08,89.9,,0.804,5.9,in_window,"111.7632,111.7639","19.1578,19.1849",17.49,medium,92.5,True,
S1A_IW_GRDH_1SD_20230708_E036,S1A_IW_GRDH_1SDV_20230708T104129_20230708T104158_049331_05EE9E_A6CD,2023-07-08T10:41:29Z,112.30239,19.14847,2,0.77,7.8,,0.987,5.12,in_window,"112.2995,112.3049","19.1478,19.1495",2.32,medium,143.41,True,
S1A_IW_GRDH_1SD_20230708_E039,S1A_IW_GRDH_1SDV_20230708T104129_20230708T104158_049331_05EE9E_A6CD,2023-07-08T10:41:29Z,110.90394,19.14847,1,0.31,0.0,,0.975,5.82,in_window,"110.9025,110.9053","19.1485,19.1485",4.09,low,30.9,True,
S1A_IW_GRDH_1SD_20230708_E044,S1A_IW_GRDH_1SDV_20230708T104129_20230708T104158_049331_05EE9E_A6CD,2023-07-08T10:41:29Z,111.79738,19.17632,1,0.93,89.9,,0.99,5.86,in_window,"111.7974,111.7975","19.1731,19.1796",2.17,low,94.97,True,
S1A_IW_GRDH_1SD_20230708_E045,S1A_IW_GRDH_1SDV_20230708T104129_20230708T104158_049331_05EE9E_A6CD,2023-07-08T10:41:29Z,110.68479,19.18218,1,0.35,146.7,,0.958,5.38,in_window,"110.6836,110.6852","19.1818,19.1832",0.32,low,8.26,False,nearshore
S1A_IW_GRDH_1SD_20230708_E046,S1A_IW_GRDH_1SDV_20230708T104129_20230708T104158_049331_05EE9E_A6CD,2023-07-08T10:41:29Z,111.69882,19.21468,1,0.53,179.9,,0.95,5.97,in_window,"111.6963,111.7012","19.2147,19.2148",6.16,low,84.03,True,
S1A_IW_GRDH_1SD_20230708_E050,S1A_IW_GRDH_1SDV_20230708T104129_20230708T104158_049331_05EE9E_A6CD,2023-07-08T10:41:29Z,111.61828,19.24573,1,0.43,97.3,,0.976,6.01,in_window,"111.6175,111.6184","19.2447,19.2475",2.43,low,75.16,True,
S1A_IW_GRDH_1SD_20230708_E052,S1A_IW_GRDH_1SDV_20230708T104129_20230708T104158_049331_05EE9E_A6CD,2023-07-08T10:41:29Z,111.69131,19.25171,2,0.77,89.2,,0.995,5.99,in_window,"111.6908,111.6918","19.2489,19.2545",1.41,medium,81.13,True,
S1A_IW_GRDH_1SD_20230708_E053,S1A_IW_GRDH_1SDV_20230708T104129_20230708T104158_049331_05EE9E_A6CD,2023-07-08T10:41:29Z,111.39778,19.25098,1,0.31,90.0,,0.972,6.03,in_window,"111.3978,111.3978","19.2496,19.2523",1.15,low,57.57,True,
S1A_IW_GRDH_1SD_20230708_E062,S1A_IW_GRDH_1SDV_20230708T104129_20230708T104158_049331_05EE9E_A6CD,2023-07-08T10:41:29Z,112.29874,19.28638,1,0.3,0.0,,0.98,5.18,in_window,"112.2974,112.3001","19.2864,19.2864",2.93,low,137.96,True,
S1A_IW_GRDH_1SD_20230708_E066,S1A_IW_GRDH_1SDV_20230708T104129_20230708T104158_049331_05EE9E_A6CD,2023-07-08T10:41:29Z,111.08515,19.29415,1,0.34,89.3,,0.977,5.89,in_window,"111.0850,111.0852","19.2927,19.2955",0.92,low,34.84,True,
S1A_IW_GRDH_1SD_20230708_E067,S1A_IW_GRDH_1SDV_20230708T104129_20230708T104158_049331_05EE9E_A6CD,2023-07-08T10:41:29Z,110.75466,19.32179,2,0.98,121.3,570.0,0.987,5.3,in_window,"110.7521,110.7556","19.3158,19.3266",3.32,medium,8.15,False,nearshore
S1A_IW_GRDH_1SD_20230708_E069,S1A_IW_GRDH_1SDV_20230708T104129_20230708T104158_049331_05EE9E_A6CD,2023-07-08T10:41:29Z,111.62657,19.33887,2,0.98,90.0,108.0,0.816,5.96,in_window,"111.6261,111.6271","19.3312,19.3468",4.99,medium,70.42,True,
S1A_IW_GRDH_1SD_20230708_E070,S1A_IW_GRDH_1SDV_20230708T104129_20230708T104158_049331_05EE9E_A6CD,2023-07-08T10:41:29Z,111.39534,19.32016,1,0.37,0.0,,0.98,5.97,in_window,"111.3937,111.3970","19.3202,19.3202",2.09,low,51.88,True,
S1A_IW_GRDH_1SD_20230708_E076,S1A_IW_GRDH_1SDV_20230708T104129_20230708T104158_049331_05EE9E_A6CD,2023-07-08T10:41:29Z,112.87634,19.35151,1,0.56,90.0,,0.984,4.61,in_window,"112.8763,112.8765","19.3498,19.3532",3.43,low,195.31,True,
S1A_IW_GRDH_1SD_20230708_E077,S1A_IW_GRDH_1SDV_20230708T104129_20230708T104158_049331_05EE9E_A6CD,2023-07-08T10:41:29Z,111.60146,19.49023,13,6.02,89.9,397.0,0.94,5.88,in_window,"111.5740,111.6213","19.3513,19.6076",55.7,high,61.63,True,
S1A_IW_GRDH_1SD_20230708_E078,S1A_IW_GRDH_1SDV_20230708T104129_20230708T104158_049331_05EE9E_A6CD,2023-07-08T10:41:29Z,112.73342,19.35438,1,0.38,85.6,,0.994,4.76,in_window,"112.7330,112.7336","19.3530,19.3556",1.11,low,180.53,True,
S1A_IW_GRDH_1SD_20230708_E082,S1A_IW_GRDH_1SDV_20230708T104129_20230708T104158_049331_05EE9E_A6CD,2023-07-08T10:41:29Z,110.89685,19.38384,1,0.31,170.1,,0.97,5.47,in_window,"110.8962,110.8981","19.3832,19.3840",1.19,low,15.18,False,nearshore
S1A_IW_GRDH_1SD_20230708_E083,S1A_IW_GRDH_1SDV_20230708T104129_20230708T104158_049331_05EE9E_A6CD,2023-07-08T10:41:29Z,110.78828,19.38466,1,0.43,95.9,,0.973,5.21,in_window,"110.7882,110.7888","19.3832,19.3857",0.5,low,6.03,False,nearshore
S1A_IW_GRDH_1SD_20230708_E085,S1A_IW_GRDH_1SDV_20230708T104129_20230708T104158_049331_05EE9E_A6CD,2023-07-08T10:41:29Z,112.88582,19.42468,2,1.25,0.0,,0.96,4.6,in_window,"112.8800,112.8917","19.4247,19.4247",6.71,medium,195.13,True,
S1A_IW_GRDH_1SD_20230708_E087,S1A_IW_GRDH_1SDV_20230708T104129_20230708T104158_049331_05EE9E_A6CD,2023-07-08T10:41:29Z,111.662,19.41145,5,1.78,90.1,,0.981,5.93,in_window,"111.6526,111.6885","19.3869,19.4529",10.86,medium,70.41,True,
S1A_IW_GRDH_1SD_20230708_E092,S1A_IW_GRDH_1SDV_20230708T104129_20230708T104158_049331_05EE9E_A6CD,2023-07-08T10:41:29Z,112.80923,19.41105,1,0.31,90.0,,0.953,4.68,in_window,"112.8092,112.8092","19.4097,19.4124",4.36,low,187.38,True,
S1A_IW_GRDH_1SD_20230708_E096,S1A_IW_GRDH_1SDV_20230708T104129_20230708T104158_049331_05EE9E_A6CD,2023-07-08T10:41:29Z,112.83774,19.42516,1,0.42,71.3,,0.98,4.65,in_window,"112.8367,112.8381","19.4238,19.4260",2.14,low,190.13,True,
S1A_IW_GRDH_1SD_20230708_E097,S1A_IW_GRDH_1SDV_20230708T104129_20230708T104158_049331_05EE9E_A6CD,2023-07-08T10:41:29Z,111.25454,19.42539,1,0.33,1.2,,0.983,5.84,in_window,"111.2534,111.2560","19.4253,19.4257",1.5,low,33.22,True,
S1A_IW_GRDH_1SD_20230708_E098,S1A_IW_GRDH_1SDV_20230708T104129_20230708T104158_049331_05EE9E_A6CD,2023-07-08T10:41:29Z,111.01028,19.45391,2,1.22,89.8,124.0,0.974,5.62,in_window,"111.0094,111.0109","19.4465,19.4622",4.83,medium,16.69,False,nearshore
S1A_IW_GRDH_1SD_20230708_E102,S1A_IW_GRDH_1SDV_20230708T104129_20230708T104158_049331_05EE9E_A6CD,2023-07-08T10:41:29Z,112.72567,19.50286,5,3.01,89.9,1964.0,0.957,4.76,in_window,"112.6607,112.7634","19.4787,19.5310",32.38,medium,177.56,True,
S1A_IW_GRDH_1SD_20230708_E103,S1A_IW_GRDH_1SDV_20230708T104129_20230708T104158_049331_05EE9E_A6CD,2023-07-08T10:41:29Z,112.86275,19.49104,10,4.41,90.1,830.0,0.885,4.63,in_window,"112.8077,112.8929","19.4717,19.5278",28.57,high,191.96,True,
S1A_IW_GRDH_1SD_20230708_E105,S1A_IW_GRDH_1SDV_20230708T104129_20230708T104158_049331_05EE9E_A6CD,2023-07-08T10:41:29Z,111.64442,19.48841,2,1.64,90.0,,0.938,5.88,in_window,"111.6444,111.6445","19.4678,19.5144",19.06,medium,66.01,True,
S1A_IW_GRDH_1SD_20230708_E106,S1A_IW_GRDH_1SDV_20230708T104129_20230708T104158_049331_05EE9E_A6CD,2023-07-08T10:41:29Z,110.93563,19.4902,2,0.7,89.5,104.0,0.974,5.38,in_window,"110.9349,110.9361","19.4855,19.4948",4.22,medium,8.26,False,nearshore
S1A_IW_GRDH_1SD_20230708_E107,S1A_IW_GRDH_1SDV_20230708T104129_20230708T104158_049331_05EE9E_A6CD,2023-07-08T10:41:29Z,112.3405,19.5008,1,0.42,90.1,,0.981,5.19,in_window,"112.3403,112.3405","19.4993,19.5023",3.96,low,137.49,True,
S1A_IW_GRDH_1SD_20230708_E109,S1A_IW_GRDH_1SDV_20230708T104129_20230708T104158_049331_05EE9E_A6CD,2023-07-08T10:41:29Z,111.15203,19.50289,1,0.38,90.0,,0.973,5.68,in_window,"111.1520,111.1520","19.5012,19.5046",3.74,low,19.7,False,nearshore
S1A_IW_GRDH_1SD_20230708_E110,S1A_IW_GRDH_1SDV_20230708T104129_20230708T104158_049331_05EE9E_A6CD,2023-07-08T10:41:29Z,111.26539,19.54226,3,1.25,89.4,1914.0,0.852,5.8,in_window,"111.2588,111.2769","19.5197,19.5749",8.16,medium,26.55,True,
S1A_IW_GRDH_1SD_20230708_E113,S1A_IW_GRDH_1SDV_20230708T104129_20230708T104158_049331_05EE9E_A6CD,2023-07-08T10:41:29Z,112.80418,19.53,1,0.42,95.0,,0.989,4.69,in_window,"112.8036,112.8043","19.5289,19.5316",3.62,low,185.52,True,
S1A_IW_GRDH_1SD_20230708_E114,S1A_IW_GRDH_1SDV_20230708T104129_20230708T104158_049331_05EE9E_A6CD,2023-07-08T10:41:29Z,112.62833,19.53712,5,2.51,90.0,560.0,0.917,4.88,in_window,"112.6220,112.6463","19.5261,19.5516",17.4,high,167.11,True,
S1A_IW_GRDH_1SD_20230708_E121,S1A_IW_GRDH_1SDV_20230708T104129_20230708T104158_049331_05EE9E_A6CD,2023-07-08T10:41:29Z,110.8448,19.62067,1,0.32,0.0,,0.644,5.03,in_window,"110.8433,110.8463","19.6207,19.6207",12.07,low,0.23,False,nearshore
S1A_IW_GRDH_1SD_20230708_E122,S1A_IW_GRDH_1SDV_20230708T104129_20230708T104158_049331_05EE9E_A6CD,2023-07-08T10:41:29Z,111.48769,19.5837,7,2.87,168.5,996.0,0.923,5.83,in_window,"111.4766,111.4967","19.5473,19.6279",30.83,high,47.83,True,
S1A_IW_GRDH_1SD_20230708_E125,S1A_IW_GRDH_1SDV_20230708T104129_20230708T104158_049331_05EE9E_A6CD,2023-07-08T10:41:29Z,112.73016,19.60355,8,4.9,89.8,1462.0,0.964,4.78,in_window,"112.7032,112.7651","19.5628,19.6258",62.1,high,177.41,True,
S1A_IW_GRDH_1SD_20230708_E127,S1A_IW_GRDH_1SDV_20230708T104129_20230708T104158_049331_05EE9E_A6CD,2023-07-08T10:41:29Z,112.43865,19.55804,1,0.81,89.9,,0.977,5.12,in_window,"112.4386,112.4388","19.5547,19.5615",3.49,low,147.16,True,
S1A_IW_GRDH_1SD_20230708_E132,S1A_IW_GRDH_1SDV_20230708T104129_20230708T104158_049331_05EE9E_A6CD,2023-07-08T10:41:29Z,111.85468,19.87427,183,485.49,93.5,234.0,0.972,5.32,in_window,"111.6844,112.0416","19.5987,20.0785",775.42,high,89.53,False,blob_invalid
S1A_IW_GRDH_1SD_20230708_E133,S1A_IW_GRDH_1SDV_20230708T104129_20230708T104158_049331_05EE9E_A6CD,2023-07-08T10:41:29Z,112.59195,19.58841,2,1.02,135.0,736.0,0.926,4.95,in_window,"112.5890,112.5927","19.5828,19.5936",1.55,medium,163.01,True,
S1A_IW_GRDH_1SD_20230708_E134,S1A_IW_GRDH_1SDV_20230708T104129_20230708T104158_049331_05EE9E_A6CD,2023-07-08T10:41:29Z,112.83823,19.59521,3,1.5,90.1,142.0,0.979,4.68,in_window,"112.8373,112.8389","19.5856,19.6037",7.86,high,188.73,True,
S1A_IW_GRDH_1SD_20230708_E135,S1A_IW_GRDH_1SDV_20230708T104129_20230708T104158_049331_05EE9E_A6CD,2023-07-08T10:41:29Z,111.69568,19.59626,1,0.46,0.0,,0.989,5.74,in_window,"111.6935,111.6978","19.5963,19.5963",6.42,low,69.33,True,
S1A_IW_GRDH_1SD_20230708_E139,S1A_IW_GRDH_1SDV_20230708T104129_20230708T104158_049331_05EE9E_A6CD,2023-07-08T10:41:29Z,111.65609,19.61112,2,1.24,90.0,255.0,0.977,5.74,in_window,"111.6543,111.6568","19.6027,19.6244",5.94,medium,65.09,True,
S1A_IW_GRDH_1SD_20230708_E140,S1A_IW_GRDH_1SDV_20230708T104129_20230708T104158_049331_05EE9E_A6CD,2023-07-08T10:41:29Z,111.12106,19.61827,4,3.35,44.5,1085.0,0.919,5.69,in_window,"111.1130,111.1367","19.6002,19.6291",26.8,high,9.42,True,
S1A_IW_GRDH_1SD_20230708_E143,S1A_IW_GRDH_1SDV_20230708T104129_20230708T104158_049331_05EE9E_A6CD,2023-07-08T10:41:29Z,112.66106,19.59786,1,0.31,177.8,,0.983,4.87,in_window,"112.6602,112.6623","19.5975,19.5982",0.92,low,170.2,True,
S1A_IW_GRDH_1SD_20230708_E145,S1A_IW_GRDH_1SDV_20230708T104129_20230708T104158_049331_05EE9E_A6CD,2023-07-08T10:41:29Z,112.87921,19.59826,1,0.3,76.6,,0.949,4.64,in_window,"112.8789,112.8799","19.5977,19.5993",0.43,low,193.01,True,
S1A_IW_GRDH_1SD_20230708_E147,S1A_IW_GRDH_1SDV_20230708T104129_20230708T104158_049331_05EE9E_A6CD,2023-07-08T10:41:29Z,112.79771,19.62876,1,0.47,89.1,,0.967,4.72,in_window,"112.7977,112.7979","19.6271,19.6308",10.64,low,184.43,True,
S1A_IW_GRDH_1SD_20230708_E148,S1A_IW_GRDH_1SDV_20230708T104129_20230708T104158_049331_05EE9E_A6CD,2023-07-08T10:41:29Z,111.77015,19.65418,1,0.68,90.0,,0.987,5.6,in_window,"111.7702,111.7702","19.6511,19.6572",19.95,low,76.95,True,
S1A_IW_GRDH_1SD_20230708_E150,S1A_IW_GRDH_1SDV_20230708T104129_20230708T104158_049331_05EE9E_A6CD,2023-07-08T10:41:29Z,111.00342,19.63391,1,0.44,108.2,,0.985,5.54,in_window,"111.0023,111.0039","19.6330,19.6353",1.32,low,0.92,False,nearshore
S1A_IW_GRDH_1SD_20230708_E156,S1A_IW_GRDH_1SDV_20230708T104129_20230708T104158_049331_05EE9E_A6CD,2023-07-08T10:41:29Z,112.0494,19.65992,1,0.4,90.2,,0.977,5.44,in_window,"112.0494,112.0496","19.6583,19.6615",1.48,low,106.16,True,
S1A_IW_GRDH_1SD_20230708_E157,S1A_IW_GRDH_1SDV_20230708T104129_20230708T104158_049331_05EE9E_A6CD,2023-07-08T10:41:29Z,112.78213,19.69401,3,3.07,4.4,1926.0,0.972,4.74,in_window,"112.7680,112.7960","19.6671,19.7020",18.17,medium,182.88,True,
S1A_IW_GRDH_1SD_20230708_E159,S1A_IW_GRDH_1SDV_20230708T104129_20230708T104158_049331_05EE9E_A6CD,2023-07-08T10:41:29Z,112.51498,19.66758,3,0.98,165.8,497.0,0.988,5.1,in_window,"112.5121,112.5192","19.6655,19.6715",2.99,high,154.87,True,
S1A_IW_GRDH_1SD_20230708_E160,S1A_IW_GRDH_1SDV_20230708T104129_20230708T104158_049331_05EE9E_A6CD,2023-07-08T10:41:29Z,111.53349,19.66664,1,0.57,178.2,,0.955,5.79,in_window,"111.5309,111.5355","19.6665,19.6671",1.6,low,52.25,True,
S1A_IW_GRDH_1SD_20230708_E163,S1A_IW_GRDH_1SDV_20230708T104129_20230708T104158_049331_05EE9E_A6CD,2023-07-08T10:41:29Z,112.7266,19.67922,1,0.72,90.0,,0.87,4.8,in_window,"112.7266,112.7266","19.6760,19.6825",11.68,low,177.03,True,
S1A_IW_GRDH_1SD_20230708_E165,S1A_IW_GRDH_1SDV_20230708T104129_20230708T104158_049331_05EE9E_A6CD,2023-07-08T10:41:29Z,112.40586,19.69644,1,0.35,84.3,,0.986,5.23,in_window,"112.4056,112.4064","19.6954,19.6978",4.51,low,143.56,True,
S1A_IW_GRDH_1SD_20230708_E166,S1A_IW_GRDH_1SDV_20230708T104129_20230708T104158_049331_05EE9E_A6CD,2023-07-08T10:41:29Z,111.32906,19.69993,1,0.65,90.2,,0.984,5.88,in_window,"111.3290,111.3292","19.6976,19.7021",6.71,low,31.45,True,
S1A_IW_GRDH_1SD_20230708_E169,S1A_IW_GRDH_1SDV_20230708T104129_20230708T104158_049331_05EE9E_A6CD,2023-07-08T10:41:29Z,111.03888,19.80135,8,19.42,1.8,1161.0,0.985,5.75,in_window,"111.0188,111.0839","19.7392,19.8302",42.56,high,5.54,True,
S1A_IW_GRDH_1SD_20230708_E171,S1A_IW_GRDH_1SDV_20230708T104129_20230708T104158_049331_05EE9E_A6CD,2023-07-08T10:41:29Z,112.59082,19.72403,2,0.73,90.0,,0.959,5.01,in_window,"112.5908,112.5909","19.7207,19.7273",4.93,medium,163.03,True,
S1A_IW_GRDH_1SD_20230708_E173,S1A_IW_GRDH_1SDV_20230708T104129_20230708T104158_049331_05EE9E_A6CD,2023-07-08T10:41:29Z,111.62636,19.70313,1,0.42,90.0,,0.972,5.66,in_window,"111.6264,111.6264","19.7013,19.7050",0.69,low,62.26,True,
S1A_IW_GRDH_1SD_20230708_E175,S1A_IW_GRDH_1SDV_20230708T104129_20230708T104158_049331_05EE9E_A6CD,2023-07-08T10:41:29Z,112.33933,19.76791,12,30.49,175.4,910.0,0.964,5.32,in_window,"112.3103,112.3773","19.7321,19.8068",75.84,high,137.18,True,
S1A_IW_GRDH_1SD_20230708_E177,S1A_IW_GRDH_1SDV_20230708T104129_20230708T104158_049331_05EE9E_A6CD,2023-07-08T10:41:29Z,111.65182,19.7644,4,2.58,89.0,281.0,0.984,5.57,in_window,"111.6430,111.6584","19.7377,19.8058",15.79,high,65.96,True,
S1A_IW_GRDH_1SD_20230708_E178,S1A_IW_GRDH_1SDV_20230708T104129_20230708T104158_049331_05EE9E_A6CD,2023-07-08T10:41:29Z,112.14284,19.74442,3,1.29,88.8,,0.977,5.37,in_window,"112.1218,112.1534","19.7320,19.7651",7.33,medium,116.47,True,
S1A_IW_GRDH_1SD_20230708_E179,S1A_IW_GRDH_1SDV_20230708T104129_20230708T104158_049331_05EE9E_A6CD,2023-07-08T10:41:29Z,111.12707,19.73624,1,0.43,179.7,,0.563,5.74,in_window,"111.1251,111.1288","19.7361,19.7364",1.1,low,13.25,False,nearshore
S1A_IW_GRDH_1SD_20230708_E180,S1A_IW_GRDH_1SDV_20230708T104129_20230708T104158_049331_05EE9E_A6CD,2023-07-08T10:41:29Z,112.44438,19.73358,1,0.33,90.5,,0.962,5.22,in_window,"112.4444,112.4445","19.7323,19.7348",1.5,low,147.81,True,
S1A_IW_GRDH_1SD_20230708_E181,S1A_IW_GRDH_1SDV_20230708T104129_20230708T104158_049331_05EE9E_A6CD,2023-07-08T10:41:29Z,112.41136,19.74646,6,21.17,85.8,372.0,0.986,5.26,in_window,"112.4028,112.4477","19.7352,19.7925",18.0,high,144.47,True,
S1A_IW_GRDH_1SD_20230708_E183,S1A_IW_GRDH_1SDV_20230708T104129_20230708T104158_049331_05EE9E_A6CD,2023-07-08T10:41:29Z,111.54021,19.76197,3,1.23,89.0,114.0,0.885,5.73,in_window,"111.5388,111.5410","19.7529,19.7728",2.17,high,54.51,True,
S1A_IW_GRDH_1SD_20230708_E184,S1A_IW_GRDH_1SDV_20230708T104129_20230708T104158_049331_05EE9E_A6CD,2023-07-08T10:41:29Z,112.62042,19.76551,1,0.33,90.0,,0.986,4.98,in_window,"112.6204,112.6204","19.7641,19.7670",6.98,low,166.44,True,
S1A_IW_GRDH_1SD_20230708_E185,S1A_IW_GRDH_1SDV_20230708T104129_20230708T104158_049331_05EE9E_A6CD,2023-07-08T10:41:29Z,111.32995,19.77052,1,0.47,89.5,,0.988,5.93,in_window,"111.3298,111.3300","19.7686,19.7723",2.13,low,33.99,True,
S1A_IW_GRDH_1SD_20230708_E188,S1A_IW_GRDH_1SDV_20230708T104129_20230708T104158_049331_05EE9E_A6CD,2023-07-08T10:41:29Z,112.40075,19.80803,1,0.37,0.0,,0.978,5.25,in_window,"112.3991,112.4024","19.8080,19.8080",16.29,low,144.07,True,
S1A_IW_GRDH_1SD_20230708_E191,S1A_IW_GRDH_1SDV_20230708T104129_20230708T104158_049331_05EE9E_A6CD,2023-07-08T10:41:29Z,111.11071,19.82591,2,0.75,90.0,,0.906,5.91,in_window,"111.1107,111.1108","19.8225,19.8293",18.95,medium,13.46,False,nearshore
S1A_IW_GRDH_1SD_20230708_E192,S1A_IW_GRDH_1SDV_20230708T104129_20230708T104158_049331_05EE9E_A6CD,2023-07-08T10:41:29Z,111.21588,19.82827,14,46.56,102.5,171.0,0.968,6.08,in_window,"111.1928,111.2300","19.8091,19.8423",39.27,high,24.26,True,
S1A_IW_GRDH_1SD_20230708_E193,S1A_IW_GRDH_1SDV_20230708T104129_20230708T104158_049331_05EE9E_A6CD,2023-07-08T10:41:29Z,111.50661,19.80476,1,0.38,9.4,,0.973,5.77,in_window,"111.5051,111.5075","19.8042,19.8050",1.17,low,52.54,True,
S1A_IW_GRDH_1SD_20230708_E195,S1A_IW_GRDH_1SDV_20230708T104129_20230708T104158_049331_05EE9E_A6CD,2023-07-08T10:41:29Z,111.38693,20.00612,97,752.75,121.8,221.0,0.973,6.08,in_window,"111.2697,111.4445","19.8042,20.1244",310.63,high,45.55,False,blob_invalid
S1A_IW_GRDH_1SD_20230708_E200,S1A_IW_GRDH_1SDV_20230708T104129_20230708T104158_049331_05EE9E_A6CD,2023-07-08T10:41:29Z,111.83138,19.84055,1,0.38,89.6,,0.966,5.34,in_window,"111.8312,111.8314","19.8390,19.8420",2.62,low,86.18,True,
S1A_IW_GRDH_1SD_20230708_E203,S1A_IW_GRDH_1SDV_20230708T104129_20230708T104158_049331_05EE9E_A6CD,2023-07-08T10:41:29Z,111.58276,19.87114,1,0.31,89.5,,0.972,5.61,in_window,"111.5827,111.5829","19.8700,19.8723",7.43,low,62.67,True,
S1A_IW_GRDH_1SD_20230708_E204,S1A_IW_GRDH_1SDV_20230708T104129_20230708T104158_049331_05EE9E_A6CD,2023-07-08T10:41:29Z,112.50325,19.83998,3,1.49,9.7,385.0,0.969,5.16,in_window,"112.4801,112.5177","19.8378,19.8405",9.48,high,155.17,True,
S1A_IW_GRDH_1SD_20230708_E205,S1A_IW_GRDH_1SDV_20230708T104129_20230708T104158_049331_05EE9E_A6CD,2023-07-08T10:41:29Z,112.30339,19.85743,2,1.01,90.0,128.0,0.966,5.31,in_window,"112.3025,112.3038","19.8502,19.8632",8.3,medium,134.83,True,
S1A_IW_GRDH_1SD_20230708_E206,S1A_IW_GRDH_1SDV_20230708T104129_20230708T104158_049331_05EE9E_A6CD,2023-07-08T10:41:29Z,111.80101,19.84082,1,0.45,90.0,,0.982,5.35,in_window,"111.8010,111.8010","19.8388,19.8428",2.39,low,83.12,True,
S1A_IW_GRDH_1SD_20230708_E207,S1A_IW_GRDH_1SDV_20230708T104129_20230708T104158_049331_05EE9E_A6CD,2023-07-08T10:41:29Z,112.05153,19.84178,1,0.44,90.4,,0.989,5.3,in_window,"112.0514,112.0515","19.8400,19.8437",1.82,low,108.63,True,
S1A_IW_GRDH_1SD_20230708_E208,S1A_IW_GRDH_1SDV_20230708T104129_20230708T104158_049331_05EE9E_A6CD,2023-07-08T10:41:29Z,111.50978,19.83773,1,0.3,89.1,,0.966,5.74,in_window,"111.5098,111.5100","19.8366,19.8390",3.04,low,54.2,True,
S1A_IW_GRDH_1SD_20230708_E211,S1A_IW_GRDH_1SDV_20230708T104129_20230708T104158_049331_05EE9E_A6CD,2023-07-08T10:41:29Z,112.18131,19.84055,1,0.3,0.0,,0.965,5.34,in_window,"112.1799,112.1827","19.8405,19.8405",4.79,low,121.93,True,
S1A_IW_GRDH_1SD_20230708_E213,S1A_IW_GRDH_1SDV_20230708T104129_20230708T104158_049331_05EE9E_A6CD,2023-07-08T10:41:29Z,112.69844,19.86455,3,1.35,0.4,648.0,0.874,4.85,in_window,"112.6923,112.7058","19.8594,19.8720",6.88,high,175.77,True,
S1A_IW_GRDH_1SD_20230708_E217,S1A_IW_GRDH_1SDV_20230708T104129_20230708T104158_049331_05EE9E_A6CD,2023-07-08T10:41:29Z,112.84245,19.86845,1,0.37,89.8,,0.966,4.71,in_window,"112.8424,112.8426","19.8670,19.8699",1.67,low,189.06,True,
S1A_IW_GRDH_1SD_20230708_E221,S1A_IW_GRDH_1SDV_20230708T104129_20230708T104158_049331_05EE9E_A6CD,2023-07-08T10:41:29Z,112.73345,19.87327,1,0.3,89.7,,0.988,4.8,in_window,"112.7334,112.7336","19.8721,19.8745",1.9,low,179.53,True,
S1A_IW_GRDH_1SD_20230708_E223,S1A_IW_GRDH_1SDV_20230708T104129_20230708T104158_049331_05EE9E_A6CD,2023-07-08T10:41:29Z,112.19307,19.87455,1,0.34,3.6,,0.969,5.32,in_window,"112.1920,112.1946","19.8745,19.8750",4.93,low,123.87,True,
S1A_IW_GRDH_1SD_20230708_E224,S1A_IW_GRDH_1SDV_20230708T104129_20230708T104158_049331_05EE9E_A6CD,2023-07-08T10:41:29Z,112.0519,19.87565,1,0.43,116.3,,0.965,5.29,in_window,"112.0507,112.0523","19.8750,19.8771",0.75,low,109.49,True,
S1A_IW_GRDH_1SD_20230708_E226,S1A_IW_GRDH_1SDV_20230708T104129_20230708T104158_049331_05EE9E_A6CD,2023-07-08T10:41:29Z,112.58257,19.90062,2,1.14,44.6,1290.0,0.939,5.03,in_window,"112.5811,112.5870","19.8927,19.9087",6.05,medium,164.42,True,
S1A_IW_GRDH_1SD_20230708_E227,S1A_IW_GRDH_1SDV_20230708T104129_20230708T104158_049331_05EE9E_A6CD,2023-07-08T10:41:29Z,112.26705,19.90328,2,1.81,44.6,,0.974,5.31,in_window,"112.2602,112.2681","19.8952,19.9095",10.92,medium,132.11,True,
S1A_IW_GRDH_1SD_20230708_E228,S1A_IW_GRDH_1SDV_20230708T104129_20230708T104158_049331_05EE9E_A6CD,2023-07-08T10:41:29Z,111.16496,19.90916,2,1.7,0.0,,0.964,6.21,in_window,"111.1564,111.1748","19.9091,19.9094",9.93,medium,20.23,True,
S1A_IW_GRDH_1SD_20230708_E231,S1A_IW_GRDH_1SDV_20230708T104129_20230708T104158_049331_05EE9E_A6CD,2023-07-08T10:41:29Z,112.33328,19.90966,2,0.64,89.0,1262.0,0.969,5.26,in_window,"112.3273,112.3396","19.9069,19.9127",1.91,medium,139.02,True,
S1A_IW_GRDH_1SD_20230708_E233,S1A_IW_GRDH_1SDV_20230708T104129_20230708T104158_049331_05EE9E_A6CD,2023-07-08T10:41:29Z,112.88013,19.92648,1,0.35,90.1,,0.763,4.68,in_window,"112.8800,112.8801","19.9250,19.9279",2.94,low,182.8,True,
S1A_IW_GRDH_1SD_20230708_E235,S1A_IW_GRDH_1SDV_20230708T104129_20230708T104158_049331_05EE9E_A6CD,2023-07-08T10:41:29Z,112.73645,19.9309,1,0.7,89.9,,0.737,4.79,in_window,"112.7364,112.7366","19.9280,19.9341",4.31,low,180.86,True,
S1A_IW_GRDH_1SD_20230708_E236,S1A_IW_GRDH_1SDV_20230708T104129_20230708T104158_049331_05EE9E_A6CD,2023-07-08T10:41:29Z,112.19392,19.94405,1,0.35,0.0,,0.929,5.29,in_window,"112.1923,112.1955","19.9440,19.9440",2.04,low,125.77,True,
S1A_IW_GRDH_1SD_20230708_E238,S1A_IW_GRDH_1SDV_20230708T104129_20230708T104158_049331_05EE9E_A6CD,2023-07-08T10:41:29Z,112.29735,19.98048,10,5.81,0.4,985.0,0.917,5.25,in_window,"112.2411,112.3715","19.9398,20.0124",69.2,high,137.28,True,
S1A_IW_GRDH_1SD_20230708_E244,S1A_IW_GRDH_1SDV_20230708T104129_20230708T104158_049331_05EE9E_A6CD,2023-07-08T10:41:29Z,112.69779,19.94846,2,0.75,90.0,,0.966,4.86,in_window,"112.6973,112.6984","19.9434,19.9530",1.31,medium,177.24,True,
S1A_IW_GRDH_1SD_20230708_E248,S1A_IW_GRDH_1SDV_20230708T104129_20230708T104158_049331_05EE9E_A6CD,2023-07-08T10:41:29Z,112.83886,19.97766,1,0.31,7.4,,0.985,4.71,in_window,"112.8376,112.8398","19.9772,19.9777",2.47,low,176.98,True,
S1A_IW_GRDH_1SD_20230708_E250,S1A_IW_GRDH_1SDV_20230708T104129_20230708T104158_049331_05EE9E_A6CD,2023-07-08T10:41:29Z,111.84605,20.20171,45,45.97,90.8,726.0,0.946,5.22,in_window,"111.6458,112.0145","19.9807,20.3342",265.59,high,97.83,True,
S1A_IW_GRDH_1SD_20230708_E256,S1A_IW_GRDH_1SDV_20230708T104129_20230708T104158_049331_05EE9E_A6CD,2023-07-08T10:41:29Z,112.76982,19.97988,1,0.41,88.6,,0.968,4.76,in_window,"112.7696,112.7700","19.9785,19.9813",1.42,low,176.67,True,
S1A_IW_GRDH_1SD_20230708_E259,S1A_IW_GRDH_1SDV_20230708T104129_20230708T104158_049331_05EE9E_A6CD,2023-07-08T10:41:29Z,111.25859,20.00004,1,0.79,89.7,,0.827,6.49,in_window,"111.2586,111.2589","19.9967,20.0036",3.35,low,32.53,True,
S1A_IW_GRDH_1SD_20230708_E260,S1A_IW_GRDH_1SDV_20230708T104129_20230708T104158_049331_05EE9E_A6CD,2023-07-08T10:41:29Z,111.18636,20.01161,11,47.35,71.4,326.0,0.985,6.49,in_window,"111.1804,111.1942","19.9983,20.0531",12.01,high,25.69,False,blob_invalid
S1A_IW_GRDH_1SD_20230708_E261,S1A_IW_GRDH_1SDV_20230708T104129_20230708T104158_049331_05EE9E_A6CD,2023-07-08T10:41:29Z,111.29058,20.02104,2,0.75,127.7,111.0,0.982,6.43,in_window,"111.2883,111.2912","20.0195,20.0242",12.56,medium,36.41,True,
S1A_IW_GRDH_1SD_20230708_E262,S1A_IW_GRDH_1SDV_20230708T104129_20230708T104158_049331_05EE9E_A6CD,2023-07-08T10:41:29Z,111.46906,20.00625,1,0.42,90.0,,0.984,5.8,in_window,"111.4691,111.4691","20.0044,20.0081",8.86,low,53.76,True,
S1A_IW_GRDH_1SD_20230708_E263,S1A_IW_GRDH_1SDV_20230708T104129_20230708T104158_049331_05EE9E_A6CD,2023-07-08T10:41:29Z,112.40254,20.00938,1,0.67,89.9,,0.977,5.19,in_window,"112.4025,112.4027","20.0067,20.0121",7.29,low,148.73,True,
S1A_IW_GRDH_1SD_20230708_E265,S1A_IW_GRDH_1SDV_20230708T104129_20230708T104158_049331_05EE9E_A6CD,2023-07-08T10:41:29Z,111.5449,20.03381,2,0.83,44.6,,0.982,5.66,in_window,"111.5389,111.5480","20.0143,20.0496",7.3,medium,62.23,True,
S1A_IW_GRDH_1SD_20230708_E273,S1A_IW_GRDH_1SDV_20230708T104129_20230708T104158_049331_05EE9E_A6CD,2023-07-08T10:41:29Z,111.5814,20.03009,1,0.41,89.1,,0.758,5.59,in_window,"111.5812,111.5814","20.0285,20.0314",0.72,low,65.77,True,
S1A_IW_GRDH_1SD_20230708_E274,S1A_IW_GRDH_1SDV_20230708T104129_20230708T104158_049331_05EE9E_A6CD,2023-07-08T10:41:29Z,111.2242,20.04802,2,1.29,89.5,386.0,0.967,6.58,in_window,"111.2209,111.2252","20.0316,20.0875",9.84,medium,30.67,True,
S1A_IW_GRDH_1SD_20230708_E276,S1A_IW_GRDH_1SDV_20230708T104129_20230708T104158_049331_05EE9E_A6CD,2023-07-08T10:41:29Z,112.05293,20.05165,1,0.3,89.9,,0.991,5.23,in_window,"112.0528,112.0529","20.0505,20.0528",1.87,low,114.4,True,
S1A_IW_GRDH_1SD_20230708_E277,S1A_IW_GRDH_1SDV_20230708T104129_20230708T104158_049331_05EE9E_A6CD,2023-07-08T10:41:29Z,111.89419,20.06698,4,1.81,90.2,1791.0,0.975,5.24,in_window,"111.8700,111.9059","20.0430,20.0790",17.14,medium,98.48,True,
S1A_IW_GRDH_1SD_20230708_E278,S1A_IW_GRDH_1SDV_20230708T104129_20230708T104158_049331_05EE9E_A6CD,2023-07-08T10:41:29Z,112.43793,20.06512,2,2.06,126.8,1481.0,0.946,5.13,in_window,"112.4095,112.4449","20.0478,20.0769",20.31,medium,154.06,True,
S1A_IW_GRDH_1SD_20230708_E279,S1A_IW_GRDH_1SDV_20230708T104129_20230708T104158_049331_05EE9E_A6CD,2023-07-08T10:41:29Z,111.94299,20.06812,3,1.93,90.0,,0.925,5.23,in_window,"111.9424,111.9436","20.0581,20.0805",7.78,medium,103.49,True,
S1A_IW_GRDH_1SD_20230708_E284,S1A_IW_GRDH_1SDV_20230708T104129_20230708T104158_049331_05EE9E_A6CD,2023-07-08T10:41:29Z,112.15833,20.07679,3,1.08,89.3,,0.983,5.2,in_window,"112.1581,112.1587","20.0701,20.0840",3.25,medium,125.75,True,
S1A_IW_GRDH_1SD_20230708_E286,S1A_IW_GRDH_1SDV_20230708T104129_20230708T104158_049331_05EE9E_A6CD,2023-07-08T10:41:29Z,111.57674,20.09785,3,3.43,88.7,178.0,0.923,5.64,in_window,"111.5743,111.5809","20.0784,20.1105",8.41,high,67.52,True,
S1A_IW_GRDH_1SD_20230708_E288,S1A_IW_GRDH_1SDV_20230708T104129_20230708T104158_049331_05EE9E_A6CD,2023-07-08T10:41:29Z,112.31858,20.082,2,1.42,0.0,,0.837,5.17,in_window,"112.3108,112.3272","20.0819,20.0822",4.13,medium,142.35,True,
S1A_IW_GRDH_1SD_20230708_E299,S1A_IW_GRDH_1SDV_20230708T104129_20230708T104158_049331_05EE9E_A6CD,2023-07-08T10:41:29Z,112.66143,20.11705,1,0.68,165.6,,0.991,4.87,in_window,"112.6594,112.6628","20.1161,20.1186",1.21,low,162.05,True,
S1A_IW_GRDH_1SD_20230708_E300,S1A_IW_GRDH_1SDV_20230708T104129_20230708T104158_049331_05EE9E_A6CD,2023-07-08T10:41:29Z,111.89818,20.11957,1,0.34,90.0,,0.974,5.23,in_window,"111.8981,111.8983","20.1183,20.1211",3.69,low,100.36,True,
S1A_IW_GRDH_1SD_20230708_E307,S1A_IW_GRDH_1SDV_20230708T104129_20230708T104158_049331_05EE9E_A6CD,2023-07-08T10:41:29Z,111.99852,20.15071,2,1.51,44.6,269.0,0.97,5.2,in_window,"111.9878,112.0073","20.1483,20.1600",17.85,medium,111.4,True,
S1A_IW_GRDH_1SD_20230708_E310,S1A_IW_GRDH_1SDV_20230708T104129_20230708T104158_049331_05EE9E_A6CD,2023-07-08T10:41:29Z,112.69305,20.14656,1,0.41,90.9,,0.975,4.82,in_window,"112.6930,112.6933","20.1451,20.1479",6.42,low,158.55,True,
S1A_IW_GRDH_1SD_20230708_E311,S1A_IW_GRDH_1SDV_20230708T104129_20230708T104158_049331_05EE9E_A6CD,2023-07-08T10:41:29Z,112.4836,20.15179,1,0.54,177.0,,0.977,5.05,in_window,"112.4822,112.4848","20.1507,20.1527",1.95,low,159.72,True,
S1A_IW_GRDH_1SD_20230708_E313,S1A_IW_GRDH_1SDV_20230708T104129_20230708T104158_049331_05EE9E_A6CD,2023-07-08T10:41:29Z,112.22518,20.18548,2,0.63,44.6,2588.0,0.958,5.1,in_window,"112.2075,112.2443","20.1844,20.1872",12.91,medium,135.26,False,blob_invalid
S1A_IW_GRDH_1SD_20230708_E314,S1A_IW_GRDH_1SDV_20230708T104129_20230708T104158_049331_05EE9E_A6CD,2023-07-08T10:41:29Z,111.79746,20.15204,1,0.36,24.8,,0.987,5.24,in_window,"111.7968,111.7988","20.1518,20.1529",2.94,low,91.34,True,
S1A_IW_GRDH_1SD_20230708_E319,S1A_IW_GRDH_1SDV_20230708T104129_20230708T104158_049331_05EE9E_A6CD,2023-07-08T10:41:29Z,111.0102,20.19428,2,1.32,90.0,1385.0,0.971,7.23,in_window,"111.0071,111.0203","20.1652,20.2073",21.08,medium,22.22,True,
S1A_IW_GRDH_1SD_20230708_E323,S1A_IW_GRDH_1SDV_20230708T104129_20230708T104158_049331_05EE9E_A6CD,2023-07-08T10:41:29Z,112.59203,20.22861,4,2.15,90.0,,0.864,4.91,in_window,"112.5910,112.5929","20.2029,20.2488",23.6,medium,150.59,True,
S1A_IW_GRDH_1SD_20230708_E325,S1A_IW_GRDH_1SDV_20230708T104129_20230708T104158_049331_05EE9E_A6CD,2023-07-08T10:41:29Z,112.56123,20.21406,1,0.71,90.0,,0.986,4.95,in_window,"112.5612,112.5612","20.2109,20.2173",9.95,low,152.66,True,
S1A_IW_GRDH_1SD_20230708_E327,S1A_IW_GRDH_1SDV_20230708T104129_20230708T104158_049331_05EE9E_A6CD,2023-07-08T10:41:29Z,112.46693,20.23396,3,1.69,90.0,,0.586,5.0,in_window,"112.4666,112.4675","20.2237,20.2475",3.63,medium,150.72,True,
S1A_IW_GRDH_1SD_20230708_E329,S1A_IW_GRDH_1SDV_20230708T104129_20230708T104158_049331_05EE9E_A6CD,2023-07-08T10:41:29Z,112.76545,20.2187,1,0.34,6.4,,0.942,4.74,in_window,"112.7647,112.7666","20.2183,20.2193",0.27,low,150.27,True,
S1A_IW_GRDH_1SD_20230708_E330,S1A_IW_GRDH_1SDV_20230708T104129_20230708T104158_049331_05EE9E_A6CD,2023-07-08T10:41:29Z,110.92897,20.22016,1,0.4,175.4,,0.987,7.36,in_window,"110.9280,110.9306","20.2196,20.2205",0.72,low,23.03,True,
S1A_IW_GRDH_1SD_20230708_E335,S1A_IW_GRDH_1SDV_20230708T104129_20230708T104158_049331_05EE9E_A6CD,2023-07-08T10:41:29Z,110.63127,20.24824,1,0.48,90.0,,0.524,6.96,in_window,"110.6313,110.6313","20.2461,20.2504",1.4,low,10.56,False,nearshore
S1A_IW_GRDH_1SD_20230708_E337,S1A_IW_GRDH_1SDV_20230708T104129_20230708T104158_049331_05EE9E_A6CD,2023-07-08T10:41:29Z,111.26213,20.25199,5,3.8,71.2,423.0,0.954,6.81,in_window,"111.2524,111.2826","20.2467,20.2582",14.33,high,44.49,True,
S1A_IW_GRDH_1SD_20230708_E338,S1A_IW_GRDH_1SDV_20230708T104129_20230708T104158_049331_05EE9E_A6CD,2023-07-08T10:41:29Z,110.88827,20.25191,1,0.4,178.3,,0.982,7.5,in_window,"110.8868,110.8901","20.2516,20.2519",12.73,low,23.89,True,
S1A_IW_GRDH_1SD_20230708_E339,S1A_IW_GRDH_1SDV_20230708T104129_20230708T104158_049331_05EE9E_A6CD,2023-07-08T10:41:29Z,111.7976,20.2747,5,2.22,89.6,,0.931,5.24,in_window,"111.7966,111.7987","20.2505,20.3001",8.27,medium,95.43,True,
S1A_IW_GRDH_1SD_20230708_E340,S1A_IW_GRDH_1SDV_20230708T104129_20230708T104158_049331_05EE9E_A6CD,2023-07-08T10:41:29Z,112.44099,20.27664,5,1.85,94.3,195.0,0.971,4.97,in_window,"112.4384,112.4476","20.2491,20.3217",9.74,high,146.16,True,
S1A_IW_GRDH_1SD_20230708_E341,S1A_IW_GRDH_1SDV_20230708T104129_20230708T104158_049331_05EE9E_A6CD,2023-07-08T10:41:29Z,111.00637,20.25156,1,0.39,89.8,,0.979,7.51,in_window,"111.0064,111.0066","20.2500,20.2532",1.78,low,27.96,True,
S1A_IW_GRDH_1SD_20230708_E342,S1A_IW_GRDH_1SDV_20230708T104129_20230708T104158_049331_05EE9E_A6CD,2023-07-08T10:41:29Z,111.40192,20.25426,1,0.35,50.0,,0.995,6.33,in_window,"111.4009,111.4024","20.2533,20.2547",1.24,low,56.67,True,
S1A_IW_GRDH_1SD_20230708_E345,S1A_IW_GRDH_1SDV_20230708T104129_20230708T104158_049331_05EE9E_A6CD,2023-07-08T10:41:29Z,112.33291,20.25475,1,0.41,164.9,,0.977,5.01,in_window,"112.3312,112.3338","20.2545,20.2557",0.53,low,148.21,True,
S1A_IW_GRDH_1SD_20230708_E352,S1A_IW_GRDH_1SDV_20230708T104129_20230708T104158_049331_05EE9E_A6CD,2023-07-08T10:41:29Z,112.83459,20.28593,1,0.47,89.9,,0.979,4.69,in_window,"112.8346,112.8347","20.2844,20.2875",2.77,low,142.89,True,
S1A_IW_GRDH_1SD_20230708_E353,S1A_IW_GRDH_1SDV_20230708T104129_20230708T104158_049331_05EE9E_A6CD,2023-07-08T10:41:29Z,112.19582,20.28459,1,0.49,89.4,,0.971,5.02,in_window,"112.1958,112.1960","20.2828,20.2865",2.06,low,135.49,True,
S1A_IW_GRDH_1SD_20230708_E354,S1A_IW_GRDH_1SDV_20230708T104129_20230708T104158_049331_05EE9E_A6CD,2023-07-08T10:41:29Z,110.84036,20.34216,17,41.12,60.2,365.0,0.976,7.62,in_window,"110.7464,110.8713","20.3016,20.3862",71.12,high,26.05,True,
S1A_IW_GRDH_1SD_20230708_E355,S1A_IW_GRDH_1SDV_20230708T104129_20230708T104158_049331_05EE9E_A6CD,2023-07-08T10:41:29Z,111.25466,20.28566,1,0.38,89.1,,0.981,6.86,in_window,"111.2546,111.2548","20.2843,20.2872",0.9,low,46.22,True,
S1A_IW_GRDH_1SD_20230708_E367,S1A_IW_GRDH_1SDV_20230708T104129_20230708T104158_049331_05EE9E_A6CD,2023-07-08T10:41:29Z,112.77293,20.31918,1,0.3,90.0,,0.981,4.7,in_window,"112.7729,112.7729","20.3179,20.3205",2.89,low,139.15,True,
S1A_IW_GRDH_1SD_20230708_E368,S1A_IW_GRDH_1SDV_20230708T104129_20230708T104158_049331_05EE9E_A6CD,2023-07-08T10:41:29Z,112.26741,20.34144,2,0.72,89.6,,0.97,4.92,in_window,"112.2671,112.2676","20.3249,20.3556",2.85,medium,141.46,True,
S1A_IW_GRDH_1SD_20230708_E370,S1A_IW_GRDH_1SDV_20230708T104129_20230708T104158_049331_05EE9E_A6CD,2023-07-08T10:41:29Z,111.47842,20.32521,1,0.31,89.5,,0.971,6.16,in_window,"111.4783,111.4784","20.3240,20.3263",0.42,low,67.59,True,
S1A_IW_GRDH_1SD_20230708_E374,S1A_IW_GRDH_1SDV_20230708T104129_20230708T104158_049331_05EE9E_A6CD,2023-07-08T10:41:29Z,112.0521,20.32882,1,0.34,90.0,,0.974,5.07,in_window,"112.0521,112.0521","20.3273,20.3303",15.05,low,122.59,True,
S1A_IW_GRDH_1SD_20230708_E376,S1A_IW_GRDH_1SDV_20230708T104129_20230708T104158_049331_05EE9E_A6CD,2023-07-08T10:41:29Z,112.48587,20.34283,6,2.91,81.3,548.0,0.778,4.86,in_window,"112.4819,112.4963","20.3235,20.3527",5.33,high,138.61,True,
S1A_IW_GRDH_1SD_20230708_E377,S1A_IW_GRDH_1SDV_20230708T104129_20230708T104158_049331_05EE9E_A6CD,2023-07-08T10:41:29Z,112.53759,20.32814,1,0.43,0.0,,0.85,4.86,in_window,"112.5356,112.5396","20.3281,20.3281",6.79,low,140.14,True,
S1A_IW_GRDH_1SD_20230708_E381,S1A_IW_GRDH_1SDV_20230708T104129_20230708T104158_049331_05EE9E_A6CD,2023-07-08T10:41:29Z,110.65621,20.35778,1,0.4,90.3,,0.965,7.22,in_window,"110.6560,110.6562","20.3562,20.3595",5.53,low,17.01,False,nearshore
S1A_IW_GRDH_1SD_20230708_E382,S1A_IW_GRDH_1SDV_20230708T104129_20230708T104158_049331_05EE9E_A6CD,2023-07-08T10:41:29Z,111.69228,20.3535,1,0.5,90.2,,0.974,5.53,in_window,"111.6921,111.6923","20.3517,20.3554",2.25,low,88.62,True,
S1A_IW_GRDH_1SD_20230708_E393,S1A_IW_GRDH_1SDV_20230708T104129_20230708T104158_049331_05EE9E_A6CD,2023-07-08T10:41:29Z,110.68854,20.48323,16,28.36,82.3,392.0,0.973,7.55,in_window,"110.6582,110.7467","20.3838,20.5385",57.09,high,16.16,True,
S1A_IW_GRDH_1SD_20230708_E394,S1A_IW_GRDH_1SDV_20230708T104129_20230708T104158_049331_05EE9E_A6CD,2023-07-08T10:41:29Z,112.30354,20.39626,1,0.47,90.2,,0.985,4.85,in_window,"112.3034,112.3036","20.3946,20.3980",3.82,low,134.79,True,
S1A_IW_GRDH_1SD_20230708_E395,S1A_IW_GRDH_1SDV_20230708T104129_20230708T104158_049331_05EE9E_A6CD,2023-07-08T10:41:29Z,110.60895,20.39228,1,0.33,0.0,,0.972,7.05,in_window,"110.6074,110.6104","20.3923,20.3923",4.54,low,10.86,False,nearshore
S1A_IW_GRDH_1SD_20230708_E396,S1A_IW_GRDH_1SDV_20230708T104129_20230708T104158_049331_05EE9E_A6CD,2023-07-08T10:41:29Z,111.31955,20.39309,1,0.35,0.0,,0.973,6.73,in_window,"111.3180,111.3211","20.3931,20.3931",3.78,low,59.3,True,
S1A_IW_GRDH_1SD_20230708_E402,S1A_IW_GRDH_1SDV_20230708T104129_20230708T104158_049331_05EE9E_A6CD,2023-07-08T10:41:29Z,111.26784,20.47295,28,94.58,116.9,233.0,0.981,6.96,in_window,"111.2280,111.2887","20.4197,20.5650",54.2,high,62.58,True,
S1A_IW_GRDH_1SD_20230708_E404,S1A_IW_GRDH_1SDV_20230708T104129_20230708T104158_049331_05EE9E_A6CD,2023-07-08T10:41:29Z,111.60816,20.41899,1,0.77,90.0,,0.992,5.86,in_window,"111.6082,111.6082","20.4155,20.4225",4.08,low,84.63,True,
S1A_IW_GRDH_1SD_20230708_E405,S1A_IW_GRDH_1SDV_20230708T104129_20230708T104158_049331_05EE9E_A6CD,2023-07-08T10:41:29Z,112.23076,20.42205,1,0.37,99.4,,0.971,4.85,in_window,"112.2301,112.2309","20.4213,20.4231",4.49,low,132.44,True,
S1A_IW_GRDH_1SD_20230708_E408,S1A_IW_GRDH_1SDV_20230708T104129_20230708T104158_049331_05EE9E_A6CD,2023-07-08T10:41:29Z,112.44269,20.42315,1,0.41,148.1,,0.98,4.76,in_window,"112.4414,112.4432","20.4228,20.4241",0.66,low,129.99,True,
S1A_IW_GRDH_1SD_20230708_E411,S1A_IW_GRDH_1SDV_20230708T104129_20230708T104158_049331_05EE9E_A6CD,2023-07-08T10:41:29Z,110.96647,20.4458,2,0.73,44.6,1609.0,0.962,7.71,in_window,"110.9340,110.9959","20.4289,20.4672",9.89,medium,43.42,True,
S1A_IW_GRDH_1SD_20230708_E417,S1A_IW_GRDH_1SDV_20230708T104129_20230708T104158_049331_05EE9E_A6CD,2023-07-08T10:41:29Z,111.11499,20.45182,2,0.77,90.2,,0.914,7.37,in_window,"111.1148,111.1153","20.4451,20.4593",4.73,medium,52.71,True,
S1A_IW_GRDH_1SD_20230708_E420,S1A_IW_GRDH_1SDV_20230708T104129_20230708T104158_049331_05EE9E_A6CD,2023-07-08T10:41:29Z,110.854,20.45453,2,0.67,90.7,2316.0,0.794,7.76,in_window,"110.8426,110.8649","20.4515,20.4572",3.2,medium,33.56,False,blob_invalid
S1A_IW_GRDH_1SD_20230708_E421,S1A_IW_GRDH_1SDV_20230708T104129_20230708T104158_049331_05EE9E_A6CD,2023-07-08T10:41:29Z,112.42824,20.51067,7,3.28,89.8,489.0,0.963,4.65,in_window,"112.4088,112.4454","20.4673,20.5555",38.58,high,120.47,True,
S1A_IW_GRDH_1SD_20230708_E423,S1A_IW_GRDH_1SDV_20230708T104129_20230708T104158_049331_05EE9E_A6CD,2023-07-08T10:41:29Z,111.04406,20.48495,2,1.15,90.0,213.0,0.972,7.61,in_window,"111.0426,111.0446","20.4648,20.4956",5.71,medium,52.25,True,
S1A_IW_GRDH_1SD_20230708_E426,S1A_IW_GRDH_1SDV_20230708T104129_20230708T104158_049331_05EE9E_A6CD,2023-07-08T10:41:29Z,110.60571,20.46173,1,0.32,0.0,,0.958,7.13,in_window,"110.6043,110.6072","20.4617,20.4617",2.4,low,7.7,False,nearshore
S1A_IW_GRDH_1SD_20230708_E427,S1A_IW_GRDH_1SDV_20230708T104129_20230708T104158_049331_05EE9E_A6CD,2023-07-08T10:41:29Z,112.73247,20.47771,3,1.3,89.8,222.0,0.927,4.63,in_window,"112.7313,112.7334","20.4634,20.4906",2.86,high,121.76,True,
S1A_IW_GRDH_1SD_20230708_E441,S1A_IW_GRDH_1SDV_20230708T104129_20230708T104158_049331_05EE9E_A6CD,2023-07-08T10:41:29Z,110.86257,20.49943,1,0.3,90.0,,0.973,7.81,in_window,"110.8626,110.8626","20.4981,20.5007",1.28,low,34.43,True,
S1A_IW_GRDH_1SD_20230708_E447,S1A_IW_GRDH_1SDV_20230708T104129_20230708T104158_049331_05EE9E_A6CD,2023-07-08T10:41:29Z,111.43729,20.523,1,0.33,89.0,,0.973,6.5,in_window,"111.4373,111.4375","20.5219,20.5242",4.42,low,78.18,True,
S1A_IW_GRDH_1SD_20230708_E450,S1A_IW_GRDH_1SDV_20230708T104129_20230708T104158_049331_05EE9E_A6CD,2023-07-08T10:41:29Z,111.97275,20.53181,1,0.33,0.0,,0.98,5.06,in_window,"111.9713,111.9743","20.5318,20.5318",5.98,low,114.99,True,
S1A_IW_GRDH_1SD_20230708_E452,S1A_IW_GRDH_1SDV_20230708T104129_20230708T104158_049331_05EE9E_A6CD,2023-07-08T10:41:29Z,112.52306,20.54631,1,0.6,90.0,,0.994,4.58,in_window,"112.5231,112.5231","20.5436,20.5490",4.33,low,116.02,True,
S1A_IW_GRDH_1SD_20230708_E461,S1A_IW_GRDH_1SDV_20230708T104129_20230708T104158_049331_05EE9E_A6CD,2023-07-08T10:41:29Z,112.35855,20.55883,2,1.63,135.6,2924.0,0.977,4.63,in_window,"112.3481,112.3746","20.5432,20.5628",15.94,medium,116.1,False,blob_invalid
S1A_IW_GRDH_1SD_20230708_E463,S1A_IW_GRDH_1SDV_20230708T104129_20230708T104158_049331_05EE9E_A6CD,2023-07-08T10:41:29Z,111.89481,20.54631,1,0.35,0.0,,0.597,5.24,in_window,"111.8932,111.8964","20.5463,20.5463",2.1,low,112.21,True,
S1A_IW_GRDH_1SD_20230708_E465,S1A_IW_GRDH_1SDV_20230708T104129_20230708T104158_049331_05EE9E_A6CD,2023-07-08T10:41:29Z,112.11873,20.56538,2,0.72,89.8,,0.986,4.86,in_window,"112.1185,112.1188","20.5623,20.5686",6.21,medium,114.06,True,
S1A_IW_GRDH_1SD_20230708_E467,S1A_IW_GRDH_1SDV_20230708T104129_20230708T104158_049331_05EE9E_A6CD,2023-07-08T10:41:29Z,110.85461,20.56375,1,0.32,90.0,,0.987,7.84,in_window,"110.8546,110.8548","20.5624,20.5651",11.06,low,34.83,True,
S1A_IW_GRDH_1SD_20230708_E468,S1A_IW_GRDH_1SDV_20230708T104129_20230708T104158_049331_05EE9E_A6CD,2023-07-08T10:41:29Z,112.68981,20.5651,2,0.65,178.8,263.0,0.973,4.55,in_window,"112.6838,112.6961","20.5636,20.5661",3.57,medium,112.44,True,
S1A_IW_GRDH_1SD_20230708_E471,S1A_IW_GRDH_1SDV_20230708T104129_20230708T104158_049331_05EE9E_A6CD,2023-07-08T10:41:29Z,110.71235,20.57462,2,1.57,44.6,,0.985,7.72,in_window,"110.7104,110.7210","20.5676,20.5820",7.57,medium,21.34,True,
S1A_IW_GRDH_1SD_20230708_E473,S1A_IW_GRDH_1SDV_20230708T104129_20230708T104158_049331_05EE9E_A6CD,2023-07-08T10:41:29Z,112.59333,20.59458,1,0.33,88.7,,0.957,4.52,in_window,"112.5933,112.5935","20.5934,20.5959",0.61,low,110.62,True,
S1A_IW_GRDH_1SD_20230708_E475,S1A_IW_GRDH_1SDV_20230708T104129_20230708T104158_049331_05EE9E_A6CD,2023-07-08T10:41:29Z,111.33026,20.59986,3,1.13,80.1,131.0,0.993,6.91,in_window,"111.3291,111.3306","20.5959,20.6041",1.77,high,77.85,True,
S1A_IW_GRDH_1SD_20230708_E476,S1A_IW_GRDH_1SDV_20230708T104129_20230708T104158_049331_05EE9E_A6CD,2023-07-08T10:41:29Z,111.51131,20.59885,1,0.31,88.7,,0.981,6.35,in_window,"111.5113,111.5115","20.5979,20.5999",1.72,low,89.6,True,
S1A_IW_GRDH_1SD_20230708_E486,S1A_IW_GRDH_1SDV_20230708T104129_20230708T104158_049331_05EE9E_A6CD,2023-07-08T10:41:29Z,110.74248,20.65657,2,1.0,90.0,,0.984,7.89,in_window,"110.7424,110.7425","20.6521,20.6610",18.08,medium,27.98,True,
S1A_IW_GRDH_1SD_20230708_E487,S1A_IW_GRDH_1SDV_20230708T104129_20230708T104158_049331_05EE9E_A6CD,2023-07-08T10:41:29Z,112.59283,20.64777,1,0.3,90.3,,0.975,4.45,in_window,"112.5927,112.5928","20.6466,20.6490",2.28,low,104.84,True,
S1A_IW_GRDH_1SD_20230708_E488,S1A_IW_GRDH_1SDV_20230708T104129_20230708T104158_049331_05EE9E_A6CD,2023-07-08T10:41:29Z,111.84608,20.6354,1,0.3,0.0,,0.949,5.4,in_window,"111.8447,111.8474","20.6354,20.6354",0.78,low,101.44,True,
S1A_IW_GRDH_1SD_20230708_E489,S1A_IW_GRDH_1SDV_20230708T104129_20230708T104158_049331_05EE9E_A6CD,2023-07-08T10:41:29Z,112.02451,20.64451,1,0.3,89.2,,0.961,5.01,in_window,"112.0243,112.0245","20.6433,20.6456",1.67,low,103.52,True,
S1A_IW_GRDH_1SD_20230708_E495,S1A_IW_GRDH_1SDV_20230708T104129_20230708T104158_049331_05EE9E_A6CD,2023-07-08T10:41:29Z,112.84059,20.67195,1,0.3,90.3,,0.977,4.44,in_window,"112.8406,112.8407","20.6709,20.6730",4.93,low,100.27,True,
S1A_IW_GRDH_1SD_20230708_E497,S1A_IW_GRDH_1SDV_20230708T104129_20230708T104158_049331_05EE9E_A6CD,2023-07-08T10:41:29Z,111.97772,20.69062,1,0.37,90.0,,0.993,5.13,in_window,"111.9777,111.9777","20.6890,20.6922",2.89,low,97.71,True,
S1A_IW_GRDH_1SD_20230708_E001,S1A_IW_GRDH_1SDV_20230708T104158_20230708T104223_049331_05EE9E_8714,2023-07-08T10:41:58Z,111.82102,20.74696,3,2.11,179.7,647.0,0.89,5.54,in_window,"111.7977,111.8586","20.7407,20.7530",17.1,high,88.83,True,
S1A_IW_GRDH_1SD_20230708_E002,S1A_IW_GRDH_1SDV_20230708T104158_20230708T104223_049331_05EE9E_8714,2023-07-08T10:41:58Z,112.41037,20.78675,2,1.22,90.1,,0.953,4.4,in_window,"112.4103,112.4105","20.7809,20.7926",4.32,medium,90.37,True,
S1A_IW_GRDH_1SD_20230708_E003,S1A_IW_GRDH_1SDV_20230708T104158_20230708T104223_049331_05EE9E_8714,2023-07-08T10:41:58Z,111.97311,20.75712,8,18.37,52.2,238.0,0.985,5.17,in_window,"111.9312,111.9835","20.7498,20.7636",14.79,high,90.37,True,
S1A_IW_GRDH_1SD_20230708_E007,S1A_IW_GRDH_1SDV_20230708T104158_20230708T104223_049331_05EE9E_8714,2023-07-08T10:41:58Z,111.53702,20.78624,1,0.45,137.2,,0.975,6.45,in_window,"111.5355,111.5375","20.7857,20.7876",0.53,low,77.53,True,
S1A_IW_GRDH_1SD_20230708_E008,S1A_IW_GRDH_1SDV_20230708T104158_20230708T104223_049331_05EE9E_8714,2023-07-08T10:41:58Z,112.34067,20.81608,2,0.84,44.6,430.0,0.541,4.47,in_window,"112.3387,112.3444","20.8132,20.8170",4.41,medium,88.55,True,
S1A_IW_GRDH_1SD_20230708_E013,S1A_IW_GRDH_1SDV_20230708T104158_20230708T104223_049331_05EE9E_8714,2023-07-08T10:41:58Z,110.60222,20.83145,1,0.37,101.2,,0.984,7.09,in_window,"110.6014,110.6024","20.8306,20.8328",1.16,low,5.91,False,nearshore
S1A_IW_GRDH_1SD_20230708_E016,S1A_IW_GRDH_1SDV_20230708T104158_20230708T104223_049331_05EE9E_8714,2023-07-08T10:41:58Z,111.20256,20.83098,1,0.86,0.0,,0.938,7.44,in_window,"111.1985,111.2066","20.8310,20.8310",2.64,low,60.76,True,
S1A_IW_GRDH_1SD_20230708_E017,S1A_IW_GRDH_1SDV_20230708T104158_20230708T104223_049331_05EE9E_8714,2023-07-08T10:41:58Z,111.50573,20.83304,1,0.3,90.8,,0.97,6.6,in_window,"111.5056,111.5057","20.8319,20.8343",0.55,low,71.53,True,
S1A_IW_GRDH_1SD_20230708_E019,S1A_IW_GRDH_1SDV_20230708T104158_20230708T104223_049331_05EE9E_8714,2023-07-08T10:41:58Z,112.08908,20.85774,2,1.36,90.0,,0.952,4.95,in_window,"112.0888,112.0892","20.8511,20.8648",2.15,medium,82.04,True,
S1A_IW_GRDH_1SD_20230708_E032,S1A_IW_GRDH_1SDV_20230708T104158_20230708T104223_049331_05EE9E_8714,2023-07-08T10:41:58Z,110.284,20.94778,2,1.11,53.8,530.0,0.554,4.16,in_window,"110.2832,110.2870","20.9422,20.9522",3.58,medium,3.12,False,nearshore
S1A_IW_GRDH_1SD_20230708_E036,S1A_IW_GRDH_1SDV_20230708T104158_20230708T104223_049331_05EE9E_8714,2023-07-08T10:41:58Z,112.23254,20.96229,2,1.07,89.6,,0.975,4.68,in_window,"112.2324,112.2325","20.9575,20.9671",4.27,medium,76.49,True,
S1A_IW_GRDH_1SD_20230708_E038,S1A_IW_GRDH_1SDV_20230708T104158_20230708T104223_049331_05EE9E_8714,2023-07-08T10:41:58Z,112.12697,20.96406,1,0.43,89.5,,0.986,4.92,in_window,"112.1268,112.1270","20.9625,20.9655",1.73,low,72.28,True,
S1A_IW_GRDH_1SD_20230708_E041,S1A_IW_GRDH_1SDV_20230708T104158_20230708T104223_049331_05EE9E_8714,2023-07-08T10:41:58Z,110.76695,20.97004,1,0.38,0.0,,0.98,7.61,in_window,"110.7652,110.7687","20.9700,20.9700",2.27,low,14.54,False,nearshore
S1A_IW_GRDH_1SD_20230708_E053,S1A_IW_GRDH_1SDV_20230708T104158_20230708T104223_049331_05EE9E_8714,2023-07-08T10:41:58Z,110.27159,21.06119,1,0.31,0.0,,0.903,3.77,in_window,"110.2702,110.2730","21.0612,21.0612",3.65,low,0.16,False,nearshore
S1A_IW_GRDH_1SD_20230708_E063,S1A_IW_GRDH_1SDV_20230708T104158_20230708T104223_049331_05EE9E_8714,2023-07-08T10:41:58Z,111.73808,21.0865,1,0.31,90.0,,0.975,5.92,in_window,"111.7381,111.7381","21.0851,21.0879",2.08,low,50.3,True,
S1A_IW_GRDH_1SD_20230708_E064,S1A_IW_GRDH_1SDV_20230708T104158_20230708T104223_049331_05EE9E_8714,2023-07-08T10:41:58Z,110.37619,21.14216,1,0.31,0.0,,0.985,4.3,in_window,"110.3748,110.3776","21.1422,21.1422",5.85,low,1.0,False,nearshore
S1A_IW_GRDH_1SD_20230708_E070,S1A_IW_GRDH_1SDV_20230708T104158_20230708T104223_049331_05EE9E_8714,2023-07-08T10:41:58Z,111.87027,21.13579,2,0.79,91.6,,0.973,5.58,in_window,"111.8700,111.8704","21.1195,21.1473",2.56,medium,47.39,True,
S1A_IW_GRDH_1SD_20230708_E071,S1A_IW_GRDH_1SDV_20230708T104158_20230708T104223_049331_05EE9E_8714,2023-07-08T10:41:58Z,111.73031,21.14072,1,0.35,139.3,,0.981,5.96,in_window,"111.7299,111.7314","21.1398,21.1411",2.43,low,44.28,True,
S1A_IW_GRDH_1SD_20230708_E078,S1A_IW_GRDH_1SDV_20230708T104158_20230708T104223_049331_05EE9E_8714,2023-07-08T10:41:58Z,112.05375,21.2074,8,36.75,148.9,454.0,0.985,5.15,in_window,"112.0471,112.0724","21.1832,21.2189",17.2,high,44.6,False,blob_invalid
S1A_IW_GRDH_1SD_20230708_E080,S1A_IW_GRDH_1SDV_20230708T104158_20230708T104223_049331_05EE9E_8714,2023-07-08T10:41:58Z,111.87258,21.17686,1,0.34,177.6,,0.99,5.57,in_window,"111.8710,111.8738","21.1768,21.1772",0.96,low,42.91,True,
S1A_IW_GRDH_1SD_20230708_E081,S1A_IW_GRDH_1SDV_20230708T104158_20230708T104223_049331_05EE9E_8714,2023-07-08T10:41:58Z,112.0161,21.17845,1,0.39,89.1,,0.989,5.22,in_window,"112.0159,112.0161","21.1771,21.1796",0.86,low,45.97,True,
S1A_IW_GRDH_1SD_20230708_E086,S1A_IW_GRDH_1SDV_20230708T104158_20230708T104223_049331_05EE9E_8714,2023-07-08T10:41:58Z,112.01501,21.21337,1,0.85,108.8,,0.989,5.22,in_window,"112.0128,112.0156","21.2120,21.2163",2.09,low,42.33,True,
S1A_IW_GRDH_1SD_20230708_E087,S1A_IW_GRDH_1SDV_20230708T104158_20230708T104223_049331_05EE9E_8714,2023-07-08T10:41:58Z,111.94326,21.21475,1,0.31,90.0,,0.984,5.4,in_window,"111.9431,111.9433","21.2139,21.2157",1.82,low,39.97,True,
S1A_IW_GRDH_1SD_20230708_E089,S1A_IW_GRDH_1SDV_20230708T104158_20230708T104223_049331_05EE9E_8714,2023-07-08T10:41:58Z,112.47806,21.22322,1,0.31,90.0,,0.953,4.62,in_window,"112.4781,112.4781","21.2219,21.2246",0.87,low,41.59,True,
S1A_IW_GRDH_1SD_20230708_E096,S1A_IW_GRDH_1SDV_20230708T104158_20230708T104223_049331_05EE9E_8714,2023-07-08T10:41:58Z,111.36066,21.30983,1,0.41,89.7,,0.971,6.33,in_window,"111.3606,111.3608","21.3082,21.3116",1.39,low,17.12,False,nearshore
S1A_IW_GRDH_1SD_20230708_E101,S1A_IW_GRDH_1SDV_20230708T104158_20230708T104223_049331_05EE9E_8714,2023-07-08T10:41:58Z,111.68935,21.32142,1,0.35,90.3,,0.974,5.93,in_window,"111.6893,111.6895","21.3200,21.3228",1.54,low,23.86,True,
S1A_IW_GRDH_1SD_20230708_E104,S1A_IW_GRDH_1SDV_20230708T104158_20230708T104223_049331_05EE9E_8714,2023-07-08T10:41:58Z,111.95979,21.35125,1,0.38,90.0,,0.863,5.3,in_window,"111.9596,111.9598","21.3498,21.3527",2.16,low,26.03,True,
S1A_IW_GRDH_1SD_20230708_E105,S1A_IW_GRDH_1SDV_20230708T104158_20230708T104223_049331_05EE9E_8714,2023-07-08T10:41:58Z,112.48343,21.35575,4,1.63,89.9,2421.0,0.983,4.68,in_window,"112.4567,112.5188","21.3454,21.3827",25.8,medium,27.05,False,blob_invalid
S1A_IW_GRDH_1SD_20230708_E106,S1A_IW_GRDH_1SDV_20230708T104158_20230708T104223_049331_05EE9E_8714,2023-07-08T10:41:58Z,112.02142,21.35091,1,0.3,91.2,,0.969,5.17,in_window,"112.0213,112.0214","21.3499,21.3520",0.86,low,29.13,True,
S1A_IW_GRDH_1SD_20230708_E107,S1A_IW_GRDH_1SDV_20230708T104158_20230708T104223_049331_05EE9E_8714,2023-07-08T10:41:58Z,111.6894,21.35123,1,0.38,99.2,,0.979,5.89,in_window,"111.6887,111.6895","21.3504,21.3526",2.32,low,20.69,True,
S1A_IW_GRDH_1SD_20230708_E110,S1A_IW_GRDH_1SDV_20230708T104158_20230708T104223_049331_05EE9E_8714,2023-07-08T10:41:58Z,111.13869,21.37255,2,0.82,90.0,,0.969,5.68,in_window,"111.1386,111.1387","21.3689,21.3762",4.45,medium,10.32,False,nearshore
S1A_IW_GRDH_1SD_20230708_E112,S1A_IW_GRDH_1SDV_20230708T104158_20230708T104223_049331_05EE9E_8714,2023-07-08T10:41:58Z,112.28129,21.37125,1,0.59,90.0,,0.942,4.78,in_window,"112.2813,112.2813","21.3686,21.3739",7.0,low,35.85,True,
S1A_IW_GRDH_1SD_20230708_E115,S1A_IW_GRDH_1SDV_20230708T104158_20230708T104223_049331_05EE9E_8714,2023-07-08T10:41:58Z,111.53745,21.3761,2,0.77,53.7,138.0,0.978,6.0,in_window,"111.5360,111.5379","21.3731,21.3779",3.02,medium,15.96,False,nearshore
S1A_IW_GRDH_1SD_20230708_E116,S1A_IW_GRDH_1SDV_20230708T104158_20230708T104223_049331_05EE9E_8714,2023-07-08T10:41:58Z,112.30683,21.40263,2,2.14,90.0,346.0,0.987,4.75,in_window,"112.3042,112.3077","21.3898,21.4206",10.17,medium,31.52,True,
S1A_IW_GRDH_1SD_20230708_E117,S1A_IW_GRDH_1SDV_20230708T104158_20230708T104223_049331_05EE9E_8714,2023-07-08T10:41:58Z,111.28889,21.39099,1,0.39,90.6,,0.967,5.78,in_window,"111.2889,111.2890","21.3896,21.3923",2.42,low,5.8,False,nearshore
S1A_IW_GRDH_1SD_20230708_E118,S1A_IW_GRDH_1SDV_20230708T104158_20230708T104223_049331_05EE9E_8714,2023-07-08T10:41:58Z,111.6569,21.38862,1,0.3,90.0,,0.979,5.86,in_window,"111.6567,111.6569","21.3874,21.3898",1.3,low,15.86,False,nearshore
S1A_IW_GRDH_1SD_20230708_E130,S1A_IW_GRDH_1SDV_20230708T104158_20230708T104223_049331_05EE9E_8714,2023-07-08T10:41:58Z,111.58015,21.42044,1,0.34,91.1,,0.983,5.83,in_window,"111.5800,111.5802","21.4194,21.4216",1.36,low,11.53,False,nearshore
S1A_IW_GRDH_1SD_20230708_E131,S1A_IW_GRDH_1SDV_20230708T104158_20230708T104223_049331_05EE9E_8714,2023-07-08T10:41:58Z,111.01838,21.42335,3,1.07,89.4,1617.0,0.975,5.04,in_window,"110.9982,111.0298","21.4190,21.4299",4.05,medium,2.05,False,nearshore
S1A_IW_GRDH_1SD_20230708_E135,S1A_IW_GRDH_1SDV_20230708T104158_20230708T104223_049331_05EE9E_8714,2023-07-08T10:41:58Z,111.00332,21.45649,1,0.31,90.0,,0.987,4.7,in_window,"111.0033,111.0033","21.4551,21.4578",3.01,low,0.66,False,nearshore
S1A_IW_GRDH_1SD_20230708_E136,S1A_IW_GRDH_1SDV_20230708T104158_20230708T104223_049331_05EE9E_8714,2023-07-08T10:41:58Z,112.31852,21.4877,9,7.34,90.2,1618.0,0.966,4.71,in_window,"112.2728,112.3892","21.4480,21.5242",54.29,medium,24.68,True,
S1A_IW_GRDH_1SD_20230708_E141,S1A_IW_GRDH_1SDV_20230708T104158_20230708T104223_049331_05EE9E_8714,2023-07-08T10:41:58Z,112.01808,21.47561,2,0.68,89.9,278.0,0.972,5.12,in_window,"112.0167,112.0194","21.4591,21.4909",4.2,medium,15.56,False,nearshore
S1A_IW_GRDH_1SD_20230708_E142,S1A_IW_GRDH_1SDV_20230708T104158_20230708T104223_049331_05EE9E_8714,2023-07-08T10:41:58Z,112.18964,21.5159,3,2.95,89.8,1950.0,0.981,4.73,in_window,"112.1630,112.2010","21.4960,21.5596",39.51,medium,21.86,True,
S1A_IW_GRDH_1SD_20230708_E146,S1A_IW_GRDH_1SDV_20230708T104158_20230708T104223_049331_05EE9E_8714,2023-07-08T10:41:58Z,111.74795,21.50887,6,5.21,0.0,871.0,0.896,5.63,in_window,"111.7212,111.7835","21.4904,21.5227",27.22,high,8.97,True,
S1A_IW_GRDH_1SD_20230708_E147,S1A_IW_GRDH_1SDV_20230708T104158_20230708T104223_049331_05EE9E_8714,2023-07-08T10:41:58Z,111.1817,21.48117,1,0.37,0.0,,0.984,4.9,in_window,"111.1800,111.1834","21.4812,21.4812",1.56,low,0.34,False,nearshore
S1A_IW_GRDH_1SD_20230708_E148,S1A_IW_GRDH_1SDV_20230708T104158_20230708T104223_049331_05EE9E_8714,2023-07-08T10:41:58Z,111.91688,21.48601,1,0.35,18.6,,0.969,5.33,in_window,"111.9155,111.9176","21.4851,21.4862",0.93,low,10.68,False,nearshore
S1A_IW_GRDH_1SD_20230708_E149,S1A_IW_GRDH_1SDV_20230708T104158_20230708T104223_049331_05EE9E_8714,2023-07-08T10:41:58Z,112.0942,21.50607,2,0.99,90.0,,0.991,4.93,in_window,"112.0941,112.0944","21.5014,21.5108",14.19,medium,16.1,False,nearshore
S1A_IW_GRDH_1SD_20230708_E152,S1A_IW_GRDH_1SDV_20230708T104158_20230708T104223_049331_05EE9E_8714,2023-07-08T10:41:58Z,112.03152,21.56988,6,2.68,80.8,457.0,0.969,4.45,in_window,"112.0161,112.0487","21.5380,21.6063",18.25,high,6.57,True,
S1A_IW_GRDH_1SD_20230708_E153,S1A_IW_GRDH_1SDV_20230708T104158_20230708T104223_049331_05EE9E_8714,2023-07-08T10:41:58Z,112.50243,21.52363,3,1.78,179.9,205.0,0.981,4.69,in_window,"112.4909,112.5127","21.5222,21.5260",20.55,high,8.64,True,
S1A_IW_GRDH_1SD_20230708_E156,S1A_IW_GRDH_1SDV_20230708T104158_20230708T104223_049331_05EE9E_8714,2023-07-08T10:41:58Z,112.12511,21.61123,4,1.79,79.9,,0.848,4.06,in_window,"112.0860,112.1491","21.5945,21.6301",35.7,medium,12.63,False,nearshore
S1A_IW_GRDH_1SD_20230801_E001,S1A_IW_GRDH_1SDV_20230801T104130_20230801T104159_049681_05F95D_06FD,2023-08-01T10:41:30Z,111.19692,19.21085,918,3783.71,87.4,189.0,0.972,0.59,low,"110.7138,111.8667","18.9904,19.6209",4035.07,low,49.46,False,blob_invalid
S1A_IW_GRDH_1SD_20230801_E003,S1A_IW_GRDH_1SDV_20230801T104130_20230801T104159_049681_05F95D_06FD,2023-08-01T10:41:30Z,110.57395,19.13132,20,124.26,104.6,273.0,0.972,2.41,in_window,"110.5523,110.6527","19.0194,19.2531",90.82,high,0.37,False,nearshore
S1A_IW_GRDH_1SD_20230801_E005,S1A_IW_GRDH_1SDV_20230801T104130_20230801T104159_049681_05F95D_06FD,2023-08-01T10:41:30Z,110.61538,19.04176,1,0.48,109.1,,0.977,2.67,in_window,"110.6150,110.6165","19.0404,19.0425",0.85,low,5.64,False,nearshore
S1A_IW_GRDH_1SD_20230801_E006,S1A_IW_GRDH_1SDV_20230801T104130_20230801T104159_049681_05F95D_06FD,2023-08-01T10:41:30Z,111.98957,19.07401,3,1.49,89.3,,0.978,2.56,in_window,"111.9207,112.0104","19.0671,19.0834",24.85,medium,118.0,True,
S1A_IW_GRDH_1SD_20230801_E007,S1A_IW_GRDH_1SDV_20230801T104130_20230801T104159_049681_05F95D_06FD,2023-08-01T10:41:30Z,112.2984,19.1641,185,602.69,86.3,293.0,0.97,2.08,in_window,"112.0492,112.5514","19.0574,19.3940",863.12,high,142.37,False,blob_invalid
S1A_IW_GRDH_1SD_20230801_E008,S1A_IW_GRDH_1SDV_20230801T104130_20230801T104159_049681_05F95D_06FD,2023-08-01T10:41:30Z,110.6773,19.08529,1,0.31,90.6,,0.961,2.6,in_window,"110.6771,110.6773","19.0842,19.0865",1.91,low,11.32,False,nearshore
S1A_IW_GRDH_1SD_20230801_E010,S1A_IW_GRDH_1SDV_20230801T104130_20230801T104159_049681_05F95D_06FD,2023-08-01T10:41:30Z,110.64856,19.07965,1,0.36,91.1,,0.984,2.59,in_window,"110.6485,110.6489","19.0783,19.0809",6.35,low,8.37,False,nearshore
S1A_IW_GRDH_1SD_20230801_E011,S1A_IW_GRDH_1SDV_20230801T104130_20230801T104159_049681_05F95D_06FD,2023-08-01T10:41:30Z,111.95596,19.13749,1,0.8,180.0,,0.958,2.5,in_window,"111.9522,111.9596","19.1375,19.1376",15.45,low,111.37,True,
S1A_IW_GRDH_1SD_20230801_E014,S1A_IW_GRDH_1SDV_20230801T104130_20230801T104159_049681_05F95D_06FD,2023-08-01T10:41:30Z,112.64971,19.19155,62,197.72,127.4,445.0,0.976,1.35,low,"112.5502,112.7076","19.1102,19.4674",225.32,low,176.14,True,
S1A_IW_GRDH_1SD_20230801_E015,S1A_IW_GRDH_1SDV_20230801T104130_20230801T104159_049681_05F95D_06FD,2023-08-01T10:41:30Z,112.62795,19.82212,924,4648.73,93.3,151.0,0.974,2.15,in_window,"112.2986,112.8962","19.1216,20.4253",3347.33,medium,167.85,False,blob_invalid
S1A_IW_GRDH_1SD_20230801_E016,S1A_IW_GRDH_1SDV_20230801T104130_20230801T104159_049681_05F95D_06FD,2023-08-01T10:41:30Z,112.86889,19.11975,1,0.35,90.0,,0.98,0.91,low,"112.8689,112.8689","19.1182,19.1213",5.75,low,200.38,True,
S1A_IW_GRDH_1SD_20230801_E020,S1A_IW_GRDH_1SDV_20230801T104130_20230801T104159_049681_05F95D_06FD,2023-08-01T10:41:30Z,111.95433,19.26783,47,255.29,100.3,297.0,0.979,2.47,in_window,"111.8780,112.0257","19.1685,19.3587",169.51,high,104.73,True,
S1A_IW_GRDH_1SD_20230801_E026,S1A_IW_GRDH_1SDV_20230801T104130_20230801T104159_049681_05F95D_06FD,2023-08-01T10:41:30Z,112.05698,19.22775,1,0.68,90.0,,0.978,2.37,in_window,"112.0570,112.0570","19.2247,19.2308",10.95,low,116.35,True,
S1A_IW_GRDH_1SD_20230801_E029,S1A_IW_GRDH_1SDV_20230801T104130_20230801T104159_049681_05F95D_06FD,2023-08-01T10:41:30Z,110.73443,19.30508,12,6.86,87.2,393.0,0.934,2.05,in_window,"110.6857,110.7618","19.2357,19.3475",57.79,high,6.74,True,
S1A_IW_GRDH_1SD_20230801_E031,S1A_IW_GRDH_1SDV_20230801T104130_20230801T104159_049681_05F95D_06FD,2023-08-01T10:41:30Z,112.04826,19.29291,9,4.94,17.0,203.0,0.97,2.41,in_window,"112.0163,112.0819","19.2825,19.3212",18.19,high,112.84,True,
S1A_IW_GRDH_1SD_20230801_E035,S1A_IW_GRDH_1SDV_20230801T104130_20230801T104159_049681_05F95D_06FD,2023-08-01T10:41:30Z,111.64991,19.36966,7,4.67,90.1,668.0,0.953,2.63,in_window,"111.6295,111.6588","19.3275,19.4549",44.18,high,71.06,True,
S1A_IW_GRDH_1SD_20230801_E037,S1A_IW_GRDH_1SDV_20230801T104130_20230801T104159_049681_05F95D_06FD,2023-08-01T10:41:30Z,112.15753,19.31387,1,0.43,90.0,,0.867,2.25,in_window,"112.1575,112.1575","19.3120,19.3158",0.49,low,122.94,True,
S1A_IW_GRDH_1SD_20230801_E038,S1A_IW_GRDH_1SDV_20230801T104130_20230801T104159_049681_05F95D_06FD,2023-08-01T10:41:30Z,112.1958,19.37679,1,0.97,90.0,,0.927,2.26,in_window,"112.1958,112.1958","19.3724,19.3812",9.22,low,124.96,True,
S1A_IW_GRDH_1SD_20230801_E039,S1A_IW_GRDH_1SDV_20230801T104130_20230801T104159_049681_05F95D_06FD,2023-08-01T10:41:30Z,112.37263,19.3166,1,0.41,88.8,,0.982,1.83,low,"112.3726,112.3728","19.3152,19.3183",2.13,low,144.52,True,
S1A_IW_GRDH_1SD_20230801_E041,S1A_IW_GRDH_1SDV_20230801T104130_20230801T104159_049681_05F95D_06FD,2023-08-01T10:41:30Z,112.23076,19.33811,2,0.72,94.3,465.0,0.98,2.16,in_window,"112.2296,112.2321","19.3240,19.3526",2.28,medium,129.56,True,
S1A_IW_GRDH_1SD_20230801_E045,S1A_IW_GRDH_1SDV_20230801T104130_20230801T104159_049681_05F95D_06FD,2023-08-01T10:41:30Z,111.85635,19.4678,45,107.52,88.3,342.0,0.976,3.0,in_window,"111.8018,111.9353","19.3449,19.6009",151.01,high,88.09,True,
S1A_IW_GRDH_1SD_20230801_E046,S1A_IW_GRDH_1SDV_20230801T104130_20230801T104159_049681_05F95D_06FD,2023-08-01T10:41:30Z,110.68238,19.35784,1,0.32,90.3,,0.99,1.71,low,"110.6822,110.6824","19.3566,19.3592",1.82,low,0.98,False,nearshore
S1A_IW_GRDH_1SD_20230801_E047,S1A_IW_GRDH_1SDV_20230801T104130_20230801T104159_049681_05F95D_06FD,2023-08-01T10:41:30Z,111.82941,19.35788,1,0.31,89.2,,0.991,2.69,in_window,"111.8292,111.8294","19.3567,19.3590",0.86,low,88.88,True,
S1A_IW_GRDH_1SD_20230801_E048,S1A_IW_GRDH_1SDV_20230801T104130_20230801T104159_049681_05F95D_06FD,2023-08-01T10:41:30Z,112.37904,19.37921,2,0.76,90.0,,0.914,1.85,low,"112.3786,112.3795","19.3721,19.3857",4.73,low,143.6,True,
S1A_IW_GRDH_1SD_20230801_E051,S1A_IW_GRDH_1SDV_20230801T104130_20230801T104159_049681_05F95D_06FD,2023-08-01T10:41:30Z,111.7165,19.4846,9,4.64,82.6,581.0,0.972,3.11,in_window,"111.6844,111.7325","19.3919,19.5375",28.51,high,73.42,True,
S1A_IW_GRDH_1SD_20230801_E053,S1A_IW_GRDH_1SDV_20230801T104130_20230801T104159_049681_05F95D_06FD,2023-08-01T10:41:30Z,111.98663,19.43407,6,3.6,90.2,1214.0,0.975,2.79,in_window,"111.9809,112.0045","19.4079,19.4561",12.78,high,102.21,True,
S1A_IW_GRDH_1SD_20230801_E057,S1A_IW_GRDH_1SDV_20230801T104130_20230801T104159_049681_05F95D_06FD,2023-08-01T10:41:30Z,111.80776,19.44299,1,0.36,90.0,,0.955,2.96,in_window,"111.8078,111.8078","19.4414,19.4446",4.42,low,83.82,True,
S1A_IW_GRDH_1SD_20230801_E062,S1A_IW_GRDH_1SDV_20230801T104130_20230801T104159_049681_05F95D_06FD,2023-08-01T10:41:30Z,112.1092,19.50676,5,2.82,90.0,2362.0,0.981,2.77,in_window,"112.0821,112.1296","19.4697,19.5239",42.95,medium,113.4,False,blob_invalid
S1A_IW_GRDH_1SD_20230801_E065,S1A_IW_GRDH_1SDV_20230801T104130_20230801T104159_049681_05F95D_06FD,2023-08-01T10:41:30Z,112.281,19.50008,5,3.48,89.9,510.0,0.942,2.35,in_window,"112.2694,112.3006","19.4606,19.5283",21.16,high,131.32,True,
S1A_IW_GRDH_1SD_20230801_E070,S1A_IW_GRDH_1SDV_20230801T104130_20230801T104159_049681_05F95D_06FD,2023-08-01T10:41:30Z,111.48875,19.52975,8,8.52,81.8,370.0,0.971,3.14,in_window,"111.4623,111.5092","19.4884,19.5556",23.47,high,49.1,True,
S1A_IW_GRDH_1SD_20230801_E073,S1A_IW_GRDH_1SDV_20230801T104130_20230801T104159_049681_05F95D_06FD,2023-08-01T10:41:30Z,111.91558,19.49399,2,0.76,89.5,,0.982,3.05,in_window,"111.9151,111.9158","19.4891,19.4994",1.75,medium,93.59,True,
S1A_IW_GRDH_1SD_20230801_E074,S1A_IW_GRDH_1SDV_20230801T104130_20230801T104159_049681_05F95D_06FD,2023-08-01T10:41:30Z,112.01489,19.49335,2,0.8,140.8,120.0,0.988,2.95,in_window,"112.0136,112.0179","19.4917,19.4945",3.28,medium,103.85,True,
S1A_IW_GRDH_1SD_20230801_E075,S1A_IW_GRDH_1SDV_20230801T104130_20230801T104159_049681_05F95D_06FD,2023-08-01T10:41:30Z,112.19536,19.49051,2,0.91,87.7,,0.993,2.54,in_window,"112.1947,112.1956","19.4871,19.4935",1.65,medium,122.57,True,
S1A_IW_GRDH_1SD_20230801_E076,S1A_IW_GRDH_1SDV_20230801T104130_20230801T104159_049681_05F95D_06FD,2023-08-01T10:41:30Z,111.61957,19.50698,5,3.88,98.6,327.0,0.985,3.13,in_window,"111.6172,111.6220","19.4963,19.5349",6.62,high,62.98,True,
S1A_IW_GRDH_1SD_20230801_E079,S1A_IW_GRDH_1SDV_20230801T104130_20230801T104159_049681_05F95D_06FD,2023-08-01T10:41:30Z,111.33154,19.52794,1,0.31,89.4,,0.98,2.72,in_window,"111.3314,111.3316","19.5267,19.5291",2.49,low,33.53,True,
S1A_IW_GRDH_1SD_20230801_E080,S1A_IW_GRDH_1SDV_20230801T104130_20230801T104159_049681_05F95D_06FD,2023-08-01T10:41:30Z,112.16524,19.521,1,0.53,90.0,,0.978,2.66,in_window,"112.1652,112.1654","19.5189,19.5231",1.33,low,119.02,True,
S1A_IW_GRDH_1SD_20230801_E081,S1A_IW_GRDH_1SDV_20230801T104130_20230801T104159_049681_05F95D_06FD,2023-08-01T10:41:30Z,111.28794,19.53343,1,0.51,90.0,,0.987,2.65,in_window,"111.2879,111.2879","19.5311,19.5357",7.06,low,29.1,True,
S1A_IW_GRDH_1SD_20230801_E082,S1A_IW_GRDH_1SDV_20230801T104130_20230801T104159_049681_05F95D_06FD,2023-08-01T10:41:30Z,112.00933,19.53019,1,0.36,90.0,,0.985,3.03,in_window,"112.0093,112.0093","19.5286,19.5318",2.47,low,102.7,True,
S1A_IW_GRDH_1SD_20230801_E083,S1A_IW_GRDH_1SDV_20230801T104130_20230801T104159_049681_05F95D_06FD,2023-08-01T10:41:30Z,111.76434,19.54092,3,1.36,90.2,619.0,0.957,3.28,in_window,"111.7571,111.7690","19.5228,19.5670",8.63,high,77.15,True,
S1A_IW_GRDH_1SD_20230801_E086,S1A_IW_GRDH_1SDV_20230801T104130_20230801T104159_049681_05F95D_06FD,2023-08-01T10:41:30Z,111.36136,19.5317,1,0.42,89.4,,0.955,2.82,in_window,"111.3612,111.3614","19.5301,19.5332",0.97,low,36.29,True,
S1A_IW_GRDH_1SD_20230801_E088,S1A_IW_GRDH_1SDV_20230801T104130_20230801T104159_049681_05F95D_06FD,2023-08-01T10:41:30Z,112.04358,19.55605,2,1.49,89.9,,0.995,2.99,in_window,"112.0433,112.0439","19.5462,19.5662",7.08,medium,105.97,True,
S1A_IW_GRDH_1SD_20230801_E089,S1A_IW_GRDH_1SDV_20230801T104130_20230801T104159_049681_05F95D_06FD,2023-08-01T10:41:30Z,111.15006,19.53843,1,1.43,90.0,,0.982,2.08,in_window,"111.1501,111.1502","19.5320,19.5449",7.48,low,16.66,False,nearshore
S1A_IW_GRDH_1SD_20230801_E092,S1A_IW_GRDH_1SDV_20230801T104130_20230801T104159_049681_05F95D_06FD,2023-08-01T10:41:30Z,111.95149,19.55583,1,0.38,88.7,,0.973,3.13,in_window,"111.9515,111.9516","19.5546,19.5573",1.68,low,96.38,True,
S1A_IW_GRDH_1SD_20230801_E093,S1A_IW_GRDH_1SDV_20230801T104130_20230801T104159_049681_05F95D_06FD,2023-08-01T10:41:30Z,111.6487,19.5676,5,4.32,177.9,2094.0,0.983,3.34,in_window,"111.6344,111.6584","19.5586,19.6027",15.44,medium,64.76,False,blob_invalid
S1A_IW_GRDH_1SD_20230801_E094,S1A_IW_GRDH_1SDV_20230801T104130_20230801T104159_049681_05F95D_06FD,2023-08-01T10:41:30Z,111.23169,19.56111,1,0.59,90.1,,0.991,2.62,in_window,"111.2317,111.2318","19.5590,19.5632",1.84,low,22.48,True,
S1A_IW_GRDH_1SD_20230801_E095,S1A_IW_GRDH_1SDV_20230801T104130_20230801T104159_049681_05F95D_06FD,2023-08-01T10:41:30Z,112.59196,19.58169,2,1.2,90.0,344.0,0.855,1.79,low,"112.5897,112.5930","19.5729,19.5885",6.8,low,163.04,True,
S1A_IW_GRDH_1SD_20230801_E098,S1A_IW_GRDH_1SDV_20230801T104130_20230801T104159_049681_05F95D_06FD,2023-08-01T10:41:30Z,111.40064,19.62781,2,0.99,89.7,103.0,0.957,3.4,in_window,"111.4000,111.4012","19.6174,19.6362",14.82,medium,38.32,True,
S1A_IW_GRDH_1SD_20230801_E100,S1A_IW_GRDH_1SDV_20230801T104130_20230801T104159_049681_05F95D_06FD,2023-08-01T10:41:30Z,111.44131,19.62807,2,1.57,90.0,,0.978,3.49,in_window,"111.4412,111.4414","19.6190,19.6364",5.87,medium,42.57,True,
S1A_IW_GRDH_1SD_20230801_E101,S1A_IW_GRDH_1SDV_20230801T104130_20230801T104159_049681_05F95D_06FD,2023-08-01T10:41:30Z,111.32627,19.59425,1,0.4,89.0,,0.968,3.07,in_window,"111.3261,111.3263","19.5928,19.5955",0.69,low,30.96,True,
S1A_IW_GRDH_1SD_20230801_E103,S1A_IW_GRDH_1SDV_20230801T104130_20230801T104159_049681_05F95D_06FD,2023-08-01T10:41:30Z,111.51266,19.60101,1,0.47,89.4,,0.983,3.49,in_window,"111.5125,111.5127","19.5990,19.6028",3.11,low,50.21,True,
S1A_IW_GRDH_1SD_20230801_E104,S1A_IW_GRDH_1SDV_20230801T104130_20230801T104159_049681_05F95D_06FD,2023-08-01T10:41:30Z,111.95221,19.61039,2,0.77,90.0,,0.935,3.24,in_window,"111.9371,111.9738","19.6070,19.6136",21.96,medium,96.04,True,
S1A_IW_GRDH_1SD_20230801_E105,S1A_IW_GRDH_1SDV_20230801T104130_20230801T104159_049681_05F95D_06FD,2023-08-01T10:41:30Z,111.74196,19.62166,14,35.16,103.5,535.0,0.968,3.51,in_window,"111.7172,111.7683","19.6008,19.6364",24.74,high,74.02,True,
S1A_IW_GRDH_1SD_20230801_E108,S1A_IW_GRDH_1SDV_20230801T104130_20230801T104159_049681_05F95D_06FD,2023-08-01T10:41:30Z,110.93948,19.60784,1,0.3,90.0,,0.897,1.27,low,"110.9395,110.9395","19.6065,19.6091",0.75,low,0.22,False,nearshore
S1A_IW_GRDH_1SD_20230801_E110,S1A_IW_GRDH_1SDV_20230801T104130_20230801T104159_049681_05F95D_06FD,2023-08-01T10:41:30Z,112.23724,19.68174,6,5.43,86.0,237.0,0.987,2.7,in_window,"112.2284,112.2448","19.6260,19.7280",32.61,high,125.87,True,
S1A_IW_GRDH_1SD_20230801_E111,S1A_IW_GRDH_1SDV_20230801T104130_20230801T104159_049681_05F95D_06FD,2023-08-01T10:41:30Z,112.05313,19.64807,2,2.09,90.0,,0.978,3.12,in_window,"112.0529,112.0533","19.6382,19.6581",8.31,medium,106.54,True,
S1A_IW_GRDH_1SD_20230801_E112,S1A_IW_GRDH_1SDV_20230801T104130_20230801T104159_049681_05F95D_06FD,2023-08-01T10:41:30Z,112.01347,19.63117,1,0.37,89.6,,0.984,3.19,in_window,"112.0135,112.0136","19.6297,19.6327",6.95,low,102.4,True,
S1A_IW_GRDH_1SD_20230801_E114,S1A_IW_GRDH_1SDV_20230801T104130_20230801T104159_049681_05F95D_06FD,2023-08-01T10:41:30Z,111.79801,19.62986,1,0.33,90.0,,0.78,3.47,in_window,"111.7980,111.7980","19.6284,19.6313",0.88,low,79.86,True,
S1A_IW_GRDH_1SD_20230801_E115,S1A_IW_GRDH_1SDV_20230801T104130_20230801T104159_049681_05F95D_06FD,2023-08-01T10:41:30Z,111.35614,19.66548,2,1.15,0.0,,0.979,3.48,in_window,"111.3502,111.3625","19.6653,19.6657",10.91,medium,33.73,True,
S1A_IW_GRDH_1SD_20230801_E117,S1A_IW_GRDH_1SDV_20230801T104130_20230801T104159_049681_05F95D_06FD,2023-08-01T10:41:30Z,111.845,19.6322,1,0.86,0.0,,0.966,3.43,in_window,"111.8410,111.8490","19.6322,19.6322",5.16,low,84.77,True,
S1A_IW_GRDH_1SD_20230801_E118,S1A_IW_GRDH_1SDV_20230801T104130_20230801T104159_049681_05F95D_06FD,2023-08-01T10:41:30Z,112.09507,19.6493,1,1.03,90.1,,0.917,3.02,in_window,"112.0951,112.0953","19.6448,19.6536",3.65,low,110.93,True,
S1A_IW_GRDH_1SD_20230801_E120,S1A_IW_GRDH_1SDV_20230801T104130_20230801T104159_049681_05F95D_06FD,2023-08-01T10:41:30Z,111.87266,19.68692,5,2.12,90.2,,0.941,3.53,in_window,"111.8723,111.8734","19.6709,19.7056",13.76,medium,87.8,True,
S1A_IW_GRDH_1SD_20230801_E127,S1A_IW_GRDH_1SDV_20230801T104130_20230801T104159_049681_05F95D_06FD,2023-08-01T10:41:30Z,111.77815,19.68263,5,2.23,89.7,361.0,0.93,3.65,in_window,"111.7729,111.7827","19.6683,19.6939",10.16,high,77.9,True,
S1A_IW_GRDH_1SD_20230801_E128,S1A_IW_GRDH_1SDV_20230801T104130_20230801T104159_049681_05F95D_06FD,2023-08-01T10:41:30Z,112.1579,19.67286,1,0.43,90.4,,0.983,2.9,in_window,"112.1577,112.1579","19.6711,19.6747",1.22,low,117.55,True,
S1A_IW_GRDH_1SD_20230801_E129,S1A_IW_GRDH_1SDV_20230801T104130_20230801T104159_049681_05F95D_06FD,2023-08-01T10:41:30Z,112.33834,19.67217,7,11.95,1.3,679.0,0.979,2.44,in_window,"112.3087,112.3451","19.6625,19.7189",21.49,high,136.41,True,
S1A_IW_GRDH_1SD_20230801_E131,S1A_IW_GRDH_1SDV_20230801T104130_20230801T104159_049681_05F95D_06FD,2023-08-01T10:41:30Z,112.37518,19.67209,2,0.68,89.9,,0.987,2.35,in_window,"112.3750,112.3752","19.6694,19.6750",1.76,medium,140.26,True,
S1A_IW_GRDH_1SD_20230801_E133,S1A_IW_GRDH_1SDV_20230801T104130_20230801T104159_049681_05F95D_06FD,2023-08-01T10:41:30Z,112.03385,19.7578,4,1.75,90.0,1037.0,0.823,3.41,in_window,"112.0243,112.0442","19.7226,19.7940",27.49,high,105.3,True,
S1A_IW_GRDH_1SD_20230801_E135,S1A_IW_GRDH_1SDV_20230801T104130_20230801T104159_049681_05F95D_06FD,2023-08-01T10:41:30Z,111.33053,19.73016,1,0.45,90.0,,0.983,3.78,in_window,"111.3305,111.3307","19.7283,19.7320",8.51,low,32.44,True,
S1A_IW_GRDH_1SD_20230801_E136,S1A_IW_GRDH_1SDV_20230801T104130_20230801T104159_049681_05F95D_06FD,2023-08-01T10:41:30Z,111.51042,19.70149,2,0.73,125.7,211.0,0.98,3.97,in_window,"111.5094,111.5122","19.6996,19.7037",1.92,medium,50.2,True,
S1A_IW_GRDH_1SD_20230801_E137,S1A_IW_GRDH_1SDV_20230801T104130_20230801T104159_049681_05F95D_06FD,2023-08-01T10:41:30Z,111.37172,19.69666,1,0.34,90.1,,0.966,3.68,in_window,"111.3717,111.3719","19.6954,19.6979",0.49,low,35.77,True,
S1A_IW_GRDH_1SD_20230801_E138,S1A_IW_GRDH_1SDV_20230801T104130_20230801T104159_049681_05F95D_06FD,2023-08-01T10:41:30Z,111.02789,19.71149,5,3.33,88.6,1032.0,0.965,2.25,in_window,"111.0102,111.0341","19.6987,19.7388",11.52,high,3.08,False,nearshore
S1A_IW_GRDH_1SD_20230801_E139,S1A_IW_GRDH_1SDV_20230801T104130_20230801T104159_049681_05F95D_06FD,2023-08-01T10:41:30Z,111.40217,19.7023,2,0.67,54.3,,0.985,3.77,in_window,"111.4017,111.4038","19.7009,19.7047",2.0,medium,39.01,True,
S1A_IW_GRDH_1SD_20230801_E148,S1A_IW_GRDH_1SDV_20230801T104130_20230801T104159_049681_05F95D_06FD,2023-08-01T10:41:30Z,112.27005,19.76798,14,57.83,84.7,445.0,0.984,2.75,in_window,"112.2579,112.3130","19.7501,19.8516",49.64,high,129.97,True,
S1A_IW_GRDH_1SD_20230801_E149,S1A_IW_GRDH_1SDV_20230801T104130_20230801T104159_049681_05F95D_06FD,2023-08-01T10:41:30Z,111.4751,19.73249,1,0.34,91.1,,0.98,4.07,in_window,"111.4751,111.4753","19.7313,19.7335",2.08,low,47.14,True,
S1A_IW_GRDH_1SD_20230801_E152,S1A_IW_GRDH_1SDV_20230801T104130_20230801T104159_049681_05F95D_06FD,2023-08-01T10:41:30Z,112.849,19.75237,1,1.08,90.0,,0.914,1.96,low,"112.8490,112.8490","19.7475,19.7572",11.83,low,190.18,True,
S1A_IW_GRDH_1SD_20230801_E154,S1A_IW_GRDH_1SDV_20230801T104130_20230801T104159_049681_05F95D_06FD,2023-08-01T10:41:30Z,112.19287,19.77561,7,15.77,1.5,453.0,0.98,2.95,in_window,"112.1721,112.2023","19.7627,19.8194",24.36,high,122.05,True,
S1A_IW_GRDH_1SD_20230801_E155,S1A_IW_GRDH_1SDV_20230801T104130_20230801T104159_049681_05F95D_06FD,2023-08-01T10:41:30Z,111.30342,19.78592,1,0.75,90.0,,0.989,3.97,in_window,"111.3034,111.3034","19.7825,19.7893",14.92,low,32.23,True,
S1A_IW_GRDH_1SD_20230801_E158,S1A_IW_GRDH_1SDV_20230801T104130_20230801T104159_049681_05F95D_06FD,2023-08-01T10:41:30Z,111.83891,19.77106,1,0.54,152.5,,0.993,3.79,in_window,"111.8382,111.8408","19.7698,19.7716",2.84,low,85.33,True,
S1A_IW_GRDH_1SD_20230801_E161,S1A_IW_GRDH_1SDV_20230801T104130_20230801T104159_049681_05F95D_06FD,2023-08-01T10:41:30Z,111.4756,19.76916,1,0.71,142.3,,0.961,4.19,in_window,"111.4741,111.4779","19.7671,19.7698",0.73,low,48.21,True,
S1A_IW_GRDH_1SD_20230801_E163,S1A_IW_GRDH_1SDV_20230801T104130_20230801T104159_049681_05F95D_06FD,2023-08-01T10:41:30Z,111.97228,19.79003,3,1.71,89.9,133.0,0.902,3.55,in_window,"111.9713,111.9739","19.7792,19.8074",5.69,high,99.43,True,
S1A_IW_GRDH_1SD_20230801_E167,S1A_IW_GRDH_1SDV_20230801T104130_20230801T104159_049681_05F95D_06FD,2023-08-01T10:41:30Z,111.25968,19.80515,2,0.69,44.0,394.0,0.975,4.01,in_window,"111.2586,111.2621","19.8017,19.8098",4.56,medium,28.18,True,
S1A_IW_GRDH_1SD_20230801_E169,S1A_IW_GRDH_1SDV_20230801T104130_20230801T104159_049681_05F95D_06FD,2023-08-01T10:41:30Z,111.0409,19.79914,2,0.75,44.3,206.0,0.974,2.76,in_window,"111.0358,111.0442","19.7936,19.8038",9.87,medium,5.69,False,nearshore
S1A_IW_GRDH_1SD_20230801_E171,S1A_IW_GRDH_1SDV_20230801T104130_20230801T104159_049681_05F95D_06FD,2023-08-01T10:41:30Z,111.68023,19.80026,1,0.32,88.7,,0.99,4.07,in_window,"111.6802,111.6804","19.7993,19.8014",4.61,low,69.75,True,
S1A_IW_GRDH_1SD_20230801_E175,S1A_IW_GRDH_1SDV_20230801T104130_20230801T104159_049681_05F95D_06FD,2023-08-01T10:41:30Z,111.87498,19.80195,2,0.83,95.6,,0.972,3.74,in_window,"111.8748,111.8760","19.7989,19.8043",3.93,medium,89.66,True,
S1A_IW_GRDH_1SD_20230801_E178,S1A_IW_GRDH_1SDV_20230801T104130_20230801T104159_049681_05F95D_06FD,2023-08-01T10:41:30Z,111.54963,19.82376,1,0.49,90.0,,0.84,4.28,in_window,"111.5496,111.5496","19.8216,19.8260",2.33,low,57.48,True,
S1A_IW_GRDH_1SD_20230801_E179,S1A_IW_GRDH_1SDV_20230801T104130_20230801T104159_049681_05F95D_06FD,2023-08-01T10:41:30Z,112.84473,19.83084,2,0.66,90.1,102.0,0.916,2.0,low,"112.8440,112.8452","19.8223,19.8406",3.87,low,190.49,True,
S1A_IW_GRDH_1SD_20230801_E180,S1A_IW_GRDH_1SDV_20230801T104130_20230801T104159_049681_05F95D_06FD,2023-08-01T10:41:30Z,111.07048,19.87298,8,3.66,92.3,300.0,0.908,3.26,in_window,"111.0614,111.0750","19.8286,19.9126",21.27,high,9.8,True,
S1A_IW_GRDH_1SD_20230801_E181,S1A_IW_GRDH_1SDV_20230801T104130_20230801T104159_049681_05F95D_06FD,2023-08-01T10:41:30Z,111.44107,19.84694,3,1.74,90.1,,0.983,4.34,in_window,"111.4406,111.4418","19.8303,19.8629",9.42,medium,47.71,True,
S1A_IW_GRDH_1SD_20230801_E182,S1A_IW_GRDH_1SDV_20230801T104130_20230801T104159_049681_05F95D_06FD,2023-08-01T10:41:30Z,112.08785,19.83868,3,1.1,89.6,,0.992,3.22,in_window,"112.0878,112.0880","19.8337,19.8437",4.23,medium,112.29,True,
S1A_IW_GRDH_1SD_20230801_E183,S1A_IW_GRDH_1SDV_20230801T104130_20230801T104159_049681_05F95D_06FD,2023-08-01T10:41:30Z,111.97411,19.85386,2,0.63,89.3,799.0,0.983,3.53,in_window,"111.9705,111.9777","19.8348,19.8729",5.88,medium,101.02,True,
S1A_IW_GRDH_1SD_20230801_E186,S1A_IW_GRDH_1SDV_20230801T104130_20230801T104159_049681_05F95D_06FD,2023-08-01T10:41:30Z,111.83869,19.88431,4,1.4,96.6,1188.0,0.978,3.89,in_window,"111.8278,111.8451","19.8399,19.9425",14.11,high,88.26,True,
S1A_IW_GRDH_1SD_20230801_E188,S1A_IW_GRDH_1SDV_20230801T104130_20230801T104159_049681_05F95D_06FD,2023-08-01T10:41:30Z,111.51601,19.85972,3,1.74,5.2,1484.0,0.906,4.4,in_window,"111.5096,111.5261","19.8396,19.8707",9.01,high,55.67,True,
S1A_IW_GRDH_1SD_20230801_E189,S1A_IW_GRDH_1SDV_20230801T104130_20230801T104159_049681_05F95D_06FD,2023-08-01T10:41:30Z,111.91867,19.83993,2,0.78,179.7,,0.879,3.67,in_window,"111.9145,111.9227","19.8399,19.8401",2.36,medium,95.02,True,
S1A_IW_GRDH_1SD_20230801_E190,S1A_IW_GRDH_1SDV_20230801T104130_20230801T104159_049681_05F95D_06FD,2023-08-01T10:41:30Z,111.71274,19.84123,2,0.82,0.0,,0.89,4.1,in_window,"111.7089,111.7166","19.8412,19.8413",2.45,medium,74.26,True,
S1A_IW_GRDH_1SD_20230801_E194,S1A_IW_GRDH_1SDV_20230801T104130_20230801T104159_049681_05F95D_06FD,2023-08-01T10:41:30Z,111.91171,19.93007,7,8.43,91.6,726.0,0.985,3.73,in_window,"111.9006,111.9420","19.8905,19.9391",18.13,high,97.11,True,
S1A_IW_GRDH_1SD_20230801_E197,S1A_IW_GRDH_1SDV_20230801T104130_20230801T104159_049681_05F95D_06FD,2023-08-01T10:41:30Z,111.61848,19.89843,1,0.32,90.0,,0.978,4.34,in_window,"111.6185,111.6185","19.8970,19.8998",7.98,low,67.06,True,
S1A_IW_GRDH_1SD_20230801_E198,S1A_IW_GRDH_1SDV_20230801T104130_20230801T104159_049681_05F95D_06FD,2023-08-01T10:41:30Z,112.20203,19.9265,7,3.53,89.4,425.0,0.978,2.88,in_window,"112.1924,112.2205","19.8979,19.9465",11.61,high,126.09,True,
S1A_IW_GRDH_1SD_20230801_E200,S1A_IW_GRDH_1SDV_20230801T104130_20230801T104159_049681_05F95D_06FD,2023-08-01T10:41:30Z,111.8732,19.91458,2,0.73,89.9,,0.917,3.82,in_window,"111.8730,111.8733","19.9024,19.9256",4.12,medium,92.74,True,
S1A_IW_GRDH_1SD_20230801_E201,S1A_IW_GRDH_1SDV_20230801T104130_20230801T104159_049681_05F95D_06FD,2023-08-01T10:41:30Z,112.26526,19.9633,5,2.0,90.6,1811.0,0.97,2.72,in_window,"112.2298,112.2992","19.9023,20.0067",27.82,medium,133.53,True,
S1A_IW_GRDH_1SD_20230801_E202,S1A_IW_GRDH_1SDV_20230801T104130_20230801T104159_049681_05F95D_06FD,2023-08-01T10:41:30Z,112.22821,19.90839,1,0.34,0.0,,0.971,2.81,in_window,"112.2267,112.2298","19.9084,19.9084",2.55,low,128.27,True,
S1A_IW_GRDH_1SD_20230801_E207,S1A_IW_GRDH_1SDV_20230801T104130_20230801T104159_049681_05F95D_06FD,2023-08-01T10:41:30Z,111.6932,19.90858,1,0.37,178.8,,0.989,4.25,in_window,"111.6915,111.6946","19.9086,19.9088",1.79,low,74.92,True,
S1A_IW_GRDH_1SD_20230801_E209,S1A_IW_GRDH_1SDV_20230801T104130_20230801T104159_049681_05F95D_06FD,2023-08-01T10:41:30Z,111.11975,19.90979,2,0.76,90.7,,0.99,3.71,in_window,"111.1195,111.1200","19.9061,19.9134",0.88,medium,15.7,False,nearshore
S1A_IW_GRDH_1SD_20230801_E212,S1A_IW_GRDH_1SDV_20230801T104130_20230801T104159_049681_05F95D_06FD,2023-08-01T10:41:30Z,111.29354,19.91469,1,0.47,89.7,,0.975,4.48,in_window,"111.2934,111.2936","19.9130,19.9163",1.38,low,33.54,True,
S1A_IW_GRDH_1SD_20230801_E213,S1A_IW_GRDH_1SDV_20230801T104130_20230801T104159_049681_05F95D_06FD,2023-08-01T10:41:30Z,111.33173,19.92687,1,0.48,90.4,,0.816,4.54,in_window,"111.3316,111.3317","19.9250,19.9289",1.17,low,37.71,True,
S1A_IW_GRDH_1SD_20230801_E215,S1A_IW_GRDH_1SDV_20230801T104130_20230801T104159_049681_05F95D_06FD,2023-08-01T10:41:30Z,112.11785,19.96369,1,0.46,90.0,,0.898,3.11,in_window,"112.1179,112.1179","19.9616,19.9658",4.3,low,118.75,True,
S1A_IW_GRDH_1SD_20230801_E217,S1A_IW_GRDH_1SDV_20230801T104130_20230801T104159_049681_05F95D_06FD,2023-08-01T10:41:30Z,111.9825,19.95568,1,0.8,90.0,,0.942,3.52,in_window,"111.9825,111.9825","19.9521,19.9593",7.09,low,105.03,True,
S1A_IW_GRDH_1SD_20230801_E218,S1A_IW_GRDH_1SDV_20230801T104130_20230801T104159_049681_05F95D_06FD,2023-08-01T10:41:30Z,111.51092,19.96156,3,1.06,90.0,,0.964,4.63,in_window,"111.5087,111.5125","19.9447,19.9770",4.21,medium,56.84,True,
S1A_IW_GRDH_1SD_20230801_E219,S1A_IW_GRDH_1SDV_20230801T104130_20230801T104159_049681_05F95D_06FD,2023-08-01T10:41:30Z,111.04161,19.94404,2,0.76,70.5,117.0,0.997,3.46,in_window,"111.0402,111.0420","19.9419,19.9468",1.67,medium,9.02,False,nearshore
S1A_IW_GRDH_1SD_20230801_E221,S1A_IW_GRDH_1SDV_20230801T104130_20230801T104159_049681_05F95D_06FD,2023-08-01T10:41:30Z,111.29881,19.96165,1,0.3,90.3,,0.823,4.67,in_window,"111.2986,111.2988","19.9605,19.9629",2.92,low,35.28,True,
S1A_IW_GRDH_1SD_20230801_E224,S1A_IW_GRDH_1SDV_20230801T104130_20230801T104159_049681_05F95D_06FD,2023-08-01T10:41:30Z,112.04949,19.94724,1,0.3,88.5,,0.971,3.32,in_window,"112.0495,112.0497","19.9462,19.9485",3.6,low,111.38,True,
S1A_IW_GRDH_1SD_20230801_E227,S1A_IW_GRDH_1SDV_20230801T104130_20230801T104159_049681_05F95D_06FD,2023-08-01T10:41:30Z,111.72704,19.96735,1,0.32,88.7,,0.985,4.31,in_window,"111.7270,111.7272","19.9664,19.9685",2.82,low,79.25,True,
S1A_IW_GRDH_1SD_20230801_E228,S1A_IW_GRDH_1SDV_20230801T104130_20230801T104159_049681_05F95D_06FD,2023-08-01T10:41:30Z,112.08296,20.00749,3,4.42,74.6,463.0,0.979,3.21,in_window,"112.0780,112.0870","19.9783,20.0177",7.15,high,116.74,True,
S1A_IW_GRDH_1SD_20230801_E235,S1A_IW_GRDH_1SDV_20230801T104130_20230801T104159_049681_05F95D_06FD,2023-08-01T10:41:30Z,111.78966,19.98049,1,0.3,90.0,,0.954,4.17,in_window,"111.7897,111.7897","19.9792,19.9818",3.48,low,85.94,True,
S1A_IW_GRDH_1SD_20230801_E237,S1A_IW_GRDH_1SDV_20230801T104130_20230801T104159_049681_05F95D_06FD,2023-08-01T10:41:30Z,111.75871,19.99238,1,0.49,90.0,,0.877,4.29,in_window,"111.7587,111.7587","19.9902,19.9946",2.85,low,82.95,True,
S1A_IW_GRDH_1SD_20230801_E239,S1A_IW_GRDH_1SDV_20230801T104130_20230801T104159_049681_05F95D_06FD,2023-08-01T10:41:30Z,111.27412,20.03532,6,5.83,133.6,777.0,0.939,4.87,in_window,"111.2489,111.2916","19.9979,20.0564",26.51,high,35.24,True,
S1A_IW_GRDH_1SD_20230801_E242,S1A_IW_GRDH_1SDV_20230801T104130_20230801T104159_049681_05F95D_06FD,2023-08-01T10:41:30Z,112.21473,20.04574,7,3.41,178.9,1909.0,0.932,2.79,in_window,"112.1951,112.2368","20.0053,20.0780",44.96,medium,130.99,True,
S1A_IW_GRDH_1SD_20230801_E243,S1A_IW_GRDH_1SDV_20230801T104130_20230801T104159_049681_05F95D_06FD,2023-08-01T10:41:30Z,112.12997,20.00749,1,0.54,89.6,,0.977,3.08,in_window,"112.1300,112.1301","20.0055,20.0096",1.92,low,121.48,True,
S1A_IW_GRDH_1SD_20230801_E244,S1A_IW_GRDH_1SDV_20230801T104130_20230801T104159_049681_05F95D_06FD,2023-08-01T10:41:30Z,112.15925,20.036,4,1.91,90.0,,0.94,2.97,in_window,"112.1585,112.1601","20.0138,20.0676",6.96,medium,125.09,True,
S1A_IW_GRDH_1SD_20230801_E251,S1A_IW_GRDH_1SDV_20230801T104130_20230801T104159_049681_05F95D_06FD,2023-08-01T10:41:30Z,111.1826,20.03975,4,1.94,85.4,407.0,0.927,4.56,in_window,"111.1805,111.1893","20.0284,20.0493",6.06,high,26.24,True,
S1A_IW_GRDH_1SD_20230801_E254,S1A_IW_GRDH_1SDV_20230801T104130_20230801T104159_049681_05F95D_06FD,2023-08-01T10:41:30Z,111.98129,20.0413,1,0.37,89.6,,0.977,3.49,in_window,"111.9813,111.9815","20.0398,20.0429",2.37,low,106.82,True,
S1A_IW_GRDH_1SD_20230801_E258,S1A_IW_GRDH_1SDV_20230801T104130_20230801T104159_049681_05F95D_06FD,2023-08-01T10:41:30Z,111.36682,20.08093,1,0.3,90.0,,0.994,4.87,in_window,"111.3668,111.3668","20.0796,20.0822",6.15,low,45.99,True,
S1A_IW_GRDH_1SD_20230801_E259,S1A_IW_GRDH_1SDV_20230801T104130_20230801T104159_049681_05F95D_06FD,2023-08-01T10:41:30Z,111.00474,20.06561,1,0.3,88.6,,0.82,3.86,in_window,"111.0046,111.0048","20.0645,20.0666",0.69,low,10.58,False,nearshore
S1A_IW_GRDH_1SD_20230801_E260,S1A_IW_GRDH_1SDV_20230801T104130_20230801T104159_049681_05F95D_06FD,2023-08-01T10:41:30Z,112.10235,20.09572,8,3.9,90.1,687.0,0.972,3.07,in_window,"112.0871,112.1244","20.0758,20.1201",18.38,high,120.42,True,
S1A_IW_GRDH_1SD_20230801_E263,S1A_IW_GRDH_1SDV_20230801T104130_20230801T104159_049681_05F95D_06FD,2023-08-01T10:41:30Z,111.04263,20.08465,4,19.38,73.4,301.0,0.985,4.09,in_window,"111.0377,111.0488","20.0749,20.1048",12.93,high,15.0,True,
S1A_IW_GRDH_1SD_20230801_E264,S1A_IW_GRDH_1SDV_20230801T104130_20230801T104159_049681_05F95D_06FD,2023-08-01T10:41:30Z,112.33771,20.0774,1,0.42,2.2,,0.982,2.51,in_window,"112.3363,112.3396","20.0773,20.0778",5.62,low,144.24,True,
S1A_IW_GRDH_1SD_20230801_E265,S1A_IW_GRDH_1SDV_20230801T104130_20230801T104159_049681_05F95D_06FD,2023-08-01T10:41:30Z,111.50989,20.08168,1,0.32,41.0,,0.991,4.8,in_window,"111.5095,111.5110","20.0813,20.0827",1.34,low,60.31,True,
S1A_IW_GRDH_1SD_20230801_E266,S1A_IW_GRDH_1SDV_20230801T104130_20230801T104159_049681_05F95D_06FD,2023-08-01T10:41:30Z,111.86949,20.07936,1,0.4,89.7,,0.978,3.86,in_window,"111.8695,111.8697","20.0778,20.0810",5.47,low,96.29,True,
S1A_IW_GRDH_1SD_20230801_E268,S1A_IW_GRDH_1SDV_20230801T104130_20230801T104159_049681_05F95D_06FD,2023-08-01T10:41:30Z,111.76239,20.08138,1,0.33,91.1,,0.991,4.25,in_window,"111.7624,111.7626","20.0802,20.0824",2.49,low,85.54,True,
S1A_IW_GRDH_1SD_20230801_E270,S1A_IW_GRDH_1SDV_20230801T104130_20230801T104159_049681_05F95D_06FD,2023-08-01T10:41:30Z,111.94328,20.08662,1,0.36,89.8,,0.952,3.6,in_window,"111.9431,111.9433","20.0852,20.0880",5.94,low,103.98,True,
S1A_IW_GRDH_1SD_20230801_E274,S1A_IW_GRDH_1SDV_20230801T104130_20230801T104159_049681_05F95D_06FD,2023-08-01T10:41:30Z,111.80631,20.08179,1,0.36,0.0,,0.96,4.07,in_window,"111.8047,111.8079","20.0818,20.0818",1.16,low,89.97,True,
S1A_IW_GRDH_1SD_20230801_E276,S1A_IW_GRDH_1SDV_20230801T104130_20230801T104159_049681_05F95D_06FD,2023-08-01T10:41:30Z,112.161,20.10678,1,0.3,90.0,,0.99,2.88,in_window,"112.1610,112.1610","20.1055,20.1081",6.09,low,126.68,True,
S1A_IW_GRDH_1SD_20230801_E280,S1A_IW_GRDH_1SDV_20230801T104130_20230801T104159_049681_05F95D_06FD,2023-08-01T10:41:30Z,111.18323,20.15186,4,5.0,85.7,118.0,0.989,4.8,in_window,"111.1781,111.1869","20.1312,20.1823",10.43,high,31.26,True,
S1A_IW_GRDH_1SD_20230801_E282,S1A_IW_GRDH_1SDV_20230801T104130_20230801T104159_049681_05F95D_06FD,2023-08-01T10:41:30Z,112.30494,20.13691,2,0.69,89.1,225.0,0.985,2.49,in_window,"112.3041,112.3056","20.1126,20.1577",3.55,medium,142.1,True,
S1A_IW_GRDH_1SD_20230801_E290,S1A_IW_GRDH_1SDV_20230801T104130_20230801T104159_049681_05F95D_06FD,2023-08-01T10:41:30Z,111.72051,20.15086,3,1.22,11.6,254.0,0.989,4.3,in_window,"111.7147,111.7270","20.1492,20.1515",2.65,high,83.62,True,
S1A_IW_GRDH_1SD_20230801_E293,S1A_IW_GRDH_1SDV_20230801T104130_20230801T104159_049681_05F95D_06FD,2023-08-01T10:41:30Z,111.46982,20.17886,1,0.42,90.1,,0.986,4.93,in_window,"111.4698,111.4700","20.1771,20.1806",5.64,low,59.56,True,
S1A_IW_GRDH_1SD_20230801_E294,S1A_IW_GRDH_1SDV_20230801T104130_20230801T104159_049681_05F95D_06FD,2023-08-01T10:41:30Z,111.11849,20.15052,1,0.3,0.0,,0.982,4.6,in_window,"111.1171,111.1199","20.1505,20.1505",1.84,low,25.74,True,
S1A_IW_GRDH_1SD_20230801_E297,S1A_IW_GRDH_1SDV_20230801T104130_20230801T104159_049681_05F95D_06FD,2023-08-01T10:41:30Z,112.18141,20.17771,4,1.55,90.0,1520.0,0.876,2.74,in_window,"112.1595,112.1894","20.1649,20.1865",6.18,medium,130.62,True,
S1A_IW_GRDH_1SD_20230801_E298,S1A_IW_GRDH_1SDV_20230801T104130_20230801T104159_049681_05F95D_06FD,2023-08-01T10:41:30Z,111.67546,20.19614,4,2.06,89.7,2871.0,0.989,4.41,in_window,"111.6568,111.6845","20.1850,20.2062",15.5,medium,80.61,False,blob_invalid
S1A_IW_GRDH_1SD_20230801_E301,S1A_IW_GRDH_1SDV_20230801T104130_20230801T104159_049681_05F95D_06FD,2023-08-01T10:41:30Z,112.37833,20.18403,1,0.33,0.0,,0.986,2.34,in_window,"112.3768,112.3798","20.1840,20.1840",7.1,low,150.74,True,
S1A_IW_GRDH_1SD_20230801_E302,S1A_IW_GRDH_1SDV_20230801T104130_20230801T104159_049681_05F95D_06FD,2023-08-01T10:41:30Z,112.42044,20.18421,3,0.92,22.2,577.0,0.987,2.28,in_window,"112.4078,112.4428","20.1827,20.1866",9.53,high,155.04,True,
S1A_IW_GRDH_1SD_20230801_E303,S1A_IW_GRDH_1SDV_20230801T104130_20230801T104159_049681_05F95D_06FD,2023-08-01T10:41:30Z,111.0825,20.18538,1,0.62,90.3,,0.989,4.64,in_window,"111.0823,111.0825","20.1832,20.1877",6.06,low,25.57,True,
S1A_IW_GRDH_1SD_20230801_E304,S1A_IW_GRDH_1SDV_20230801T104130_20230801T104159_049681_05F95D_06FD,2023-08-01T10:41:30Z,112.48345,20.18576,2,0.62,20.1,264.0,0.99,2.19,in_window,"112.4805,112.4869","20.1843,20.1864",4.15,medium,155.97,True,
S1A_IW_GRDH_1SD_20230801_E305,S1A_IW_GRDH_1SDV_20230801T104130_20230801T104159_049681_05F95D_06FD,2023-08-01T10:41:30Z,111.51276,20.2015,2,0.91,90.0,,0.976,4.92,in_window,"111.5126,111.5131","20.1974,20.2056",10.38,medium,64.65,True,
S1A_IW_GRDH_1SD_20230801_E306,S1A_IW_GRDH_1SDV_20230801T104130_20230801T104159_049681_05F95D_06FD,2023-08-01T10:41:30Z,112.85457,20.19318,2,0.62,90.0,2219.0,0.935,2.15,in_window,"112.8435,112.8647","20.1833,20.2024",10.14,medium,153.22,False,blob_invalid
S1A_IW_GRDH_1SD_20230801_E310,S1A_IW_GRDH_1SDV_20230801T104130_20230801T104159_049681_05F95D_06FD,2023-08-01T10:41:30Z,112.33864,20.2044,2,0.68,59.4,1127.0,0.973,2.37,in_window,"112.3376,112.3394","20.1929,20.2163",5.58,medium,147.27,True,
S1A_IW_GRDH_1SD_20230801_E312,S1A_IW_GRDH_1SDV_20230801T104130_20230801T104159_049681_05F95D_06FD,2023-08-01T10:41:30Z,111.97357,20.20145,1,0.34,90.0,,0.671,3.37,in_window,"111.9734,111.9736","20.2002,20.2027",2.96,low,110.56,True,
S1A_IW_GRDH_1SD_20230801_E313,S1A_IW_GRDH_1SDV_20230801T104130_20230801T104159_049681_05F95D_06FD,2023-08-01T10:41:30Z,111.15437,20.20497,1,0.47,90.0,,0.87,4.85,in_window,"111.1544,111.1544","20.2029,20.2071",2.55,low,32.45,True,
S1A_IW_GRDH_1SD_20230801_E317,S1A_IW_GRDH_1SDV_20230801T104130_20230801T104159_049681_05F95D_06FD,2023-08-01T10:41:30Z,111.44652,20.23275,6,3.53,95.1,1934.0,0.981,5.01,in_window,"111.4019,111.4640","20.2187,20.2576",24.99,medium,59.65,True,
S1A_IW_GRDH_1SD_20230801_E318,S1A_IW_GRDH_1SDV_20230801T104130_20230801T104159_049681_05F95D_06FD,2023-08-01T10:41:30Z,112.27667,20.2137,1,0.32,89.9,,0.987,2.44,in_window,"112.2767,112.2768","20.2125,20.2149",2.87,low,141.28,True,
S1A_IW_GRDH_1SD_20230801_E319,S1A_IW_GRDH_1SDV_20230801T104130_20230801T104159_049681_05F95D_06FD,2023-08-01T10:41:30Z,112.43623,20.23257,7,4.46,90.0,1201.0,0.941,2.2,in_window,"112.4157,112.4469","20.2175,20.2585",30.08,high,151.06,True,
S1A_IW_GRDH_1SD_20230801_E320,S1A_IW_GRDH_1SDV_20230801T104130_20230801T104159_049681_05F95D_06FD,2023-08-01T10:41:30Z,111.11366,20.21818,1,0.3,89.9,,0.983,4.8,in_window,"111.1135,111.1139","20.2169,20.2192",2.27,low,30.45,True,
S1A_IW_GRDH_1SD_20230801_E322,S1A_IW_GRDH_1SDV_20230801T104130_20230801T104159_049681_05F95D_06FD,2023-08-01T10:41:30Z,111.76056,20.22198,1,0.34,89.5,,0.997,4.13,in_window,"111.7604,111.7606","20.2207,20.2232",1.32,low,89.96,True,
S1A_IW_GRDH_1SD_20230801_E323,S1A_IW_GRDH_1SDV_20230801T104130_20230801T104159_049681_05F95D_06FD,2023-08-01T10:41:30Z,112.44144,20.35569,20,58.63,60.1,344.0,0.977,2.13,in_window,"112.3718,112.4899","20.2536,20.3844",92.37,high,137.44,True,
S1A_IW_GRDH_1SD_20230801_E324,S1A_IW_GRDH_1SDV_20230801T104130_20230801T104159_049681_05F95D_06FD,2023-08-01T10:41:30Z,112.11223,20.21916,1,0.31,0.0,,0.99,2.9,in_window,"112.1108,112.1136","20.2192,20.2192",1.31,low,124.99,True,
S1A_IW_GRDH_1SD_20230801_E328,S1A_IW_GRDH_1SDV_20230801T104130_20230801T104159_049681_05F95D_06FD,2023-08-01T10:41:30Z,111.25362,20.24809,1,0.3,90.8,,0.984,5.11,in_window,"111.2536,111.2538","20.2468,20.2492",5.12,low,43.52,True,
S1A_IW_GRDH_1SD_20230801_E331,S1A_IW_GRDH_1SDV_20230801T104130_20230801T104159_049681_05F95D_06FD,2023-08-01T10:41:30Z,112.2988,20.25232,2,0.67,96.6,314.0,0.967,2.36,in_window,"112.2969,112.3003","20.2483,20.2560",1.28,medium,144.71,True,
S1A_IW_GRDH_1SD_20230801_E334,S1A_IW_GRDH_1SDV_20230801T104130_20230801T104159_049681_05F95D_06FD,2023-08-01T10:41:30Z,112.23143,20.25275,1,0.43,95.2,,0.99,2.5,in_window,"112.2313,112.2320","20.2512,20.2538",0.94,low,138.0,True,
S1A_IW_GRDH_1SD_20230801_E335,S1A_IW_GRDH_1SDV_20230801T104130_20230801T104159_049681_05F95D_06FD,2023-08-01T10:41:30Z,111.87099,20.25206,1,0.45,89.9,,0.985,3.71,in_window,"111.8710,111.8712","20.2502,20.2539",0.69,low,101.97,True,
S1A_IW_GRDH_1SD_20230801_E336,S1A_IW_GRDH_1SDV_20230801T104130_20230801T104159_049681_05F95D_06FD,2023-08-01T10:41:30Z,112.26183,20.2541,3,1.18,81.5,,0.992,2.41,in_window,"112.2605,112.2625","20.2502,20.2578",0.99,medium,141.08,True,
S1A_IW_GRDH_1SD_20230801_E337,S1A_IW_GRDH_1SDV_20230801T104130_20230801T104159_049681_05F95D_06FD,2023-08-01T10:41:30Z,110.85893,20.29067,11,23.3,11.9,527.0,0.949,4.14,in_window,"110.8029,110.8777","20.2520,20.3230",42.87,high,23.58,True,
S1A_IW_GRDH_1SD_20230801_E338,S1A_IW_GRDH_1SDV_20230801T104130_20230801T104159_049681_05F95D_06FD,2023-08-01T10:41:30Z,112.20034,20.25288,1,0.4,91.6,,0.983,2.6,in_window,"112.2003,112.2005","20.2514,20.2540",0.82,low,134.9,True,
S1A_IW_GRDH_1SD_20230801_E339,S1A_IW_GRDH_1SDV_20230801T104130_20230801T104159_049681_05F95D_06FD,2023-08-01T10:41:30Z,112.84333,20.2534,1,0.44,82.3,,0.98,2.16,in_window,"112.8426,112.8436","20.2520,20.2543",1.52,low,146.52,True,
S1A_IW_GRDH_1SD_20230801_E342,S1A_IW_GRDH_1SDV_20230801T104130_20230801T104159_049681_05F95D_06FD,2023-08-01T10:41:30Z,110.62106,20.31907,12,21.78,83.6,512.0,0.969,3.2,in_window,"110.6046,110.6795","20.2686,20.3543",41.77,high,16.18,True,
S1A_IW_GRDH_1SD_20230801_E343,S1A_IW_GRDH_1SDV_20230801T104130_20230801T104159_049681_05F95D_06FD,2023-08-01T10:41:30Z,111.97918,20.28056,2,0.75,90.4,,0.967,3.3,in_window,"111.9786,111.9795","20.2764,20.2850",1.72,medium,113.72,True,
S1A_IW_GRDH_1SD_20230801_E345,S1A_IW_GRDH_1SDV_20230801T104130_20230801T104159_049681_05F95D_06FD,2023-08-01T10:41:30Z,112.76289,20.28429,1,0.34,88.8,,0.995,2.11,in_window,"112.7627,112.7631","20.2830,20.2856",3.03,low,143.03,True,
S1A_IW_GRDH_1SD_20230801_E347,S1A_IW_GRDH_1SDV_20230801T104130_20230801T104159_049681_05F95D_06FD,2023-08-01T10:41:30Z,111.79989,20.28034,1,0.35,90.2,,0.973,3.93,in_window,"111.7999,111.8001","20.2789,20.2818",2.53,low,95.86,True,
S1A_IW_GRDH_1SD_20230801_E351,S1A_IW_GRDH_1SDV_20230801T104130_20230801T104159_049681_05F95D_06FD,2023-08-01T10:41:30Z,111.38715,20.28726,1,0.34,90.5,,0.607,5.04,in_window,"111.3870,111.3872","20.2861,20.2885",0.88,low,57.32,True,
S1A_IW_GRDH_1SD_20230801_E354,S1A_IW_GRDH_1SDV_20230801T104130_20230801T104159_049681_05F95D_06FD,2023-08-01T10:41:30Z,111.33064,20.2961,2,1.17,89.1,229.0,0.969,5.07,in_window,"111.3290,111.3312","20.2878,20.3026",4.6,medium,53.14,True,
S1A_IW_GRDH_1SD_20230801_E355,S1A_IW_GRDH_1SDV_20230801T104130_20230801T104159_049681_05F95D_06FD,2023-08-01T10:41:30Z,111.15099,20.29241,1,0.34,89.4,,0.968,4.97,in_window,"111.1508,111.1510","20.2910,20.2937",1.27,low,39.26,True,
S1A_IW_GRDH_1SD_20230801_E358,S1A_IW_GRDH_1SDV_20230801T104130_20230801T104159_049681_05F95D_06FD,2023-08-01T10:41:30Z,111.46761,20.28924,1,0.42,0.0,,0.984,5.01,in_window,"111.4657,111.4695","20.2892,20.2892",1.6,low,64.55,True,
S1A_IW_GRDH_1SD_20230801_E361,S1A_IW_GRDH_1SDV_20230801T104130_20230801T104159_049681_05F95D_06FD,2023-08-01T10:41:30Z,111.98952,20.36175,21,22.34,88.1,222.0,0.967,3.18,in_window,"111.9435,112.0048","20.3233,20.4199",53.82,high,117.57,True,
S1A_IW_GRDH_1SD_20230801_E362,S1A_IW_GRDH_1SDV_20230801T104130_20230801T104159_049681_05F95D_06FD,2023-08-01T10:41:30Z,111.04216,20.29691,1,0.35,33.1,,0.992,4.81,in_window,"111.0410,111.0426","20.2959,20.2974",1.77,low,33.97,True,
S1A_IW_GRDH_1SD_20230801_E363,S1A_IW_GRDH_1SDV_20230801T104130_20230801T104159_049681_05F95D_06FD,2023-08-01T10:41:30Z,112.2557,20.3865,5,2.53,89.9,916.0,0.969,2.3,in_window,"112.2374,112.2691","20.3218,20.4620",40.93,high,136.84,True,
S1A_IW_GRDH_1SD_20230801_E366,S1A_IW_GRDH_1SDV_20230801T104130_20230801T104159_049681_05F95D_06FD,2023-08-01T10:41:30Z,112.0891,20.32265,1,0.65,1.7,,0.991,2.88,in_window,"112.0865,112.0917","20.3222,20.3230",1.93,low,126.08,True,
S1A_IW_GRDH_1SD_20230801_E367,S1A_IW_GRDH_1SDV_20230801T104130_20230801T104159_049681_05F95D_06FD,2023-08-01T10:41:30Z,111.4757,20.33668,2,1.65,89.8,132.0,0.958,4.97,in_window,"111.4753,111.4768","20.3283,20.3463",7.09,medium,68.05,True,
S1A_IW_GRDH_1SD_20230801_E368,S1A_IW_GRDH_1SDV_20230801T104130_20230801T104159_049681_05F95D_06FD,2023-08-01T10:41:30Z,111.36133,20.32324,2,0.91,89.0,,0.983,5.04,in_window,"111.3610,111.3616","20.3177,20.3312",3.78,medium,57.51,True,
S1A_IW_GRDH_1SD_20230801_E369,S1A_IW_GRDH_1SDV_20230801T104130_20230801T104159_049681_05F95D_06FD,2023-08-01T10:41:30Z,111.79794,20.31934,1,0.37,91.1,,0.967,3.93,in_window,"111.7979,111.7981","20.3179,20.3206",0.81,low,97.17,True,
S1A_IW_GRDH_1SD_20230801_E370,S1A_IW_GRDH_1SDV_20230801T104130_20230801T104159_049681_05F95D_06FD,2023-08-01T10:41:30Z,111.11408,20.34527,4,1.64,89.8,,0.99,4.89,in_window,"111.1139,111.1142","20.3292,20.3552",20.41,medium,42.04,True,
S1A_IW_GRDH_1SD_20230801_E379,S1A_IW_GRDH_1SDV_20230801T104130_20230801T104159_049681_05F95D_06FD,2023-08-01T10:41:30Z,111.0397,20.41259,8,7.63,179.6,855.0,0.969,4.78,in_window,"111.0201,111.0753","20.3588,20.4574",69.29,high,46.01,True,
S1A_IW_GRDH_1SD_20230801_E380,S1A_IW_GRDH_1SDV_20230801T104130_20230801T104159_049681_05F95D_06FD,2023-08-01T10:41:30Z,111.90795,20.34889,1,0.46,90.1,,0.969,3.48,in_window,"111.9079,111.9081","20.3470,20.3508",2.27,low,109.08,True,
S1A_IW_GRDH_1SD_20230801_E381,S1A_IW_GRDH_1SDV_20230801T104130_20230801T104159_049681_05F95D_06FD,2023-08-01T10:41:30Z,110.68176,20.35053,1,0.38,89.9,,0.979,3.52,in_window,"110.6817,110.6819","20.3492,20.3518",0.99,low,19.74,False,nearshore
S1A_IW_GRDH_1SD_20230801_E385,S1A_IW_GRDH_1SDV_20230801T104130_20230801T104159_049681_05F95D_06FD,2023-08-01T10:41:30Z,112.09026,20.37382,2,0.99,89.9,111.0,0.938,2.84,in_window,"112.0899,112.0910","20.3587,20.3834",4.32,medium,127.94,True,
S1A_IW_GRDH_1SD_20230801_E386,S1A_IW_GRDH_1SDV_20230801T104130_20230801T104159_049681_05F95D_06FD,2023-08-01T10:41:30Z,111.40628,20.37385,2,0.66,90.0,,0.958,5.0,in_window,"111.4060,111.4065","20.3695,20.3784",5.17,medium,64.66,True,
S1A_IW_GRDH_1SD_20230801_E387,S1A_IW_GRDH_1SDV_20230801T104130_20230801T104159_049681_05F95D_06FD,2023-08-01T10:41:30Z,111.79746,20.38567,1,0.43,90.3,,0.984,3.89,in_window,"111.7974,111.7976","20.3840,20.3872",9.93,low,100.06,True,
S1A_IW_GRDH_1SD_20230801_E391,S1A_IW_GRDH_1SDV_20230801T104130_20230801T104159_049681_05F95D_06FD,2023-08-01T10:41:30Z,112.30594,20.3866,1,0.37,95.0,,0.973,2.25,in_window,"112.3054,112.3060","20.3856,20.3880",6.92,low,135.8,True,
S1A_IW_GRDH_1SD_20230801_E393,S1A_IW_GRDH_1SDV_20230801T104130_20230801T104159_049681_05F95D_06FD,2023-08-01T10:41:30Z,111.5939,20.37873,1,0.3,90.0,,0.88,4.62,in_window,"111.5939,111.5939","20.3774,20.3800",6.27,low,80.97,True,
S1A_IW_GRDH_1SD_20230801_E395,S1A_IW_GRDH_1SDV_20230801T104130_20230801T104159_049681_05F95D_06FD,2023-08-01T10:41:30Z,110.60021,20.3921,3,1.05,7.0,495.0,0.873,3.29,in_window,"110.5919,110.6063","20.3881,20.3972",3.18,high,10.05,True,
S1A_IW_GRDH_1SD_20230801_E401,S1A_IW_GRDH_1SDV_20230801T104130_20230801T104159_049681_05F95D_06FD,2023-08-01T10:41:30Z,112.15978,20.42828,1,0.49,90.0,,0.94,2.56,in_window,"112.1598,112.1598","20.4261,20.4305",3.68,low,129.81,True,
S1A_IW_GRDH_1SD_20230801_E407,S1A_IW_GRDH_1SDV_20230801T104130_20230801T104159_049681_05F95D_06FD,2023-08-01T10:41:30Z,111.10529,20.51624,45,65.4,90.7,374.0,0.977,4.83,in_window,"111.0051,111.1531","20.4144,20.7096",186.72,high,59.0,True,
S1A_IW_GRDH_1SD_20230801_E409,S1A_IW_GRDH_1SDV_20230801T104130_20230801T104159_049681_05F95D_06FD,2023-08-01T10:41:30Z,112.81702,20.41166,1,0.41,0.5,,0.849,2.25,in_window,"112.8153,112.8189","20.4117,20.4118",3.05,low,128.95,True,
S1A_IW_GRDH_1SD_20230801_E410,S1A_IW_GRDH_1SDV_20230801T104130_20230801T104159_049681_05F95D_06FD,2023-08-01T10:41:30Z,111.62303,20.42661,1,0.33,90.0,,0.994,4.49,in_window,"111.6229,111.6231","20.4256,20.4276",2.63,low,86.39,True,
S1A_IW_GRDH_1SD_20230801_E412,S1A_IW_GRDH_1SDV_20230801T104130_20230801T104159_049681_05F95D_06FD,2023-08-01T10:41:30Z,111.99239,20.43005,4,1.47,90.4,2594.0,0.948,3.1,in_window,"111.9789,112.0044","20.4252,20.4350",6.9,medium,120.65,False,blob_invalid
S1A_IW_GRDH_1SD_20230801_E414,S1A_IW_GRDH_1SDV_20230801T104130_20230801T104159_049681_05F95D_06FD,2023-08-01T10:41:30Z,112.37345,20.42427,1,0.78,179.9,,0.978,2.16,in_window,"112.3698,112.3770","20.4243,20.4244",4.7,low,130.6,True,
S1A_IW_GRDH_1SD_20230801_E415,S1A_IW_GRDH_1SDV_20230801T104130_20230801T104159_049681_05F95D_06FD,2023-08-01T10:41:30Z,111.88875,20.4465,5,2.65,89.7,1863.0,0.966,3.5,in_window,"111.8698,111.9058","20.4359,20.4639",24.82,medium,111.6,True,
S1A_IW_GRDH_1SD_20230801_E417,S1A_IW_GRDH_1SDV_20230801T104130_20230801T104159_049681_05F95D_06FD,2023-08-01T10:41:30Z,111.24995,20.56388,38,44.99,92.9,283.0,0.961,4.97,in_window,"111.2167,111.3121","20.4584,20.6859",164.66,high,70.07,True,
S1A_IW_GRDH_1SD_20230801_E418,S1A_IW_GRDH_1SDV_20230801T104130_20230801T104159_049681_05F95D_06FD,2023-08-01T10:41:30Z,112.66524,20.42696,1,0.36,26.0,,0.996,2.15,in_window,"112.6647,112.6666","20.4266,20.4280",1.67,low,127.89,True,
S1A_IW_GRDH_1SD_20230801_E419,S1A_IW_GRDH_1SDV_20230801T104130_20230801T104159_049681_05F95D_06FD,2023-08-01T10:41:30Z,111.58763,20.4544,4,2.25,87.9,2231.0,0.98,4.6,in_window,"111.5756,111.6178","20.4313,20.4685",13.25,medium,85.12,False,blob_invalid
S1A_IW_GRDH_1SD_20230801_E420,S1A_IW_GRDH_1SDV_20230801T104130_20230801T104159_049681_05F95D_06FD,2023-08-01T10:41:30Z,112.09184,20.43419,2,1.38,178.6,,0.98,2.78,in_window,"112.0805,112.1286","20.4254,20.4602",5.55,medium,127.65,True,
S1A_IW_GRDH_1SD_20230801_E421,S1A_IW_GRDH_1SDV_20230801T104130_20230801T104159_049681_05F95D_06FD,2023-08-01T10:41:30Z,112.88093,20.42523,1,0.33,91.1,,0.987,2.33,in_window,"112.8809,112.8811","20.4241,20.4262",1.77,low,127.77,True,
S1A_IW_GRDH_1SD_20230801_E424,S1A_IW_GRDH_1SDV_20230801T104130_20230801T104159_049681_05F95D_06FD,2023-08-01T10:41:30Z,112.4496,20.42962,1,0.34,90.1,,0.97,2.09,in_window,"112.4494,112.4496","20.4283,20.4309",1.53,low,129.22,True,
S1A_IW_GRDH_1SD_20230801_E425,S1A_IW_GRDH_1SDV_20230801T104130_20230801T104159_049681_05F95D_06FD,2023-08-01T10:41:30Z,111.40339,20.44499,2,1.43,90.0,,0.875,4.96,in_window,"111.4033,111.4035","20.4358,20.4548",13.49,medium,69.58,True,
S1A_IW_GRDH_1SD_20230801_E426,S1A_IW_GRDH_1SDV_20230801T104130_20230801T104159_049681_05F95D_06FD,2023-08-01T10:41:30Z,112.70132,20.42751,1,0.34,0.0,,0.974,2.17,in_window,"112.6998,112.7029","20.4275,20.4275",0.72,low,127.5,True,
S1A_IW_GRDH_1SD_20230801_E428,S1A_IW_GRDH_1SDV_20230801T104130_20230801T104159_049681_05F95D_06FD,2023-08-01T10:41:30Z,110.98286,20.45913,1,0.44,0.0,,0.986,4.67,in_window,"110.9808,110.9849","20.4591,20.4591",17.16,low,45.67,True,
S1A_IW_GRDH_1SD_20230801_E433,S1A_IW_GRDH_1SDV_20230801T104130_20230801T104159_049681_05F95D_06FD,2023-08-01T10:41:30Z,112.33866,20.4629,1,0.3,76.6,,0.986,2.17,in_window,"112.3384,112.3393","20.4623,20.4640",3.49,low,126.91,True,
S1A_IW_GRDH_1SD_20230801_E434,S1A_IW_GRDH_1SDV_20230801T104130_20230801T104159_049681_05F95D_06FD,2023-08-01T10:41:30Z,111.72982,20.47318,4,2.69,90.3,283.0,0.98,4.08,in_window,"111.7280,111.7309","20.4467,20.5031",10.45,high,98.56,True,
S1A_IW_GRDH_1SD_20230801_E435,S1A_IW_GRDH_1SDV_20230801T104130_20230801T104159_049681_05F95D_06FD,2023-08-01T10:41:30Z,112.61177,20.48141,3,2.52,90.5,1840.0,0.922,2.12,in_window,"112.5926,112.6279","20.4576,20.5198",35.82,medium,122.63,True,
S1A_IW_GRDH_1SD_20230801_E440,S1A_IW_GRDH_1SDV_20230801T104130_20230801T104159_049681_05F95D_06FD,2023-08-01T10:41:30Z,112.42849,20.54907,31,37.77,94.6,615.0,0.971,2.13,in_window,"112.3756,112.5536","20.4607,20.6010",133.54,high,116.24,True,
S1A_IW_GRDH_1SD_20230801_E441,S1A_IW_GRDH_1SDV_20230801T104130_20230801T104159_049681_05F95D_06FD,2023-08-01T10:41:30Z,111.76366,20.46382,1,0.42,90.3,,0.986,3.95,in_window,"111.7635,111.7637","20.4623,20.4654",2.6,low,101.03,True,
S1A_IW_GRDH_1SD_20230801_E442,S1A_IW_GRDH_1SDV_20230801T104130_20230801T104159_049681_05F95D_06FD,2023-08-01T10:41:30Z,111.81974,20.48923,4,1.74,90.4,1779.0,0.894,3.73,in_window,"111.7978,111.8364","20.4559,20.5333",13.14,medium,107.51,True,
S1A_IW_GRDH_1SD_20230801_E444,S1A_IW_GRDH_1SDV_20230801T104130_20230801T104159_049681_05F95D_06FD,2023-08-01T10:41:30Z,111.51893,20.46188,2,0.74,44.9,,0.974,4.83,in_window,"111.5165,111.5198","20.4598,20.4627",1.41,medium,79.94,True,
S1A_IW_GRDH_1SD_20230801_E445,S1A_IW_GRDH_1SDV_20230801T104130_20230801T104159_049681_05F95D_06FD,2023-08-01T10:41:30Z,112.66405,20.46214,1,0.37,58.2,,0.988,2.16,in_window,"112.6637,112.6651","20.4617,20.4632",0.91,low,124.04,True,
S1A_IW_GRDH_1SD_20230801_E447,S1A_IW_GRDH_1SDV_20230801T104130_20230801T104159_049681_05F95D_06FD,2023-08-01T10:41:30Z,110.79169,20.47164,2,0.68,89.3,257.0,0.926,4.21,in_window,"110.7905,110.7928","20.4620,20.4815",3.26,medium,26.95,True,
S1A_IW_GRDH_1SD_20230801_E448,S1A_IW_GRDH_1SDV_20230801T104130_20230801T104159_049681_05F95D_06FD,2023-08-01T10:41:30Z,112.41153,20.46291,1,0.36,7.2,,0.975,2.11,in_window,"112.4105,112.4130","20.4628,20.4635",2.46,low,125.9,True,
S1A_IW_GRDH_1SD_20230801_E453,S1A_IW_GRDH_1SDV_20230801T104130_20230801T104159_049681_05F95D_06FD,2023-08-01T10:41:30Z,112.37118,20.46536,1,0.47,90.7,,0.984,2.14,in_window,"112.3710,112.3712","20.4636,20.4673",3.28,low,126.13,True,
S1A_IW_GRDH_1SD_20230801_E455,S1A_IW_GRDH_1SDV_20230801T104130_20230801T104159_049681_05F95D_06FD,2023-08-01T10:41:30Z,112.72551,20.4936,3,1.8,169.9,,0.951,2.23,in_window,"112.7196,112.7297","20.4625,20.5524",22.2,medium,120.05,True,
S1A_IW_GRDH_1SD_20230801_E456,S1A_IW_GRDH_1SDV_20230801T104130_20230801T104159_049681_05F95D_06FD,2023-08-01T10:41:30Z,112.82971,20.47234,2,0.88,83.8,2952.0,0.917,2.31,in_window,"112.8117,112.8394","20.4636,20.4789",3.6,medium,122.28,False,blob_invalid
S1A_IW_GRDH_1SD_20230801_E457,S1A_IW_GRDH_1SDV_20230801T104130_20230801T104159_049681_05F95D_06FD,2023-08-01T10:41:30Z,111.67185,20.48669,2,0.67,44.6,1399.0,0.697,4.28,in_window,"111.6673,111.6750","20.4808,20.4943",1.19,medium,94.36,True,
S1A_IW_GRDH_1SD_20230801_E459,S1A_IW_GRDH_1SDV_20230801T104130_20230801T104159_049681_05F95D_06FD,2023-08-01T10:41:30Z,111.76511,20.49372,1,0.31,88.6,,0.975,3.93,in_window,"111.7651,111.7653","20.4927,20.4949",1.96,low,102.9,True,
S1A_IW_GRDH_1SD_20230801_E460,S1A_IW_GRDH_1SDV_20230801T104130_20230801T104159_049681_05F95D_06FD,2023-08-01T10:41:30Z,111.92981,20.49891,5,1.84,97.7,1749.0,0.796,3.3,in_window,"111.8934,111.9654","20.4932,20.5103",14.79,medium,118.08,True,
S1A_IW_GRDH_1SD_20230801_E463,S1A_IW_GRDH_1SDV_20230801T104130_20230801T104159_049681_05F95D_06FD,2023-08-01T10:41:30Z,110.64952,20.49612,1,0.37,102.4,,0.976,3.75,in_window,"110.6494,110.6503","20.4947,20.4969",1.3,low,12.22,False,nearshore
S1A_IW_GRDH_1SD_20230801_E464,S1A_IW_GRDH_1SDV_20230801T104130_20230801T104159_049681_05F95D_06FD,2023-08-01T10:41:30Z,111.03101,20.53447,3,1.62,82.1,2084.0,0.938,4.72,in_window,"111.0099,111.0463","20.5041,20.5551",15.19,medium,52.34,False,blob_invalid
S1A_IW_GRDH_1SD_20230801_E466,S1A_IW_GRDH_1SDV_20230801T104130_20230801T104159_049681_05F95D_06FD,2023-08-01T10:41:30Z,112.34165,20.52649,3,1.03,89.2,215.0,0.919,2.17,in_window,"112.3394,112.3451","20.4993,20.5481",20.24,high,119.92,True,
S1A_IW_GRDH_1SD_20230801_E468,S1A_IW_GRDH_1SDV_20230801T104130_20230801T104159_049681_05F95D_06FD,2023-08-01T10:41:30Z,110.92558,20.53718,16,15.45,88.5,496.0,0.966,4.52,in_window,"110.8986,110.9753","20.4998,20.6074",45.95,high,41.46,True,
S1A_IW_GRDH_1SD_20230801_E469,S1A_IW_GRDH_1SDV_20230801T104130_20230801T104159_049681_05F95D_06FD,2023-08-01T10:41:30Z,112.84909,20.51947,3,1.69,89.9,,0.911,2.36,in_window,"112.8430,112.8758","20.5130,20.5278",7.3,medium,117.16,True,
S1A_IW_GRDH_1SD_20230801_E470,S1A_IW_GRDH_1SDV_20230801T104130_20230801T104159_049681_05F95D_06FD,2023-08-01T10:41:30Z,112.21347,20.54619,8,5.52,0.0,966.0,0.884,2.35,in_window,"112.1571,112.2585","20.5309,20.6214",54.63,high,118.8,True,
S1A_IW_GRDH_1SD_20230801_E471,S1A_IW_GRDH_1SDV_20230801T104130_20230801T104159_049681_05F95D_06FD,2023-08-01T10:41:30Z,111.36565,20.52008,2,1.33,44.6,1133.0,0.92,4.94,in_window,"111.3620,111.3726","20.5135,20.5239",9.08,medium,72.95,True,
S1A_IW_GRDH_1SD_20230801_E475,S1A_IW_GRDH_1SDV_20230801T104130_20230801T104159_049681_05F95D_06FD,2023-08-01T10:41:30Z,112.58734,20.52497,1,0.47,88.5,,0.969,2.12,in_window,"112.5870,112.5875","20.5235,20.5262",1.47,low,118.31,True,
S1A_IW_GRDH_1SD_20230801_E477,S1A_IW_GRDH_1SDV_20230801T104130_20230801T104159_049681_05F95D_06FD,2023-08-01T10:41:30Z,111.69495,20.5542,4,1.46,39.5,1910.0,0.977,4.13,in_window,"111.6861,111.7227","20.5346,20.5638",14.16,medium,100.74,True,
S1A_IW_GRDH_1SD_20230801_E478,S1A_IW_GRDH_1SDV_20230801T104130_20230801T104159_049681_05F95D_06FD,2023-08-01T10:41:30Z,110.65212,20.54444,2,1.1,44.6,955.0,0.831,3.77,in_window,"110.6490,110.6590","20.5397,20.5472",6.44,medium,14.23,False,nearshore
S1A_IW_GRDH_1SD_20230801_E480,S1A_IW_GRDH_1SDV_20230801T104130_20230801T104159_049681_05F95D_06FD,2023-08-01T10:41:30Z,110.71128,20.53209,1,0.58,0.0,,0.985,4.01,in_window,"110.7086,110.7140","20.5321,20.5321",3.84,low,19.46,False,nearshore
S1A_IW_GRDH_1SD_20230801_E483,S1A_IW_GRDH_1SDV_20230801T104130_20230801T104159_049681_05F95D_06FD,2023-08-01T10:41:30Z,110.84904,20.63687,45,138.01,148.6,328.0,0.972,4.32,in_window,"110.7456,110.9168","20.5547,20.7205",156.99,high,37.19,True,
S1A_IW_GRDH_1SD_20230801_E485,S1A_IW_GRDH_1SDV_20230801T104130_20230801T104159_049681_05F95D_06FD,2023-08-01T10:41:30Z,111.46886,20.58601,2,0.62,90.3,166.0,0.968,4.75,in_window,"111.4680,111.4695","20.5670,20.6066",14.74,medium,85.53,True,
S1A_IW_GRDH_1SD_20230801_E488,S1A_IW_GRDH_1SDV_20230801T104130_20230801T104159_049681_05F95D_06FD,2023-08-01T10:41:30Z,112.00989,20.57785,1,0.48,90.0,,0.963,2.98,in_window,"112.0099,112.0099","20.5757,20.5800",18.28,low,110.55,True,
S1A_IW_GRDH_1SD_20230801_E489,S1A_IW_GRDH_1SDV_20230801T104130_20230801T104159_049681_05F95D_06FD,2023-08-01T10:41:30Z,111.86901,20.56135,1,0.54,89.7,,0.978,3.5,in_window,"111.8688,111.8690","20.5589,20.5636",7.55,low,109.96,True,
S1A_IW_GRDH_1SD_20230801_E490,S1A_IW_GRDH_1SDV_20230801T104130_20230801T104159_049681_05F95D_06FD,2023-08-01T10:41:30Z,112.88235,20.56412,4,1.88,85.2,119.0,0.981,2.44,in_window,"112.8818,112.8841","20.5560,20.5715",5.7,high,112.47,True,
S1A_IW_GRDH_1SD_20230801_E491,S1A_IW_GRDH_1SDV_20230801T104130_20230801T104159_049681_05F95D_06FD,2023-08-01T10:41:30Z,112.51182,20.61407,5,2.49,97.9,1788.0,0.98,2.15,in_window,"112.4846,112.5502","20.5965,20.6471",21.71,medium,108.55,True,
S1A_IW_GRDH_1SD_20230801_E492,S1A_IW_GRDH_1SDV_20230801T104130_20230801T104159_049681_05F95D_06FD,2023-08-01T10:41:30Z,111.83412,20.56667,1,0.31,63.4,,0.979,3.63,in_window,"111.8337,111.8350","20.5661,20.5677",2.71,low,108.61,True,
S1A_IW_GRDH_1SD_20230801_E493,S1A_IW_GRDH_1SDV_20230801T104130_20230801T104159_049681_05F95D_06FD,2023-08-01T10:41:30Z,111.54758,20.56535,1,0.34,154.2,,0.991,4.6,in_window,"111.5471,111.5488","20.5645,20.5657",2.22,low,89.69,True,
S1A_IW_GRDH_1SD_20230801_E495,S1A_IW_GRDH_1SDV_20230801T104130_20230801T104159_049681_05F95D_06FD,2023-08-01T10:41:30Z,111.3278,20.65645,1,0.42,90.0,,0.951,4.76,in_window,"111.3278,111.3278","20.6546,20.6583",17.67,low,78.8,True,
S1A_IW_GRDH_1SD_20230801_E498,S1A_IW_GRDH_1SDV_20230801T104130_20230801T104159_049681_05F95D_06FD,2023-08-01T10:41:30Z,111.94639,20.56493,1,0.47,89.3,,0.97,3.21,in_window,"111.9461,111.9466","20.5629,20.5667",1.49,low,111.01,True,
S1A_IW_GRDH_1SD_20230801_E501,S1A_IW_GRDH_1SDV_20230801T104130_20230801T104159_049681_05F95D_06FD,2023-08-01T10:41:30Z,112.62529,20.59699,1,0.4,90.0,,0.98,2.23,in_window,"112.6253,112.6253","20.5952,20.5988",10.19,low,109.79,True,
S1A_IW_GRDH_1SD_20230801_E502,S1A_IW_GRDH_1SDV_20230801T104130_20230801T104159_049681_05F95D_06FD,2023-08-01T10:41:30Z,111.58281,20.6083,1,0.38,88.7,,0.978,4.44,in_window,"111.5826,111.5828","20.6068,20.6096",2.19,low,95.63,True,
S1A_IW_GRDH_1SD_20230801_E503,S1A_IW_GRDH_1SDV_20230801T104130_20230801T104159_049681_05F95D_06FD,2023-08-01T10:41:30Z,112.28202,20.61369,2,0.68,88.9,,0.981,2.27,in_window,"112.2617,112.3029","20.5890,20.6376",7.86,medium,111.74,True,
S1A_IW_GRDH_1SD_20230801_E507,S1A_IW_GRDH_1SDV_20230801T104130_20230801T104159_049681_05F95D_06FD,2023-08-01T10:41:30Z,112.1209,20.60076,1,0.43,84.5,,0.981,2.66,in_window,"112.1203,112.1211","20.5995,20.6018",1.26,low,110.32,True,
S1A_IW_GRDH_1SD_20230801_E512,S1A_IW_GRDH_1SDV_20230801T104130_20230801T104159_049681_05F95D_06FD,2023-08-01T10:41:30Z,112.79096,20.63194,3,1.4,88.7,1163.0,0.964,2.42,in_window,"112.7769,112.7991","20.6233,20.6347",7.54,high,104.56,True,
S1A_IW_GRDH_1SD_20230801_E515,S1A_IW_GRDH_1SDV_20230801T104130_20230801T104159_049681_05F95D_06FD,2023-08-01T10:41:30Z,111.79779,20.63893,1,0.31,90.0,,0.966,3.73,in_window,"111.7976,111.7978","20.6378,20.6400",1.55,low,100.05,True,
S1A_IW_GRDH_1SD_20230801_E516,S1A_IW_GRDH_1SDV_20230801T104130_20230801T104159_049681_05F95D_06FD,2023-08-01T10:41:30Z,112.58719,20.67033,6,4.09,89.8,2749.0,0.985,2.28,in_window,"112.5554,112.6681","20.6430,20.7081",51.23,medium,102.44,False,blob_invalid
S1A_IW_GRDH_1SD_20230801_E517,S1A_IW_GRDH_1SDV_20230801T104130_20230801T104159_049681_05F95D_06FD,2023-08-01T10:41:30Z,111.18228,20.66092,2,0.63,89.8,,0.943,4.76,in_window,"111.1819,111.1827","20.6537,20.6677",4.24,medium,64.73,True,
S1A_IW_GRDH_1SD_20230801_E518,S1A_IW_GRDH_1SDV_20230801T104130_20230801T104159_049681_05F95D_06FD,2023-08-01T10:41:30Z,111.60646,20.63676,4,1.46,1.8,,0.97,4.33,in_window,"111.5845,111.6184","20.6363,20.6389",6.61,medium,95.57,True,
S1A_IW_GRDH_1SD_20230801_E522,S1A_IW_GRDH_1SDV_20230801T104130_20230801T104159_049681_05F95D_06FD,2023-08-01T10:41:30Z,111.835,20.63925,1,0.49,89.5,,0.987,3.6,in_window,"111.8350,111.8351","20.6377,20.6410",4.73,low,100.77,True,
S1A_IW_GRDH_1SD_20230801_E524,S1A_IW_GRDH_1SDV_20230801T104130_20230801T104159_049681_05F95D_06FD,2023-08-01T10:41:30Z,112.86399,20.66547,3,1.07,90.0,108.0,0.79,2.51,in_window,"112.8633,112.8644","20.6579,20.6715",3.89,high,101.15,True,
S1A_IW_GRDH_1SD_20230801_E526,S1A_IW_GRDH_1SDV_20230801T104130_20230801T104159_049681_05F95D_06FD,2023-08-01T10:41:30Z,111.43968,20.66193,1,0.44,108.4,,0.986,4.65,in_window,"111.4394,111.4408","20.6603,20.6628",2.75,low,87.83,True,
S1A_IW_GRDH_1SD_20230801_E527,S1A_IW_GRDH_1SDV_20230801T104130_20230801T104159_049681_05F95D_06FD,2023-08-01T10:41:30Z,112.23154,20.66027,1,0.31,90.0,,0.994,2.38,in_window,"112.2315,112.2315","20.6589,20.6616",1.34,low,107.53,True,
S1A_IW_GRDH_1SD_20230801_E531,S1A_IW_GRDH_1SDV_20230801T104130_20230801T104159_049681_05F95D_06FD,2023-08-01T10:41:30Z,111.58042,20.667,2,0.77,85.9,,0.985,4.36,in_window,"111.5796,111.5807","20.6641,20.6695",3.65,medium,91.46,True,
S1A_IW_GRDH_1SD_20230801_E532,S1A_IW_GRDH_1SDV_20230801T104130_20230801T104159_049681_05F95D_06FD,2023-08-01T10:41:30Z,112.25822,20.68445,3,1.28,73.7,1216.0,0.976,2.35,in_window,"112.2359,112.2701","20.6695,20.7030",14.71,high,104.81,True,
S1A_IW_GRDH_1SD_20230801_E533,S1A_IW_GRDH_1SDV_20230801T104130_20230801T104159_049681_05F95D_06FD,2023-08-01T10:41:30Z,111.79959,20.69065,2,0.88,91.2,293.0,0.969,3.68,in_window,"111.7976,111.8019","20.6760,20.7009",3.32,medium,94.46,True,
S1A_IW_GRDH_1SD_20230801_E534,S1A_IW_GRDH_1SDV_20230801T104130_20230801T104159_049681_05F95D_06FD,2023-08-01T10:41:30Z,111.48364,20.66988,1,0.33,89.1,,0.992,4.59,in_window,"111.4835,111.4838","20.6689,20.6708",3.66,low,88.04,True,
S1A_IW_GRDH_1SD_20230801_E536,S1A_IW_GRDH_1SDV_20230801T104130_20230801T104159_049681_05F95D_06FD,2023-08-01T10:41:30Z,112.43252,20.66942,3,2.07,0.0,294.0,0.953,2.24,in_window,"112.4165,112.4493","20.6655,20.6700",5.62,high,102.96,True,
S1A_IW_GRDH_1SD_20230801_E537,S1A_IW_GRDH_1SDV_20230801T104130_20230801T104159_049681_05F95D_06FD,2023-08-01T10:41:30Z,111.92079,20.67096,2,0.76,90.2,1600.0,0.978,3.28,in_window,"111.9123,111.9277","20.6682,20.6737",9.05,medium,99.06,True,
S1A_IW_GRDH_1SD_20230801_E538,S1A_IW_GRDH_1SDV_20230801T104130_20230801T104159_049681_05F95D_06FD,2023-08-01T10:41:30Z,112.52652,20.67323,1,0.32,89.7,,0.987,2.23,in_window,"112.5263,112.5265","20.6719,20.6745",3.61,low,101.98,True,
S1A_IW_GRDH_1SD_20230801_E540,S1A_IW_GRDH_1SDV_20230801T104130_20230801T104159_049681_05F95D_06FD,2023-08-01T10:41:30Z,111.12115,20.68574,1,0.34,90.8,,0.99,4.68,in_window,"111.1210,111.1212","20.6845,20.6871",4.69,low,57.79,True,
S1A_IW_GRDH_1SD_20230801_E546,S1A_IW_GRDH_1SDV_20230801T104130_20230801T104159_049681_05F95D_06FD,2023-08-01T10:41:30Z,112.30285,20.70382,2,0.79,42.9,248.0,0.986,2.34,in_window,"112.3009,112.3060","20.7023,20.7046",2.95,medium,101.54,True,
S1A_IW_GRDH_1SD_20230801_E547,S1A_IW_GRDH_1SDV_20230801T104130_20230801T104159_049681_05F95D_06FD,2023-08-01T10:41:30Z,111.54776,20.70366,2,0.71,89.5,,0.965,4.4,in_window,"111.5475,111.5480","20.7001,20.7075",0.65,medium,86.47,True,
S1A_IW_GRDH_1SD_20230801_E549,S1A_IW_GRDH_1SDV_20230801T104130_20230801T104159_049681_05F95D_06FD,2023-08-01T10:41:30Z,112.4171,20.71308,1,0.37,1.8,,0.975,2.29,in_window,"112.4158,112.4188","20.7130,20.7134",13.11,low,98.35,True,
S1A_IW_GRDH_1SD_20230801_E551,S1A_IW_GRDH_1SDV_20230801T104130_20230801T104159_049681_05F95D_06FD,2023-08-01T10:41:30Z,111.50731,20.70474,1,0.36,104.5,,0.982,4.51,in_window,"111.5071,111.5082","20.7033,20.7055",3.29,low,85.02,True,
S1A_IW_GRDH_1SD_20230801_E001,S1A_IW_GRDH_1SDV_20230801T104159_20230801T104224_049681_05F95D_842C,2023-08-01T10:41:59Z,110.43108,20.79711,5,5.36,90.0,1129.0,0.972,2.74,in_window,"110.4158,110.4496","20.7445,20.8454",41.47,high,3.07,False,nearshore
S1A_IW_GRDH_1SD_20230801_E003,S1A_IW_GRDH_1SDV_20230801T104159_20230801T104224_049681_05F95D_842C,2023-08-01T10:41:59Z,111.07326,20.75196,2,1.13,90.0,,0.983,4.57,in_window,"111.0732,111.0733","20.7469,20.7570",6.04,medium,50.16,True,
S1A_IW_GRDH_1SD_20230801_E004,S1A_IW_GRDH_1SDV_20230801T104159_20230801T104224_049681_05F95D_842C,2023-08-01T10:41:59Z,111.87223,20.76204,1,0.45,90.4,,0.989,3.43,in_window,"111.8721,111.8723","20.7605,20.7637",4.08,low,88.58,True,
S1A_IW_GRDH_1SD_20230801_E005,S1A_IW_GRDH_1SDV_20230801T104159_20230801T104224_049681_05F95D_842C,2023-08-01T10:41:59Z,112.09572,20.78799,5,2.11,90.0,1563.0,0.93,2.81,in_window,"112.0892,112.1203","20.7516,20.8245",13.37,medium,89.64,True,
S1A_IW_GRDH_1SD_20230801_E006,S1A_IW_GRDH_1SDV_20230801T104159_20230801T104224_049681_05F95D_842C,2023-08-01T10:41:59Z,112.24112,20.75252,3,0.91,89.1,306.0,0.988,2.44,in_window,"112.2372,112.2449","20.7452,20.7585",6.73,high,98.15,True,
S1A_IW_GRDH_1SD_20230801_E008,S1A_IW_GRDH_1SDV_20230801T104159_20230801T104224_049681_05F95D_842C,2023-08-01T10:41:59Z,110.64755,20.76908,2,0.99,44.4,745.0,0.975,3.77,in_window,"110.6371,110.6555","20.7614,20.7864",13.98,medium,14.05,False,nearshore
S1A_IW_GRDH_1SD_20230801_E009,S1A_IW_GRDH_1SDV_20230801T104159_20230801T104224_049681_05F95D_842C,2023-08-01T10:41:59Z,112.33952,20.75898,3,1.34,90.2,608.0,0.982,2.38,in_window,"112.3378,112.3456","20.7499,20.7681",4.38,high,94.73,True,
S1A_IW_GRDH_1SD_20230801_E012,S1A_IW_GRDH_1SDV_20230801T104159_20230801T104224_049681_05F95D_842C,2023-08-01T10:41:59Z,111.21733,20.76238,1,0.36,90.2,,0.977,4.63,in_window,"111.2172,111.2173","20.7610,20.7638",3.12,low,64.0,True,
S1A_IW_GRDH_1SD_20230801_E014,S1A_IW_GRDH_1SDV_20230801T104159_20230801T104224_049681_05F95D_842C,2023-08-01T10:41:59Z,110.73125,20.75934,1,0.51,89.1,,0.982,4.05,in_window,"110.7312,110.7314","20.7576,20.7615",4.57,low,19.87,False,nearshore
S1A_IW_GRDH_1SD_20230801_E016,S1A_IW_GRDH_1SDV_20230801T104159_20230801T104224_049681_05F95D_842C,2023-08-01T10:41:59Z,111.10705,20.76466,8,21.98,149.8,376.0,0.985,4.56,in_window,"111.1008,111.1132","20.7577,20.7947",6.96,high,52.95,False,blob_invalid
S1A_IW_GRDH_1SD_20230801_E017,S1A_IW_GRDH_1SDV_20230801T104159_20230801T104224_049681_05F95D_842C,2023-08-01T10:41:59Z,111.69008,20.76109,1,0.4,24.5,,0.996,3.97,in_window,"111.6887,111.6907","20.7602,20.7614",1.31,low,85.23,True,
S1A_IW_GRDH_1SD_20230801_E020,S1A_IW_GRDH_1SDV_20230801T104159_20230801T104224_049681_05F95D_842C,2023-08-01T10:41:59Z,110.89635,20.77057,2,1.38,90.0,,0.99,4.32,in_window,"110.8961,110.8969","20.7621,20.7781",6.81,medium,32.62,True,
S1A_IW_GRDH_1SD_20230801_E025,S1A_IW_GRDH_1SDV_20230801T104159_20230801T104224_049681_05F95D_842C,2023-08-01T10:41:59Z,112.05915,20.76708,1,0.45,15.0,,0.981,2.89,in_window,"112.0581,112.0608","20.7668,20.7680",0.91,low,90.93,True,
S1A_IW_GRDH_1SD_20230801_E028,S1A_IW_GRDH_1SDV_20230801T104159_20230801T104224_049681_05F95D_842C,2023-08-01T10:41:59Z,111.46888,20.79145,2,0.8,90.0,,0.988,4.41,in_window,"111.4687,111.4690","20.7855,20.7975",4.79,medium,74.68,True,
S1A_IW_GRDH_1SD_20230801_E029,S1A_IW_GRDH_1SDV_20230801T104159_20230801T104224_049681_05F95D_842C,2023-08-01T10:41:59Z,111.54993,20.79534,2,0.86,90.0,511.0,0.957,4.27,in_window,"111.5467,111.5516","20.7811,20.8189",14.78,medium,77.1,True,
S1A_IW_GRDH_1SD_20230801_E030,S1A_IW_GRDH_1SDV_20230801T104159_20230801T104224_049681_05F95D_842C,2023-08-01T10:41:59Z,111.90855,20.79191,3,1.35,88.3,,0.985,3.31,in_window,"111.9083,111.9091","20.7845,20.7980",2.92,medium,85.62,True,
S1A_IW_GRDH_1SD_20230801_E032,S1A_IW_GRDH_1SDV_20230801T104159_20230801T104224_049681_05F95D_842C,2023-08-01T10:41:59Z,112.41717,20.79643,1,0.4,81.3,,0.985,2.4,in_window,"112.4169,112.4179","20.7955,20.7978",3.69,low,89.21,True,
S1A_IW_GRDH_1SD_20230801_E034,S1A_IW_GRDH_1SDV_20230801T104159_20230801T104224_049681_05F95D_842C,2023-08-01T10:41:59Z,110.81781,20.82009,1,1.28,90.0,,0.953,4.1,in_window,"110.8178,110.8178","20.8143,20.8259",9.32,low,22.79,True,
S1A_IW_GRDH_1SD_20230801_E035,S1A_IW_GRDH_1SDV_20230801T104159_20230801T104224_049681_05F95D_842C,2023-08-01T10:41:59Z,112.38077,20.79,1,0.31,88.6,,0.952,2.41,in_window,"112.3808,112.3809","20.7889,20.7913",1.25,low,90.52,True,
S1A_IW_GRDH_1SD_20230801_E036,S1A_IW_GRDH_1SDV_20230801T104159_20230801T104224_049681_05F95D_842C,2023-08-01T10:41:59Z,112.12651,20.79506,1,0.35,0.0,,0.983,2.75,in_window,"112.1249,112.1281","20.7951,20.7951",6.97,low,89.82,True,
S1A_IW_GRDH_1SD_20230801_E037,S1A_IW_GRDH_1SDV_20230801T104159_20230801T104224_049681_05F95D_842C,2023-08-01T10:41:59Z,111.2849,20.78985,1,0.31,88.7,,0.991,4.57,in_window,"111.2849,111.2851","20.7889,20.7909",4.31,low,70.1,True,
S1A_IW_GRDH_1SD_20230801_E038,S1A_IW_GRDH_1SDV_20230801T104159_20230801T104224_049681_05F95D_842C,2023-08-01T10:41:59Z,111.50014,20.79372,2,0.89,90.2,,0.974,4.39,in_window,"111.4999,111.5003","20.7898,20.7977",0.95,medium,75.43,True,
S1A_IW_GRDH_1SD_20230801_E040,S1A_IW_GRDH_1SDV_20230801T104159_20230801T104224_049681_05F95D_842C,2023-08-01T10:41:59Z,110.47327,20.80013,1,0.31,89.6,,0.565,3.06,in_window,"110.4731,110.4733","20.7988,20.8014",0.9,low,7.47,False,nearshore
S1A_IW_GRDH_1SD_20230801_E045,S1A_IW_GRDH_1SDV_20230801T104159_20230801T104224_049681_05F95D_842C,2023-08-01T10:41:59Z,112.33611,20.81998,1,0.83,90.0,,0.976,2.47,in_window,"112.3361,112.3363","20.8167,20.8232",4.42,low,88.24,True,
S1A_IW_GRDH_1SD_20230801_E046,S1A_IW_GRDH_1SDV_20230801T104159_20230801T104224_049681_05F95D_842C,2023-08-01T10:41:59Z,112.05443,20.82421,2,0.75,97.0,151.0,0.986,2.91,in_window,"112.0539,112.0557","20.8203,20.8281",1.33,medium,84.66,True,
S1A_IW_GRDH_1SD_20230801_E047,S1A_IW_GRDH_1SDV_20230801T104159_20230801T104224_049681_05F95D_842C,2023-08-01T10:41:59Z,111.57968,20.84838,3,2.15,89.9,135.0,0.972,4.13,in_window,"111.5786,111.5803","20.8373,20.8596",9.52,high,73.04,True,
S1A_IW_GRDH_1SD_20230801_E053,S1A_IW_GRDH_1SDV_20230801T104159_20230801T104224_049681_05F95D_842C,2023-08-01T10:41:59Z,111.61764,20.82815,1,0.32,90.0,,0.987,4.06,in_window,"111.6176,111.6178","20.8268,20.8295",1.96,low,76.77,True,
S1A_IW_GRDH_1SD_20230801_E054,S1A_IW_GRDH_1SDV_20230801T104159_20230801T104224_049681_05F95D_842C,2023-08-01T10:41:59Z,111.98213,20.83349,1,0.33,90.5,,0.987,3.08,in_window,"111.9820,111.9822","20.8325,20.8345",2.06,low,82.19,True,
S1A_IW_GRDH_1SD_20230801_E055,S1A_IW_GRDH_1SDV_20230801T104159_20230801T104224_049681_05F95D_842C,2023-08-01T10:41:59Z,111.69211,20.8314,1,0.4,83.3,,0.983,3.89,in_window,"111.6919,111.6927","20.8305,20.8327",6.01,low,77.5,True,
S1A_IW_GRDH_1SD_20230801_E056,S1A_IW_GRDH_1SDV_20230801T104159_20230801T104224_049681_05F95D_842C,2023-08-01T10:41:59Z,111.14777,20.83722,2,0.64,79.8,,0.982,4.41,in_window,"111.1474,111.1489","20.8343,20.8409",3.08,medium,55.0,True,
S1A_IW_GRDH_1SD_20230801_E057,S1A_IW_GRDH_1SDV_20230801T104159_20230801T104224_049681_05F95D_842C,2023-08-01T10:41:59Z,111.43838,20.83012,1,0.3,67.6,,0.973,4.37,in_window,"111.4375,111.4386","20.8290,20.8306",1.64,low,69.7,True,
S1A_IW_GRDH_1SD_20230801_E059,S1A_IW_GRDH_1SDV_20230801T104159_20230801T104224_049681_05F95D_842C,2023-08-01T10:41:59Z,112.23213,20.84344,3,1.33,90.2,314.0,0.98,2.58,in_window,"112.2305,112.2345","20.8283,20.8681",6.13,high,88.94,True,
S1A_IW_GRDH_1SD_20230801_E063,S1A_IW_GRDH_1SDV_20230801T104159_20230801T104224_049681_05F95D_842C,2023-08-01T10:41:59Z,111.07282,20.86832,2,0.96,90.0,,0.919,4.32,in_window,"111.0726,111.0729","20.8635,20.8737",3.67,medium,46.68,True,
S1A_IW_GRDH_1SD_20230801_E069,S1A_IW_GRDH_1SDV_20230801T104159_20230801T104224_049681_05F95D_842C,2023-08-01T10:41:59Z,111.83642,20.86329,3,1.25,90.2,162.0,0.984,3.49,in_window,"111.8354,111.8373","20.8543,20.8714",4.58,high,76.79,True,
S1A_IW_GRDH_1SD_20230801_E071,S1A_IW_GRDH_1SDV_20230801T104159_20230801T104224_049681_05F95D_842C,2023-08-01T10:41:59Z,110.70846,20.86698,2,0.84,90.0,,0.978,3.79,in_window,"110.7080,110.7088","20.8569,20.8762",3.2,medium,10.27,False,nearshore
S1A_IW_GRDH_1SD_20230801_E076,S1A_IW_GRDH_1SDV_20230801T104159_20230801T104224_049681_05F95D_842C,2023-08-01T10:41:59Z,111.94445,20.86039,1,0.31,89.1,,0.981,3.2,in_window,"111.9444,111.9446","20.8593,20.8616",2.62,low,78.62,True,
S1A_IW_GRDH_1SD_20230801_E077,S1A_IW_GRDH_1SDV_20230801T104159_20230801T104224_049681_05F95D_842C,2023-08-01T10:41:59Z,111.29378,20.88508,1,0.38,90.0,,0.985,4.33,in_window,"111.2938,111.2938","20.8834,20.8867",6.87,low,61.35,True,
S1A_IW_GRDH_1SD_20230801_E079,S1A_IW_GRDH_1SDV_20230801T104159_20230801T104224_049681_05F95D_842C,2023-08-01T10:41:59Z,111.22066,20.86686,1,0.46,92.1,,0.948,4.38,in_window,"111.2199,111.2208","20.8653,20.8685",2.66,low,62.01,True,
S1A_IW_GRDH_1SD_20230801_E080,S1A_IW_GRDH_1SDV_20230801T104159_20230801T104224_049681_05F95D_842C,2023-08-01T10:41:59Z,112.40309,20.89457,3,0.99,90.0,415.0,0.692,2.57,in_window,"112.3987,112.4082","20.8923,20.8975",7.0,high,78.72,True,
S1A_IW_GRDH_1SD_20230801_E082,S1A_IW_GRDH_1SDV_20230801T104159_20230801T104224_049681_05F95D_842C,2023-08-01T10:41:59Z,111.90865,20.87344,3,1.02,90.0,,0.966,3.3,in_window,"111.9086,111.9089","20.8664,20.8798",11.24,medium,76.67,True,
S1A_IW_GRDH_1SD_20230801_E085,S1A_IW_GRDH_1SDV_20230801T104159_20230801T104224_049681_05F95D_842C,2023-08-01T10:41:59Z,112.45286,20.86693,1,0.33,104.4,,0.97,2.5,in_window,"112.4521,112.4530","20.8662,20.8682",1.47,low,81.02,True,
S1A_IW_GRDH_1SD_20230801_E086,S1A_IW_GRDH_1SDV_20230801T104159_20230801T104224_049681_05F95D_842C,2023-08-01T10:41:59Z,112.17889,20.89797,8,6.88,135.9,691.0,0.933,2.75,in_window,"112.1361,112.2230","20.8743,20.9126",36.97,high,81.13,True,
S1A_IW_GRDH_1SD_20230801_E088,S1A_IW_GRDH_1SDV_20230801T104159_20230801T104224_049681_05F95D_842C,2023-08-01T10:41:59Z,110.34274,20.8953,1,0.45,0.2,,0.983,2.08,in_window,"110.3406,110.3448","20.8952,20.8953",6.49,low,4.1,False,nearshore
S1A_IW_GRDH_1SD_20230801_E089,S1A_IW_GRDH_1SDV_20230801T104159_20230801T104224_049681_05F95D_842C,2023-08-01T10:41:59Z,112.55679,20.92241,3,1.12,89.7,1272.0,0.906,2.57,in_window,"112.5471,112.5618","20.9190,20.9293",12.34,high,74.46,True,
S1A_IW_GRDH_1SD_20230801_E090,S1A_IW_GRDH_1SDV_20230801T104159_20230801T104224_049681_05F95D_842C,2023-08-01T10:41:59Z,110.62125,21.03106,13,13.17,103.1,472.0,0.965,3.25,in_window,"110.5689,110.6543","20.8975,21.0765",70.53,high,7.57,True,
S1A_IW_GRDH_1SD_20230801_E093,S1A_IW_GRDH_1SDV_20230801T104159_20230801T104224_049681_05F95D_842C,2023-08-01T10:41:59Z,110.81629,20.9207,1,0.41,90.0,,0.759,3.92,in_window,"110.8163,110.8163","20.9189,20.9225",3.69,low,19.31,False,nearshore
S1A_IW_GRDH_1SD_20230801_E094,S1A_IW_GRDH_1SDV_20230801T104159_20230801T104224_049681_05F95D_842C,2023-08-01T10:41:59Z,111.87364,20.91728,2,0.62,90.2,481.0,0.963,3.38,in_window,"111.8712,111.8766","20.8943,20.9390",2.55,medium,71.49,True,
S1A_IW_GRDH_1SD_20230801_E096,S1A_IW_GRDH_1SDV_20230801T104159_20230801T104224_049681_05F95D_842C,2023-08-01T10:41:59Z,111.76813,20.90024,1,0.43,5.5,,0.972,3.67,in_window,"111.7667,111.7700","20.9002,20.9008",1.98,low,71.09,True,
S1A_IW_GRDH_1SD_20230801_E097,S1A_IW_GRDH_1SDV_20230801T104159_20230801T104224_049681_05F95D_842C,2023-08-01T10:41:59Z,112.02496,20.94347,4,2.27,82.5,1251.0,0.944,3.02,in_window,"112.0195,112.0528","20.8970,20.9659",38.75,high,71.12,True,
S1A_IW_GRDH_1SD_20230801_E101,S1A_IW_GRDH_1SDV_20230801T104159_20230801T104224_049681_05F95D_842C,2023-08-01T10:41:59Z,111.98187,20.90198,1,0.43,90.6,,0.989,3.09,in_window,"111.9817,111.9819","20.9004,20.9037",2.33,low,74.71,True,
S1A_IW_GRDH_1SD_20230801_E102,S1A_IW_GRDH_1SDV_20230801T104159_20230801T104224_049681_05F95D_842C,2023-08-01T10:41:59Z,112.50767,20.90737,2,0.72,90.0,,0.623,2.55,in_window,"112.5073,112.5081","20.9029,20.9118",5.53,medium,76.14,True,
S1A_IW_GRDH_1SD_20230801_E103,S1A_IW_GRDH_1SDV_20230801T104159_20230801T104224_049681_05F95D_842C,2023-08-01T10:41:59Z,110.22288,20.92656,2,0.73,90.6,161.0,0.96,1.5,low,"110.2220,110.2236","20.9202,20.9328",3.83,low,6.79,False,nearshore
S1A_IW_GRDH_1SD_20230801_E105,S1A_IW_GRDH_1SDV_20230801T104159_20230801T104224_049681_05F95D_842C,2023-08-01T10:41:59Z,110.50388,20.92155,3,1.71,90.0,437.0,0.85,3.13,in_window,"110.4977,110.5061","20.9036,20.9382",6.05,high,2.13,False,nearshore
S1A_IW_GRDH_1SD_20230801_E107,S1A_IW_GRDH_1SDV_20230801T104159_20230801T104224_049681_05F95D_842C,2023-08-01T10:41:59Z,110.73948,20.9225,1,0.35,90.0,,0.95,3.78,in_window,"110.7395,110.7395","20.9210,20.9240",3.62,low,11.3,False,nearshore
S1A_IW_GRDH_1SD_20230801_E109,S1A_IW_GRDH_1SDV_20230801T104159_20230801T104224_049681_05F95D_842C,2023-08-01T10:41:59Z,111.13722,20.92635,2,0.93,90.3,110.0,0.972,4.21,in_window,"111.1367,111.1379","20.9199,20.9336",3.73,medium,52.81,True,
S1A_IW_GRDH_1SD_20230801_E110,S1A_IW_GRDH_1SDV_20230801T104159_20230801T104224_049681_05F95D_842C,2023-08-01T10:41:59Z,112.12508,20.95722,1,0.57,90.0,,0.962,2.89,in_window,"112.1251,112.1251","20.9547,20.9598",7.33,low,72.9,True,
S1A_IW_GRDH_1SD_20230801_E112,S1A_IW_GRDH_1SDV_20230801T104159_20230801T104224_049681_05F95D_842C,2023-08-01T10:41:59Z,111.00118,20.93549,2,1.07,135.6,469.0,0.981,4.14,in_window,"110.9996,111.0051","20.9337,20.9389",3.63,medium,38.57,True,
S1A_IW_GRDH_1SD_20230801_E114,S1A_IW_GRDH_1SDV_20230801T104159_20230801T104224_049681_05F95D_842C,2023-08-01T10:41:59Z,111.28469,20.9345,1,0.41,115.3,,0.979,4.21,in_window,"111.2841,111.2856","20.9337,20.9353",3.51,low,55.85,True,
S1A_IW_GRDH_1SD_20230801_E115,S1A_IW_GRDH_1SDV_20230801T104159_20230801T104224_049681_05F95D_842C,2023-08-01T10:41:59Z,110.85244,20.93571,1,0.46,85.8,,0.974,3.93,in_window,"110.8522,110.8530","20.9345,20.9373",1.7,low,23.01,True,
S1A_IW_GRDH_1SD_20230801_E119,S1A_IW_GRDH_1SDV_20230801T104159_20230801T104224_049681_05F95D_842C,2023-08-01T10:41:59Z,112.27352,20.9349,1,0.61,89.3,,0.99,2.68,in_window,"112.2731,112.2741","20.9329,20.9368",2.01,low,78.0,True,
S1A_IW_GRDH_1SD_20230801_E123,S1A_IW_GRDH_1SDV_20230801T104159_20230801T104224_049681_05F95D_842C,2023-08-01T10:41:59Z,112.41343,20.9861,8,4.27,179.8,537.0,0.911,2.71,in_window,"112.3701,112.4652","20.9619,20.9975",40.34,high,68.57,True,
S1A_IW_GRDH_1SD_20230801_E128,S1A_IW_GRDH_1SDV_20230801T104159_20230801T104224_049681_05F95D_842C,2023-08-01T10:41:59Z,112.21619,20.99369,2,1.26,89.9,2961.0,0.99,2.82,in_window,"112.2079,112.2364","20.9838,21.0094",15.09,medium,72.65,False,blob_invalid
S1A_IW_GRDH_1SD_20230801_E135,S1A_IW_GRDH_1SDV_20230801T104159_20230801T104224_049681_05F95D_842C,2023-08-01T10:41:59Z,111.90273,20.99262,1,0.36,91.2,,0.985,3.29,in_window,"111.9027,111.9029","20.9913,20.9937",3.28,low,63.51,True,
S1A_IW_GRDH_1SD_20230801_E138,S1A_IW_GRDH_1SDV_20230801T104159_20230801T104224_049681_05F95D_842C,2023-08-01T10:41:59Z,111.34199,21.00409,2,0.72,0.1,162.0,0.992,4.05,in_window,"111.3342,111.3499","21.0034,21.0049",8.95,medium,48.76,True,
S1A_IW_GRDH_1SD_20230801_E139,S1A_IW_GRDH_1SDV_20230801T104159_20230801T104224_049681_05F95D_842C,2023-08-01T10:41:59Z,111.17917,21.00111,1,0.39,86.2,,0.981,4.05,in_window,"111.1786,111.1794","20.9995,21.0022",1.0,low,49.33,True,
S1A_IW_GRDH_1SD_20230801_E142,S1A_IW_GRDH_1SDV_20230801T104159_20230801T104224_049681_05F95D_842C,2023-08-01T10:41:59Z,111.2832,21.02738,3,1.17,90.6,339.0,0.785,4.02,in_window,"111.2803,111.2882","21.0164,21.0432",9.07,high,45.58,True,
S1A_IW_GRDH_1SD_20230801_E147,S1A_IW_GRDH_1SDV_20230801T104159_20230801T104224_049681_05F95D_842C,2023-08-01T10:41:59Z,111.72586,21.03567,1,0.37,88.7,,0.98,3.69,in_window,"111.7258,111.7260","21.0345,21.0372",2.43,low,55.55,True,
S1A_IW_GRDH_1SD_20230801_E148,S1A_IW_GRDH_1SDV_20230801T104159_20230801T104224_049681_05F95D_842C,2023-08-01T10:41:59Z,111.3771,21.03104,2,0.74,153.8,,0.838,4.02,in_window,"111.3614,111.3969","21.0213,21.0401",5.25,medium,46.58,True,
S1A_IW_GRDH_1SD_20230801_E149,S1A_IW_GRDH_1SDV_20230801T104159_20230801T104224_049681_05F95D_842C,2023-08-01T10:41:59Z,111.4668,21.01914,1,0.38,0.0,,0.644,4.04,in_window,"111.4650,111.4686","21.0191,21.0191",0.38,low,50.93,True,
S1A_IW_GRDH_1SD_20230801_E150,S1A_IW_GRDH_1SDV_20230801T104159_20230801T104224_049681_05F95D_842C,2023-08-01T10:41:59Z,111.63,21.03676,3,1.55,101.2,1231.0,0.972,3.83,in_window,"111.6240,111.6476","21.0335,21.0410",3.58,high,54.24,True,
S1A_IW_GRDH_1SD_20230801_E151,S1A_IW_GRDH_1SDV_20230801T104159_20230801T104224_049681_05F95D_842C,2023-08-01T10:41:59Z,111.10833,21.05369,2,0.85,89.4,,0.972,3.92,in_window,"111.1079,111.1087","21.0359,21.0668",6.7,medium,42.78,True,
S1A_IW_GRDH_1SD_20230801_E152,S1A_IW_GRDH_1SDV_20230801T104159_20230801T104224_049681_05F95D_842C,2023-08-01T10:41:59Z,111.03027,21.02808,1,0.31,88.7,,0.973,3.94,in_window,"111.0302,111.0304","21.0272,21.0291",1.79,low,42.7,True,
S1A_IW_GRDH_1SD_20230801_E153,S1A_IW_GRDH_1SDV_20230801T104159_20230801T104224_049681_05F95D_842C,2023-08-01T10:41:59Z,111.20687,21.04237,5,1.9,1.4,712.0,0.789,3.98,in_window,"111.1997,111.2176","21.0312,21.0548",7.35,high,44.35,True,
S1A_IW_GRDH_1SD_20230801_E155,S1A_IW_GRDH_1SDV_20230801T104159_20230801T104224_049681_05F95D_842C,2023-08-01T10:41:59Z,111.14489,21.03882,1,0.3,90.0,,0.972,3.96,in_window,"111.1449,111.1449","21.0375,21.0401",1.45,low,45.55,True,
S1A_IW_GRDH_1SD_20230801_E158,S1A_IW_GRDH_1SDV_20230801T104159_20230801T104224_049681_05F95D_842C,2023-08-01T10:41:59Z,112.09419,21.03738,1,0.41,17.0,,0.964,2.99,in_window,"112.0933,112.0958","21.0372,21.0382",0.89,low,63.47,True,
S1A_IW_GRDH_1SD_20230801_E166,S1A_IW_GRDH_1SDV_20230801T104159_20230801T104224_049681_05F95D_842C,2023-08-01T10:41:59Z,112.3312,21.06787,1,0.79,0.0,,0.897,2.8,in_window,"112.3275,112.3350","21.0679,21.0679",5.82,low,62.11,True,
S1A_IW_GRDH_1SD_20230801_E168,S1A_IW_GRDH_1SDV_20230801T104159_20230801T104224_049681_05F95D_842C,2023-08-01T10:41:59Z,112.01055,21.05987,1,0.3,89.5,,0.96,3.09,in_window,"112.0105,112.0107","21.0588,21.0610",7.2,low,58.29,True,
S1A_IW_GRDH_1SD_20230801_E169,S1A_IW_GRDH_1SDV_20230801T104159_20230801T104224_049681_05F95D_842C,2023-08-01T10:41:59Z,112.39896,21.06769,1,0.52,90.0,,0.635,2.77,in_window,"112.3990,112.3990","21.0653,21.0700",1.64,low,60.07,True,
S1A_IW_GRDH_1SD_20230801_E170,S1A_IW_GRDH_1SDV_20230801T104159_20230801T104224_049681_05F95D_842C,2023-08-01T10:41:59Z,111.69109,21.07448,1,0.33,90.8,,0.985,3.73,in_window,"111.6909,111.6911","21.0735,21.0756",6.24,low,50.75,True,
S1A_IW_GRDH_1SD_20230801_E171,S1A_IW_GRDH_1SDV_20230801T104159_20230801T104224_049681_05F95D_842C,2023-08-01T10:41:59Z,110.40908,21.07255,1,0.35,0.0,,0.98,2.35,in_window,"110.4075,110.4107","21.0726,21.0726",4.02,low,1.17,False,nearshore
S1A_IW_GRDH_1SD_20230801_E172,S1A_IW_GRDH_1SDV_20230801T104159_20230801T104224_049681_05F95D_842C,2023-08-01T10:41:59Z,111.87621,21.07341,1,0.37,89.5,,0.978,3.39,in_window,"111.8761,111.8762","21.0721,21.0746",2.03,low,54.32,True,
S1A_IW_GRDH_1SD_20230801_E178,S1A_IW_GRDH_1SDV_20230801T104159_20230801T104224_049681_05F95D_842C,2023-08-01T10:41:59Z,111.0328,21.09502,1,0.49,90.0,,0.955,3.78,in_window,"111.0328,111.0328","21.0928,21.0972",5.95,low,36.07,True,
S1A_IW_GRDH_1SD_20230801_E179,S1A_IW_GRDH_1SDV_20230801T104159_20230801T104224_049681_05F95D_842C,2023-08-01T10:41:59Z,111.06565,21.10476,2,0.64,90.1,,0.95,3.77,in_window,"111.0655,111.0658","21.1011,21.1085",6.56,medium,36.2,True,
S1A_IW_GRDH_1SD_20230801_E180,S1A_IW_GRDH_1SDV_20230801T104159_20230801T104224_049681_05F95D_842C,2023-08-01T10:41:59Z,112.05463,21.10443,1,0.31,90.0,,0.972,3.07,in_window,"112.0546,112.0548","21.1032,21.1057",4.58,low,55.05,True,
S1A_IW_GRDH_1SD_20230801_E183,S1A_IW_GRDH_1SDV_20230801T104159_20230801T104224_049681_05F95D_842C,2023-08-01T10:41:59Z,112.50092,21.08385,1,0.33,90.4,,0.968,2.73,in_window,"112.5009,112.5011","21.0825,21.0852",5.08,low,56.69,True,
S1A_IW_GRDH_1SD_20230801_E184,S1A_IW_GRDH_1SDV_20230801T104159_20230801T104224_049681_05F95D_842C,2023-08-01T10:41:59Z,111.94629,21.10642,2,0.85,130.3,504.0,0.983,3.24,in_window,"111.9454,111.9486","21.1026,21.1117",6.18,medium,51.8,True,
S1A_IW_GRDH_1SD_20230801_E187,S1A_IW_GRDH_1SDV_20230801T104159_20230801T104224_049681_05F95D_842C,2023-08-01T10:41:59Z,112.15243,21.10399,5,2.96,89.9,1235.0,0.96,2.97,in_window,"112.1369,112.1633","21.0903,21.1161",9.91,high,58.95,True,
S1A_IW_GRDH_1SD_20230801_E193,S1A_IW_GRDH_1SDV_20230801T104159_20230801T104224_049681_05F95D_842C,2023-08-01T10:41:59Z,111.21708,21.10737,1,0.35,45.7,,0.99,3.87,in_window,"111.2166,111.2182","21.1070,21.1083",1.72,low,37.08,True,
S1A_IW_GRDH_1SD_20230801_E194,S1A_IW_GRDH_1SDV_20230801T104159_20230801T104224_049681_05F95D_842C,2023-08-01T10:41:59Z,110.66888,21.11193,1,0.42,89.3,,0.989,3.11,in_window,"110.6687,110.6689","21.1106,21.1132",6.89,low,9.64,False,nearshore
S1A_IW_GRDH_1SD_20230801_E195,S1A_IW_GRDH_1SDV_20230801T104159_20230801T104224_049681_05F95D_842C,2023-08-01T10:41:59Z,112.31172,21.13181,1,0.39,90.0,,0.806,2.86,in_window,"112.3117,112.3117","21.1301,21.1335",7.1,low,56.27,True,
S1A_IW_GRDH_1SD_20230801_E203,S1A_IW_GRDH_1SDV_20230801T104159_20230801T104224_049681_05F95D_842C,2023-08-01T10:41:59Z,111.9813,21.1436,1,0.31,90.1,,0.988,3.2,in_window,"111.9811,111.9813","21.1424,21.1448",2.94,low,48.55,True,
S1A_IW_GRDH_1SD_20230801_E205,S1A_IW_GRDH_1SDV_20230801T104159_20230801T104224_049681_05F95D_842C,2023-08-01T10:41:59Z,111.31003,21.15807,3,1.52,89.0,548.0,0.75,3.84,in_window,"111.3033,111.3160","21.1431,21.2046",6.34,high,31.42,True,
S1A_IW_GRDH_1SD_20230801_E208,S1A_IW_GRDH_1SDV_20230801T104159_20230801T104224_049681_05F95D_842C,2023-08-01T10:41:59Z,111.65239,21.14145,1,0.32,0.0,,0.973,3.76,in_window,"111.6509,111.6539","21.1415,21.1415",2.06,low,43.01,True,
S1A_IW_GRDH_1SD_20230801_E209,S1A_IW_GRDH_1SDV_20230801T104159_20230801T104224_049681_05F95D_842C,2023-08-01T10:41:59Z,111.75998,21.15253,1,0.41,90.0,,0.978,3.64,in_window,"111.7600,111.7600","21.1507,21.1543",6.49,low,43.87,True,
S1A_IW_GRDH_1SD_20230801_E211,S1A_IW_GRDH_1SDV_20230801T104159_20230801T104224_049681_05F95D_842C,2023-08-01T10:41:59Z,111.54354,21.17516,1,0.35,89.7,,0.968,3.84,in_window,"111.5434,111.5436","21.1740,21.1763",5.07,low,37.97,True,
S1A_IW_GRDH_1SD_20230801_E219,S1A_IW_GRDH_1SDV_20230801T104159_20230801T104224_049681_05F95D_842C,2023-08-01T10:41:59Z,111.94068,21.21008,1,1.31,180.0,,0.977,3.3,in_window,"111.9346,111.9469","21.2100,21.2101",16.77,low,40.42,True,
S1A_IW_GRDH_1SD_20230801_E220,S1A_IW_GRDH_1SDV_20230801T104159_20230801T104224_049681_05F95D_842C,2023-08-01T10:41:59Z,110.63781,21.16999,1,0.35,89.3,,0.975,2.85,in_window,"110.6376,110.6378","21.1685,21.1714",0.95,low,3.23,False,nearshore
S1A_IW_GRDH_1SD_20230801_E224,S1A_IW_GRDH_1SDV_20230801T104159_20230801T104224_049681_05F95D_842C,2023-08-01T10:41:59Z,111.72025,21.17659,2,1.19,89.8,,0.987,3.69,in_window,"111.7200,111.7205","21.1705,21.1830",2.33,medium,40.17,True,
S1A_IW_GRDH_1SD_20230801_E230,S1A_IW_GRDH_1SDV_20230801T104159_20230801T104224_049681_05F95D_842C,2023-08-01T10:41:59Z,111.14317,21.21368,1,0.38,89.7,,0.972,3.6,in_window,"111.1430,111.1432","21.2121,21.2152",6.43,low,27.88,True,
S1A_IW_GRDH_1SD_20230801_E231,S1A_IW_GRDH_1SDV_20230801T104159_20230801T104224_049681_05F95D_842C,2023-08-01T10:41:59Z,110.57809,21.20766,1,0.32,90.7,,0.834,2.56,in_window,"110.5781,110.5783","21.2064,21.2088",6.93,low,1.44,False,nearshore
S1A_IW_GRDH_1SD_20230801_E232,S1A_IW_GRDH_1SDV_20230801T104159_20230801T104224_049681_05F95D_842C,2023-08-01T10:41:59Z,112.48569,21.20581,1,0.83,138.9,,0.981,2.76,in_window,"112.4829,112.4866","21.2049,21.2080",4.53,low,43.4,True,
S1A_IW_GRDH_1SD_20230801_E234,S1A_IW_GRDH_1SDV_20230801T104159_20230801T104224_049681_05F95D_842C,2023-08-01T10:41:59Z,111.87081,21.21215,1,0.3,68.3,,0.983,3.44,in_window,"111.8705,111.8716","21.2116,21.2131",2.69,low,39.01,True,
S1A_IW_GRDH_1SD_20230801_E237,S1A_IW_GRDH_1SDV_20230801T104159_20230801T104224_049681_05F95D_842C,2023-08-01T10:41:59Z,111.72228,21.2099,1,0.34,0.0,,0.969,3.68,in_window,"111.7207,111.7238","21.2099,21.2099",0.69,low,36.66,True,
S1A_IW_GRDH_1SD_20230801_E238,S1A_IW_GRDH_1SDV_20230801T104159_20230801T104224_049681_05F95D_842C,2023-08-01T10:41:59Z,111.05803,21.22112,3,1.14,97.4,745.0,0.774,3.48,in_window,"111.0532,111.0658","21.2111,21.2412",8.1,high,23.54,True,
S1A_IW_GRDH_1SD_20230801_E240,S1A_IW_GRDH_1SDV_20230801T104159_20230801T104224_049681_05F95D_842C,2023-08-01T10:41:59Z,111.68108,21.23192,1,0.3,90.0,,0.995,3.71,in_window,"111.6811,111.6811","21.2306,21.2332",5.79,low,33.37,True,
S1A_IW_GRDH_1SD_20230801_E249,S1A_IW_GRDH_1SDV_20230801T104159_20230801T104224_049681_05F95D_842C,2023-08-01T10:41:59Z,110.92451,21.27159,1,0.31,135.4,,0.981,3.08,in_window,"110.9235,110.9249","21.2712,21.2726",5.29,low,13.59,False,nearshore
S1A_IW_GRDH_1SD_20230801_E253,S1A_IW_GRDH_1SDV_20230801T104159_20230801T104224_049681_05F95D_842C,2023-08-01T10:41:59Z,111.36633,21.30728,5,2.81,90.2,1165.0,0.891,3.5,in_window,"111.3414,111.3895","21.2944,21.3328",17.72,high,17.63,True,
S1A_IW_GRDH_1SD_20230801_E254,S1A_IW_GRDH_1SDV_20230801T104159_20230801T104224_049681_05F95D_842C,2023-08-01T10:41:59Z,110.71628,21.323,2,0.97,90.0,1100.0,0.975,2.53,in_window,"110.7106,110.7213","21.3098,21.3352",19.35,medium,2.7,False,nearshore
S1A_IW_GRDH_1SD_20230801_E257,S1A_IW_GRDH_1SDV_20230801T104159_20230801T104224_049681_05F95D_842C,2023-08-01T10:41:59Z,111.2481,21.30113,3,1.17,89.6,,0.974,3.42,in_window,"111.2478,111.2485","21.2904,21.3191",6.75,medium,15.42,False,nearshore
S1A_IW_GRDH_1SD_20230801_E264,S1A_IW_GRDH_1SDV_20230801T104159_20230801T104224_049681_05F95D_842C,2023-08-01T10:41:59Z,111.14394,21.30798,1,0.56,83.3,,0.989,3.22,in_window,"111.1437,111.1449","21.3065,21.3101",0.83,low,17.45,False,nearshore
S1A_IW_GRDH_1SD_20230801_E265,S1A_IW_GRDH_1SDV_20230801T104159_20230801T104224_049681_05F95D_842C,2023-08-01T10:41:59Z,111.83765,21.30749,1,0.3,90.0,,0.926,3.45,in_window,"111.8376,111.8376","21.3062,21.3088",0.73,low,28.19,True,
S1A_IW_GRDH_1SD_20230801_E270,S1A_IW_GRDH_1SDV_20230801T104159_20230801T104224_049681_05F95D_842C,2023-08-01T10:41:59Z,111.45814,21.39626,13,13.2,89.9,1052.0,0.955,3.3,in_window,"111.3973,111.4967","21.3408,21.4807",79.84,high,13.11,True,
S1A_IW_GRDH_1SD_20230801_E273,S1A_IW_GRDH_1SDV_20230801T104159_20230801T104224_049681_05F95D_842C,2023-08-01T10:41:59Z,111.97242,21.34738,1,0.33,90.4,,0.974,3.22,in_window,"111.9724,111.9726","21.3461,21.3486",3.16,low,26.96,True,
S1A_IW_GRDH_1SD_20230801_E277,S1A_IW_GRDH_1SDV_20230801T104159_20230801T104224_049681_05F95D_842C,2023-08-01T10:41:59Z,111.30652,21.41303,4,1.8,57.3,888.0,0.612,2.92,in_window,"111.3008,111.3126","21.3729,21.4398",27.47,high,4.39,False,nearshore
S1A_IW_GRDH_1SD_20230801_E280,S1A_IW_GRDH_1SDV_20230801T104159_20230801T104224_049681_05F95D_842C,2023-08-01T10:41:59Z,111.57173,21.42711,12,52.65,32.4,692.0,0.966,3.34,in_window,"111.5483,111.6191","21.3940,21.4743",73.91,high,10.65,True,
S1A_IW_GRDH_1SD_20230801_E282,S1A_IW_GRDH_1SDV_20230801T104159_20230801T104224_049681_05F95D_842C,2023-08-01T10:41:59Z,111.53381,21.38037,1,0.45,89.6,,0.991,3.44,in_window,"111.5338,111.5340","21.3785,21.3824",1.65,low,15.49,False,nearshore
S1A_IW_GRDH_1SD_20230801_E295,S1A_IW_GRDH_1SDV_20230801T104159_20230801T104224_049681_05F95D_842C,2023-08-01T10:41:59Z,112.45716,21.41726,1,0.39,116.9,,0.986,2.73,in_window,"112.4569,112.4581","21.4162,21.4178",1.81,low,21.31,True,
S1A_IW_GRDH_1SD_20230801_E299,S1A_IW_GRDH_1SDV_20230801T104159_20230801T104224_049681_05F95D_842C,2023-08-01T10:41:59Z,111.72727,21.42059,1,0.31,89.2,,0.963,3.4,in_window,"111.7273,111.7274","21.4194,21.4219",1.89,low,15.41,False,nearshore
S1A_IW_GRDH_1SD_20230801_E303,S1A_IW_GRDH_1SDV_20230801T104159_20230801T104224_049681_05F95D_842C,2023-08-01T10:41:59Z,112.06296,21.44779,1,0.43,89.8,,0.971,3.09,in_window,"112.0628,112.0630","21.4461,21.4495",4.21,low,20.06,True,
S1A_IW_GRDH_1SD_20230801_E309,S1A_IW_GRDH_1SDV_20230801T104159_20230801T104224_049681_05F95D_842C,2023-08-01T10:41:59Z,112.01252,21.45841,1,0.42,89.8,,0.973,3.13,in_window,"112.0125,112.0127","21.4567,21.4602",0.95,low,17.3,False,nearshore
S1A_IW_GRDH_1SD_20230801_E313,S1A_IW_GRDH_1SDV_20230801T104159_20230801T104224_049681_05F95D_842C,2023-08-01T10:41:59Z,111.9444,21.4758,1,0.42,88.3,,0.643,3.19,in_window,"111.9443,111.9444","21.4740,21.4776",0.36,low,13.22,False,nearshore
S1A_IW_GRDH_1SD_20230801_E316,S1A_IW_GRDH_1SDV_20230801T104159_20230801T104224_049681_05F95D_842C,2023-08-01T10:41:59Z,111.75699,21.51613,1,0.3,0.0,,0.975,3.2,in_window,"111.7556,111.7584","21.5161,21.5161",10.92,low,7.73,False,nearshore
S1A_IW_GRDH_1SD_20230801_E317,S1A_IW_GRDH_1SDV_20230801T104159_20230801T104224_049681_05F95D_842C,2023-08-01T10:41:59Z,112.03983,21.50762,1,0.32,90.0,,0.964,3.06,in_window,"112.0398,112.0398","21.5062,21.5090",6.15,low,13.06,False,nearshore
S1A_IW_GRDH_1SD_20230801_E319,S1A_IW_GRDH_1SDV_20230801T104159_20230801T104224_049681_05F95D_842C,2023-08-01T10:41:59Z,112.51994,21.52393,4,3.16,0.0,543.0,0.96,2.58,in_window,"112.4928,112.5764","21.5145,21.5266",28.62,high,8.07,True,
S1A_IW_GRDH_1SD_20230801_E320,S1A_IW_GRDH_1SDV_20230801T104159_20230801T104224_049681_05F95D_842C,2023-08-01T10:41:59Z,112.08421,21.56823,1,1.29,90.0,,0.991,2.62,in_window,"112.0842,112.0842","21.5624,21.5740",15.64,low,10.59,False,nearshore
S1A_IW_GRDH_1SD_20230801_E324,S1A_IW_GRDH_1SDV_20230801T104159_20230801T104224_049681_05F95D_842C,2023-08-01T10:41:59Z,112.02252,21.58853,3,1.34,90.0,324.0,0.914,2.49,in_window,"112.0193,112.0256","21.5722,21.6085",13.71,high,4.32,False,nearshore
S1A_IW_GRDH_1SD_20230801_E327,S1A_IW_GRDH_1SDV_20230801T104159_20230801T104224_049681_05F95D_842C,2023-08-01T10:41:59Z,112.15752,21.6406,1,0.35,90.0,,0.871,2.26,in_window,"112.1575,112.1575","21.6391,21.6421",1.05,low,11.69,False,nearshore
S1A_IW_GRDH_1SD_20230820_E001,S1A_IW_GRDH_1SDV_20230820T103347_20230820T103416_049958_060290_D11C,2023-08-20T10:33:47Z,112.29381,20.79351,1,0.31,91.5,,0.979,3.54,in_window,"112.2935,112.2939","20.7925,20.7948",5.31,low,92.2,True,
S1A_IW_GRDH_1SD_20230820_E003,S1A_IW_GRDH_1SDV_20230820T103347_20230820T103416_049958_060290_D11C,2023-08-20T10:33:47Z,112.92324,20.78951,1,0.52,0.0,,0.96,3.12,in_window,"112.9208,112.9257","20.7895,20.7895",1.97,low,88.24,True,
S1A_IW_GRDH_1SD_20230820_E007,S1A_IW_GRDH_1SDV_20230820T103347_20230820T103416_049958_060290_D11C,2023-08-20T10:33:47Z,112.55396,20.80272,1,0.3,90.0,,0.978,3.38,in_window,"112.5540,112.5540","20.8014,20.8040",1.16,low,87.68,True,
S1A_IW_GRDH_1SD_20230820_E011,S1A_IW_GRDH_1SDV_20230820T103347_20230820T103416_049958_060290_D11C,2023-08-20T10:33:47Z,112.58117,20.83004,2,0.7,129.7,420.0,0.988,3.4,in_window,"112.5788,112.5821","20.8268,20.8329",14.49,medium,84.78,True,
S1A_IW_GRDH_1SD_20230820_E014,S1A_IW_GRDH_1SDV_20230820T103347_20230820T103416_049958_060290_D11C,2023-08-20T10:33:47Z,112.52139,20.83691,1,0.35,12.1,,0.983,3.45,in_window,"112.5205,112.5228","20.8368,20.8376",1.76,low,83.89,True,
S1A_IW_GRDH_1SD_20230820_E015,S1A_IW_GRDH_1SDV_20230820T103347_20230820T103416_049958_060290_D11C,2023-08-20T10:33:47Z,113.29508,20.86576,1,0.59,90.0,,0.748,2.97,in_window,"113.2951,113.2951","20.8631,20.8684",6.37,low,94.38,True,
S1A_IW_GRDH_1SD_20230820_E016,S1A_IW_GRDH_1SDV_20230820T103347_20230820T103416_049958_060290_D11C,2023-08-20T10:33:47Z,113.72428,20.92305,15,11.78,90.6,484.0,0.956,2.97,in_window,"113.6811,113.7532","20.8704,21.0619",67.82,high,115.49,True,
S1A_IW_GRDH_1SD_20230820_E017,S1A_IW_GRDH_1SDV_20230820T103347_20230820T103416_049958_060290_D11C,2023-08-20T10:33:47Z,113.64182,20.8606,2,1.26,90.4,,0.979,2.95,in_window,"113.6412,113.6420","20.8537,20.8699",7.16,medium,118.55,True,
S1A_IW_GRDH_1SD_20230820_E018,S1A_IW_GRDH_1SDV_20230820T103347_20230820T103416_049958_060290_D11C,2023-08-20T10:33:47Z,113.09512,20.94323,22,15.24,91.3,1036.0,0.937,3.14,in_window,"113.0076,113.2215","20.9030,21.0051",140.83,high,76.8,True,
S1A_IW_GRDH_1SD_20230820_E019,S1A_IW_GRDH_1SDV_20230820T103347_20230820T103416_049958_060290_D11C,2023-08-20T10:33:47Z,113.34832,20.86037,1,0.37,89.9,,0.97,2.95,in_window,"113.3478,113.3488","20.8590,20.8611",1.53,low,98.03,True,
S1A_IW_GRDH_1SD_20230820_E020,S1A_IW_GRDH_1SDV_20230820T103347_20230820T103416_049958_060290_D11C,2023-08-20T10:33:47Z,113.88117,20.87986,3,1.66,90.0,,0.852,3.04,in_window,"113.8809,113.8813","20.8658,20.8930",1.84,medium,120.8,True,
S1A_IW_GRDH_1SD_20230820_E021,S1A_IW_GRDH_1SDV_20230820T103347_20230820T103416_049958_060290_D11C,2023-08-20T10:33:47Z,113.23369,20.8622,1,0.48,90.5,,0.975,2.99,in_window,"113.2337,113.2339","20.8601,20.8641",6.56,low,91.35,True,
S1A_IW_GRDH_1SD_20230820_E022,S1A_IW_GRDH_1SDV_20230820T103347_20230820T103416_049958_060290_D11C,2023-08-20T10:33:47Z,113.82655,20.88127,1,0.41,90.4,,0.955,3.01,in_window,"113.8264,113.8266","20.8796,20.8830",5.19,low,120.2,True,
S1A_IW_GRDH_1SD_20230820_E025,S1A_IW_GRDH_1SDV_20230820T103347_20230820T103416_049958_060290_D11C,2023-08-20T10:33:47Z,112.32148,20.92126,15,9.98,179.4,1066.0,0.925,3.73,in_window,"112.2426,112.3801","20.8789,21.0381",76.4,high,77.83,True,
S1A_IW_GRDH_1SD_20230820_E026,S1A_IW_GRDH_1SDV_20230820T103347_20230820T103416_049958_060290_D11C,2023-08-20T10:33:47Z,112.51749,20.94233,1,0.58,90.2,,0.987,3.62,in_window,"112.5173,112.5175","20.9403,20.9445",9.38,low,72.25,True,
S1A_IW_GRDH_1SD_20230820_E032,S1A_IW_GRDH_1SDV_20230820T103347_20230820T103416_049958_060290_D11C,2023-08-20T10:33:47Z,112.45965,20.87626,4,2.0,179.8,329.0,0.964,3.56,in_window,"112.4429,112.4722","20.8739,20.8820",11.09,high,79.92,True,
S1A_IW_GRDH_1SD_20230820_E034,S1A_IW_GRDH_1SDV_20230820T103347_20230820T103416_049958_060290_D11C,2023-08-20T10:33:47Z,112.80543,20.87128,1,0.54,90.1,,0.969,3.29,in_window,"112.8053,112.8055","20.8694,20.8732",0.84,low,78.11,True,
S1A_IW_GRDH_1SD_20230820_E035,S1A_IW_GRDH_1SDV_20230820T103347_20230820T103416_049958_060290_D11C,2023-08-20T10:33:47Z,113.33257,20.8934,1,0.35,90.0,,0.611,2.98,in_window,"113.3326,113.3326","20.8919,20.8949",2.98,low,94.11,True,
S1A_IW_GRDH_1SD_20230820_E037,S1A_IW_GRDH_1SDV_20230820T103347_20230820T103416_049958_060290_D11C,2023-08-20T10:33:47Z,112.6608,20.9038,1,0.36,90.3,,0.974,3.45,in_window,"112.6606,112.6608","20.9025,20.9051",3.95,low,75.72,True,
S1A_IW_GRDH_1SD_20230820_E038,S1A_IW_GRDH_1SDV_20230820T103347_20230820T103416_049958_060290_D11C,2023-08-20T10:33:47Z,113.20656,20.89776,1,0.41,90.3,,0.989,3.03,in_window,"113.2065,113.2067","20.8962,20.8993",1.51,low,86.53,True,
S1A_IW_GRDH_1SD_20230820_E040,S1A_IW_GRDH_1SDV_20230820T103347_20230820T103416_049958_060290_D11C,2023-08-20T10:33:47Z,113.49491,20.90302,1,0.58,1.7,,0.982,2.93,in_window,"113.4922,113.4972","20.9026,20.9031",2.56,low,104.29,True,
S1A_IW_GRDH_1SD_20230820_E041,S1A_IW_GRDH_1SDV_20230820T103347_20230820T103416_049958_060290_D11C,2023-08-20T10:33:47Z,112.54256,20.94594,2,0.89,136.3,,0.98,3.61,in_window,"112.5391,112.5447","20.9081,20.9644",16.48,medium,71.83,True,
S1A_IW_GRDH_1SD_20230820_E042,S1A_IW_GRDH_1SDV_20230820T103347_20230820T103416_049958_060290_D11C,2023-08-20T10:33:47Z,114.38332,21.08046,258,565.94,94.3,261.0,0.966,3.14,in_window,"114.0821,114.6020","20.9003,21.5060",1294.17,high,105.42,False,blob_invalid
S1A_IW_GRDH_1SD_20230820_E047,S1A_IW_GRDH_1SDV_20230820T103347_20230820T103416_049958_060290_D11C,2023-08-20T10:33:47Z,114.01142,21.01302,32,69.88,88.7,248.0,0.975,3.03,in_window,"113.9295,114.0856","20.9058,21.0830",95.46,high,108.58,True,
S1A_IW_GRDH_1SD_20230820_E049,S1A_IW_GRDH_1SDV_20230820T103347_20230820T103416_049958_060290_D11C,2023-08-20T10:33:47Z,112.51872,21.04043,31,43.18,47.5,317.0,0.97,3.74,in_window,"112.3610,112.6230","20.9379,21.1059",165.62,high,61.4,True,
S1A_IW_GRDH_1SD_20230820_E050,S1A_IW_GRDH_1SDV_20230820T103347_20230820T103416_049958_060290_D11C,2023-08-20T10:33:47Z,113.47759,20.94084,1,0.84,0.0,,0.975,2.95,in_window,"113.4736,113.4815","20.9408,20.9408",16.41,low,100.04,True,
S1A_IW_GRDH_1SD_20230820_E054,S1A_IW_GRDH_1SDV_20230820T103347_20230820T103416_049958_060290_D11C,2023-08-20T10:33:47Z,113.17351,20.93787,1,0.37,0.0,,0.986,3.08,in_window,"113.1718,113.1752","20.9379,20.9379",4.69,low,80.97,True,
S1A_IW_GRDH_1SD_20230820_E055,S1A_IW_GRDH_1SDV_20230820T103347_20230820T103416_049958_060290_D11C,2023-08-20T10:33:47Z,113.42937,20.93836,1,0.36,90.0,,0.996,2.97,in_window,"113.4294,113.4294","20.9368,20.9399",3.34,low,96.74,True,
S1A_IW_GRDH_1SD_20230820_E059,S1A_IW_GRDH_1SDV_20230820T103347_20230820T103416_049958_060290_D11C,2023-08-20T10:33:47Z,113.27256,20.96657,2,0.77,89.5,1818.0,0.897,3.04,in_window,"113.2619,113.2796","20.9590,20.9766",2.59,medium,83.87,True,
S1A_IW_GRDH_1SD_20230820_E060,S1A_IW_GRDH_1SDV_20230820T103347_20230820T103416_049958_060290_D11C,2023-08-20T10:33:47Z,113.57705,20.9932,1,0.61,90.0,,0.911,2.97,in_window,"113.5770,113.5770","20.9904,20.9959",24.7,low,103.47,True,
S1A_IW_GRDH_1SD_20230820_E066,S1A_IW_GRDH_1SDV_20230820T103347_20230820T103416_049958_060290_D11C,2023-08-20T10:33:47Z,112.6951,20.97253,1,0.44,89.3,,0.992,3.51,in_window,"112.6951,112.6953","20.9709,20.9744",0.83,low,67.64,True,
S1A_IW_GRDH_1SD_20230820_E074,S1A_IW_GRDH_1SDV_20230820T103347_20230820T103416_049958_060290_D11C,2023-08-20T10:33:47Z,112.9443,21.00007,1,0.31,89.2,,0.961,3.32,in_window,"112.9441,112.9443","20.9987,21.0013",2.2,low,65.79,True,
S1A_IW_GRDH_1SD_20230820_E076,S1A_IW_GRDH_1SDV_20230820T103347_20230820T103416_049958_060290_D11C,2023-08-20T10:33:47Z,113.51227,21.14514,40,42.34,86.6,964.0,0.961,3.12,in_window,"113.3896,113.7000","21.0041,21.3389",259.28,high,85.37,True,
S1A_IW_GRDH_1SD_20230820_E077,S1A_IW_GRDH_1SDV_20230820T103347_20230820T103416_049958_060290_D11C,2023-08-20T10:33:47Z,113.43923,21.00757,3,1.93,0.0,,0.98,3.0,in_window,"113.4203,113.4527","21.0074,21.0079",9.68,medium,91.99,True,
S1A_IW_GRDH_1SD_20230820_E078,S1A_IW_GRDH_1SDV_20230820T103347_20230820T103416_049958_060290_D11C,2023-08-20T10:33:47Z,112.4071,21.00672,2,0.76,104.6,246.0,0.983,3.8,in_window,"112.4063,112.4088","21.0034,21.0103",5.12,medium,66.46,True,
S1A_IW_GRDH_1SD_20230820_E079,S1A_IW_GRDH_1SDV_20230820T103347_20230820T103416_049958_060290_D11C,2023-08-20T10:33:47Z,112.65362,21.01923,7,12.78,89.9,1103.0,0.971,3.61,in_window,"112.6247,112.6882","21.0030,21.0724",35.83,high,63.29,True,
S1A_IW_GRDH_1SD_20230820_E082,S1A_IW_GRDH_1SDV_20230820T103347_20230820T103416_049958_060290_D11C,2023-08-20T10:33:47Z,113.53491,21.00947,1,0.46,105.1,,0.995,2.98,in_window,"113.5340,113.5352","21.0088,21.0107",1.35,low,99.26,True,
S1A_IW_GRDH_1SD_20230820_E083,S1A_IW_GRDH_1SDV_20230820T103347_20230820T103416_049958_060290_D11C,2023-08-20T10:33:47Z,113.90395,21.0067,1,0.32,164.9,,0.982,3.01,in_window,"113.9032,113.9052","21.0060,21.0069",2.31,low,107.16,True,
S1A_IW_GRDH_1SD_20230820_E090,S1A_IW_GRDH_1SDV_20230820T103347_20230820T103416_049958_060290_D11C,2023-08-20T10:33:47Z,112.40437,21.03907,1,0.37,84.5,,0.989,3.83,in_window,"112.4039,112.4046","21.0379,21.0401",1.11,low,63.02,True,
S1A_IW_GRDH_1SD_20230820_E091,S1A_IW_GRDH_1SDV_20230820T103347_20230820T103416_049958_060290_D11C,2023-08-20T10:33:47Z,113.82094,21.04139,1,0.43,175.5,,0.991,3.02,in_window,"113.8202,113.8224","21.0407,21.0422",0.53,low,102.49,True,
S1A_IW_GRDH_1SD_20230820_E095,S1A_IW_GRDH_1SDV_20230820T103347_20230820T103416_049958_060290_D11C,2023-08-20T10:33:47Z,113.53307,21.07882,2,0.66,81.4,146.0,0.987,3.05,in_window,"113.5320,113.5334","21.0750,21.0826",2.29,medium,92.96,True,
S1A_IW_GRDH_1SD_20230820_E097,S1A_IW_GRDH_1SDV_20230820T103347_20230820T103416_049958_060290_D11C,2023-08-20T10:33:47Z,113.34101,21.09463,5,1.88,89.1,1629.0,0.976,3.14,in_window,"113.3197,113.3520","21.0746,21.1117",7.41,medium,77.91,True,
S1A_IW_GRDH_1SD_20230820_E099,S1A_IW_GRDH_1SDV_20230820T103347_20230820T103416_049958_060290_D11C,2023-08-20T10:33:47Z,112.7423,21.07675,1,0.3,0.0,,0.967,3.57,in_window,"112.7409,112.7437","21.0768,21.0768",2.19,low,55.6,True,
S1A_IW_GRDH_1SD_20230820_E100,S1A_IW_GRDH_1SDV_20230820T103347_20230820T103416_049958_060290_D11C,2023-08-20T10:33:47Z,113.93006,21.07816,2,0.73,91.1,,0.98,3.04,in_window,"113.9296,113.9308","21.0749,21.0814",1.03,medium,99.77,True,
S1A_IW_GRDH_1SD_20230820_E107,S1A_IW_GRDH_1SDV_20230820T103347_20230820T103416_049958_060290_D11C,2023-08-20T10:33:47Z,113.68913,21.12946,6,3.11,99.5,914.0,0.94,3.08,in_window,"113.6810,113.7060","21.1062,21.1469",14.71,high,92.92,True,
S1A_IW_GRDH_1SD_20230820_E111,S1A_IW_GRDH_1SDV_20230820T103347_20230820T103416_049958_060290_D11C,2023-08-20T10:33:47Z,112.33254,21.1131,1,0.33,0.0,,0.986,3.92,in_window,"112.3310,112.3341","21.1131,21.1131",5.88,low,57.37,True,
S1A_IW_GRDH_1SD_20230820_E113,S1A_IW_GRDH_1SDV_20230820T103347_20230820T103416_049958_060290_D11C,2023-08-20T10:33:47Z,113.81864,21.11421,1,0.54,84.5,,0.972,3.06,in_window,"113.8184,113.8194","21.1128,21.1162",2.55,low,94.44,True,
S1A_IW_GRDH_1SD_20230820_E115,S1A_IW_GRDH_1SDV_20230820T103347_20230820T103416_049958_060290_D11C,2023-08-20T10:33:47Z,112.29273,21.11236,1,0.4,121.2,,0.984,3.95,in_window,"112.2924,112.2939","21.1110,21.1129",5.47,low,59.04,True,
S1A_IW_GRDH_1SD_20230820_E117,S1A_IW_GRDH_1SDV_20230820T103347_20230820T103416_049958_060290_D11C,2023-08-20T10:33:47Z,113.89251,21.13789,5,3.2,0.1,1178.0,0.961,3.07,in_window,"113.8694,113.9173","21.1117,21.1770",24.53,high,92.63,True,
S1A_IW_GRDH_1SD_20230820_E121,S1A_IW_GRDH_1SDV_20230820T103347_20230820T103416_049958_060290_D11C,2023-08-20T10:33:47Z,114.04415,21.11576,1,0.31,90.7,,0.976,3.05,in_window,"114.0440,114.0442","21.1147,21.1169",7.64,low,98.54,True,
S1A_IW_GRDH_1SD_20230820_E122,S1A_IW_GRDH_1SDV_20230820T103347_20230820T103416_049958_060290_D11C,2023-08-20T10:33:47Z,113.78795,21.11167,1,0.35,1.4,,0.989,3.05,in_window,"113.7866,113.7895","21.1117,21.1119",1.64,low,94.59,True,
S1A_IW_GRDH_1SD_20230820_E123,S1A_IW_GRDH_1SDV_20230820T103347_20230820T103416_049958_060290_D11C,2023-08-20T10:33:47Z,112.24009,21.35198,26,21.32,90.0,265.0,0.961,3.87,in_window,"112.2360,112.2540","21.1212,21.5855",77.11,high,38.95,True,
S1A_IW_GRDH_1SD_20230820_E125,S1A_IW_GRDH_1SDV_20230820T103347_20230820T103416_049958_060290_D11C,2023-08-20T10:33:47Z,112.66376,21.12772,1,0.48,90.5,,0.69,3.67,in_window,"112.6634,112.6641","21.1262,21.1298",0.77,low,51.32,True,
S1A_IW_GRDH_1SD_20230820_E127,S1A_IW_GRDH_1SDV_20230820T103347_20230820T103416_049958_060290_D11C,2023-08-20T10:33:47Z,112.54902,21.14265,1,0.32,89.8,,0.98,3.79,in_window,"112.5488,112.5490","21.1413,21.1439",3.0,low,50.1,True,
S1A_IW_GRDH_1SD_20230820_E129,S1A_IW_GRDH_1SDV_20230820T103347_20230820T103416_049958_060290_D11C,2023-08-20T10:33:47Z,112.90894,21.14324,2,0.74,92.6,179.0,0.981,3.48,in_window,"112.9078,112.9097","21.1379,21.1494",1.41,medium,49.53,True,
S1A_IW_GRDH_1SD_20230820_E130,S1A_IW_GRDH_1SDV_20230820T103347_20230820T103416_049958_060290_D11C,2023-08-20T10:33:47Z,113.99406,21.19478,4,1.37,92.1,1856.0,0.891,3.09,in_window,"113.9660,114.0444","21.1797,21.2114",39.3,medium,88.68,True,
S1A_IW_GRDH_1SD_20230820_E132,S1A_IW_GRDH_1SDV_20230820T103347_20230820T103416_049958_060290_D11C,2023-08-20T10:33:47Z,113.7382,21.16873,3,1.85,89.8,558.0,0.946,3.09,in_window,"113.7309,113.7432","21.1576,21.1871",15.36,high,88.29,True,
S1A_IW_GRDH_1SD_20230820_E138,S1A_IW_GRDH_1SDV_20230820T103347_20230820T103416_049958_060290_D11C,2023-08-20T10:33:47Z,112.3259,21.16974,1,1.06,90.0,,0.957,3.96,in_window,"112.3259,112.3259","21.1650,21.1745",4.08,low,51.83,True,
S1A_IW_GRDH_1SD_20230820_E139,S1A_IW_GRDH_1SDV_20230820T103347_20230820T103416_049958_060290_D11C,2023-08-20T10:33:47Z,113.31653,21.16798,1,0.63,90.0,,0.884,3.22,in_window,"113.3165,113.3165","21.1651,21.1708",1.72,low,70.51,True,
S1A_IW_GRDH_1SD_20230820_E145,S1A_IW_GRDH_1SDV_20230820T103347_20230820T103416_049958_060290_D11C,2023-08-20T10:33:47Z,112.92152,21.23711,11,95.01,104.4,681.0,0.965,3.55,in_window,"112.8430,112.9578","21.2138,21.2549",49.85,high,39.9,True,
S1A_IW_GRDH_1SD_20230820_E146,S1A_IW_GRDH_1SDV_20230820T103347_20230820T103416_049958_060290_D11C,2023-08-20T10:33:47Z,114.47438,21.18083,1,0.35,0.0,,0.968,3.05,in_window,"114.4728,114.4760","21.1808,21.1808",1.41,low,96.64,True,
S1A_IW_GRDH_1SD_20230820_E152,S1A_IW_GRDH_1SDV_20230820T103347_20230820T103416_049958_060290_D11C,2023-08-20T10:33:47Z,113.00628,21.21465,1,0.31,0.0,,0.779,3.47,in_window,"113.0049,113.0077","21.2147,21.2147",1.26,low,45.73,True,
S1A_IW_GRDH_1SD_20230820_E153,S1A_IW_GRDH_1SDV_20230820T103347_20230820T103416_049958_060290_D11C,2023-08-20T10:33:47Z,112.65926,21.21417,1,0.73,33.1,,0.98,3.73,in_window,"112.6566,112.6604","21.2120,21.2148",3.61,low,42.13,True,
S1A_IW_GRDH_1SD_20230820_E154,S1A_IW_GRDH_1SDV_20230820T103347_20230820T103416_049958_060290_D11C,2023-08-20T10:33:47Z,113.46203,21.19984,1,0.72,90.2,,0.817,3.2,in_window,"113.4620,113.4622","21.1966,21.2029",2.63,low,77.74,True,
S1A_IW_GRDH_1SD_20230820_E157,S1A_IW_GRDH_1SDV_20230820T103347_20230820T103416_049958_060290_D11C,2023-08-20T10:33:47Z,114.48843,21.24847,19,43.76,30.1,230.0,0.986,2.97,in_window,"114.4534,114.5111","21.2214,21.2876",40.44,high,89.89,True,
S1A_IW_GRDH_1SD_20230820_E163,S1A_IW_GRDH_1SDV_20230820T103347_20230820T103416_049958_060290_D11C,2023-08-20T10:33:47Z,113.71706,21.22466,2,1.64,44.6,,0.872,3.14,in_window,"113.7136,113.7264","21.2187,21.2326",12.24,medium,82.21,True,
S1A_IW_GRDH_1SD_20230820_E166,S1A_IW_GRDH_1SDV_20230820T103347_20230820T103416_049958_060290_D11C,2023-08-20T10:33:47Z,113.78847,21.25013,1,0.31,89.2,,0.989,3.14,in_window,"113.7883,113.7886","21.2491,21.2512",2.78,low,79.28,True,
S1A_IW_GRDH_1SD_20230820_E167,S1A_IW_GRDH_1SDV_20230820T103347_20230820T103416_049958_060290_D11C,2023-08-20T10:33:47Z,112.62077,21.24554,1,0.3,90.0,,0.951,3.79,in_window,"112.6208,112.6208","21.2442,21.2468",1.42,low,39.73,True,
S1A_IW_GRDH_1SD_20230820_E171,S1A_IW_GRDH_1SDV_20230820T103347_20230820T103416_049958_060290_D11C,2023-08-20T10:33:47Z,113.74816,21.27138,1,0.66,90.2,,0.748,3.17,in_window,"113.7480,113.7482","21.2686,21.2744",7.36,low,76.91,True,
S1A_IW_GRDH_1SD_20230820_E173,S1A_IW_GRDH_1SDV_20230820T103347_20230820T103416_049958_060290_D11C,2023-08-20T10:33:47Z,113.02784,21.28318,1,0.31,89.8,,0.979,3.5,in_window,"113.0278,113.0280","21.2819,21.2845",10.28,low,40.5,True,
S1A_IW_GRDH_1SD_20230820_E178,S1A_IW_GRDH_1SDV_20230820T103347_20230820T103416_049958_060290_D11C,2023-08-20T10:33:47Z,113.52879,21.25881,1,0.32,89.7,,0.989,3.24,in_window,"113.5286,113.5288","21.2579,21.2597",1.24,low,74.32,True,
S1A_IW_GRDH_1SD_20230820_E181,S1A_IW_GRDH_1SDV_20230820T103347_20230820T103416_049958_060290_D11C,2023-08-20T10:33:47Z,113.97864,21.26145,2,0.81,78.2,1951.0,0.717,3.12,in_window,"113.9695,113.9873","21.2529,21.2690",1.48,medium,81.15,True,
S1A_IW_GRDH_1SD_20230820_E183,S1A_IW_GRDH_1SDV_20230820T103347_20230820T103416_049958_060290_D11C,2023-08-20T10:33:47Z,112.66575,21.2838,3,9.11,92.9,,0.978,3.72,in_window,"112.6588,112.6744","21.2759,21.2897",8.45,medium,34.55,True,
S1A_IW_GRDH_1SD_20230820_E185,S1A_IW_GRDH_1SDV_20230820T103347_20230820T103416_049958_060290_D11C,2023-08-20T10:33:47Z,112.98872,21.2861,1,0.39,90.6,,0.976,3.52,in_window,"112.9885,112.9887","21.2845,21.2878",7.64,low,37.96,True,
S1A_IW_GRDH_1SD_20230820_E186,S1A_IW_GRDH_1SDV_20230820T103347_20230820T103416_049958_060290_D11C,2023-08-20T10:33:47Z,114.34012,21.27894,1,0.49,89.1,,0.979,2.9,in_window,"114.3401,114.3403","21.2773,21.2808",1.43,low,83.04,True,
S1A_IW_GRDH_1SD_20230820_E198,S1A_IW_GRDH_1SDV_20230820T103347_20230820T103416_049958_060290_D11C,2023-08-20T10:33:47Z,112.90924,21.30976,2,0.98,89.3,232.0,0.891,3.55,in_window,"112.9085,112.9108","21.3008,21.3225",18.93,medium,31.91,True,
S1A_IW_GRDH_1SD_20230820_E199,S1A_IW_GRDH_1SDV_20230820T103347_20230820T103416_049958_060290_D11C,2023-08-20T10:33:47Z,112.5281,21.31846,1,0.49,0.0,,0.923,3.79,in_window,"112.5258,112.5304","21.3185,21.3185",9.22,low,30.64,True,
S1A_IW_GRDH_1SD_20230820_E200,S1A_IW_GRDH_1SDV_20230820T103347_20230820T103416_049958_060290_D11C,2023-08-20T10:33:47Z,113.49795,21.31401,1,0.33,92.6,,0.971,3.29,in_window,"113.4976,113.4980","21.3130,21.3153",1.75,low,67.45,True,
S1A_IW_GRDH_1SD_20230820_E202,S1A_IW_GRDH_1SDV_20230820T103347_20230820T103416_049958_060290_D11C,2023-08-20T10:33:47Z,112.2968,21.32013,2,0.68,90.3,,0.977,3.91,in_window,"112.2966,112.2969","21.3174,21.3228",2.39,medium,39.01,True,
S1A_IW_GRDH_1SD_20230820_E204,S1A_IW_GRDH_1SDV_20230820T103347_20230820T103416_049958_060290_D11C,2023-08-20T10:33:47Z,112.62489,21.3198,2,1.02,67.7,190.0,0.974,3.72,in_window,"112.6227,112.6263","21.3169,21.3226",2.75,medium,31.91,True,
S1A_IW_GRDH_1SD_20230820_E206,S1A_IW_GRDH_1SDV_20230820T103347_20230820T103416_049958_060290_D11C,2023-08-20T10:33:47Z,114.46892,21.36453,6,3.04,90.5,2119.0,0.974,2.86,in_window,"114.4408,114.4831","21.3389,21.3891",21.38,medium,77.03,False,blob_invalid
S1A_IW_GRDH_1SD_20230820_E213,S1A_IW_GRDH_1SDV_20230820T103347_20230820T103416_049958_060290_D11C,2023-08-20T10:33:47Z,113.92971,21.34958,1,0.3,90.2,,0.976,3.25,in_window,"113.9295,113.9298","21.3485,21.3508",5.6,low,70.4,True,
S1A_IW_GRDH_1SD_20230820_E215,S1A_IW_GRDH_1SDV_20230820T103347_20230820T103416_049958_060290_D11C,2023-08-20T10:33:47Z,113.42604,21.34852,1,0.34,90.2,,0.973,3.33,in_window,"113.4259,113.4261","21.3471,21.3499",1.83,low,61.16,True,
S1A_IW_GRDH_1SD_20230820_E217,S1A_IW_GRDH_1SDV_20230820T103347_20230820T103416_049958_060290_D11C,2023-08-20T10:33:47Z,114.34037,21.35693,3,1.88,179.8,567.0,0.97,2.91,in_window,"114.3290,114.3517","21.3544,21.3648",9.88,high,74.53,True,
S1A_IW_GRDH_1SD_20230820_E222,S1A_IW_GRDH_1SDV_20230820T103347_20230820T103416_049958_060290_D11C,2023-08-20T10:33:47Z,113.27643,21.41137,10,4.68,93.2,918.0,0.943,3.4,in_window,"113.2435,113.3134","21.3638,21.4460",31.83,high,49.52,True,
S1A_IW_GRDH_1SD_20230820_E224,S1A_IW_GRDH_1SDV_20230820T103347_20230820T103416_049958_060290_D11C,2023-08-20T10:33:47Z,114.571,21.37284,1,0.31,90.0,,0.572,2.92,in_window,"114.5710,114.5710","21.3715,21.3742",1.14,low,79.44,True,
S1A_IW_GRDH_1SD_20230820_E225,S1A_IW_GRDH_1SDV_20230820T103347_20230820T103416_049958_060290_D11C,2023-08-20T10:33:47Z,113.4634,21.38054,2,0.84,90.8,,0.939,3.34,in_window,"113.4626,113.4637","21.3760,21.3856",2.21,medium,59.29,True,
S1A_IW_GRDH_1SD_20230820_E229,S1A_IW_GRDH_1SDV_20230820T103347_20230820T103416_049958_060290_D11C,2023-08-20T10:33:47Z,114.11704,21.38792,1,0.36,72.6,,0.965,3.15,in_window,"114.1167,114.1179","21.3872,21.3892",0.9,low,70.94,True,
S1A_IW_GRDH_1SD_20230820_E231,S1A_IW_GRDH_1SDV_20230820T103347_20230820T103416_049958_060290_D11C,2023-08-20T10:33:47Z,113.64503,21.38712,1,0.33,168.9,,0.962,3.32,in_window,"113.6437,113.6458","21.3869,21.3878",0.79,low,65.3,True,
S1A_IW_GRDH_1SD_20230820_E235,S1A_IW_GRDH_1SDV_20230820T103347_20230820T103416_049958_060290_D11C,2023-08-20T10:33:47Z,112.68263,21.43184,22,35.61,162.7,759.0,0.971,3.59,in_window,"112.6323,112.7635","21.3914,21.5195",104.08,high,18.69,True,
S1A_IW_GRDH_1SD_20230820_E240,S1A_IW_GRDH_1SDV_20230820T103347_20230820T103416_049958_060290_D11C,2023-08-20T10:33:47Z,113.20589,21.39629,1,0.34,171.9,,0.984,3.41,in_window,"113.2044,113.2067","21.3961,21.3969",1.23,low,46.54,True,
S1A_IW_GRDH_1SD_20230820_E241,S1A_IW_GRDH_1SDV_20230820T103347_20230820T103416_049958_060290_D11C,2023-08-20T10:33:47Z,113.01088,21.42526,2,0.66,90.0,,0.966,3.48,in_window,"113.0107,113.0110","21.4182,21.4320",5.59,medium,27.71,True,
S1A_IW_GRDH_1SD_20230820_E244,S1A_IW_GRDH_1SDV_20230820T103347_20230820T103416_049958_060290_D11C,2023-08-20T10:33:47Z,113.35176,21.41502,1,0.39,89.8,,0.972,3.38,in_window,"113.3517,113.3519","21.4136,21.4165",3.12,low,51.38,True,
S1A_IW_GRDH_1SD_20230820_E251,S1A_IW_GRDH_1SDV_20230820T103347_20230820T103416_049958_060290_D11C,2023-08-20T10:33:47Z,114.27153,21.51231,10,12.28,82.9,388.0,0.942,3.04,in_window,"114.2570,114.3057","21.4325,21.5518",46.95,high,56.55,True,
S1A_IW_GRDH_1SD_20230820_E252,S1A_IW_GRDH_1SDV_20230820T103347_20230820T103416_049958_060290_D11C,2023-08-20T10:33:47Z,112.85775,21.43408,1,0.43,90.0,,0.608,3.53,in_window,"112.8578,112.8578","21.4322,21.4360",1.66,low,17.15,False,nearshore
S1A_IW_GRDH_1SD_20230820_E253,S1A_IW_GRDH_1SDV_20230820T103347_20230820T103416_049958_060290_D11C,2023-08-20T10:33:47Z,113.74418,21.55838,35,45.06,90.5,447.0,0.962,3.45,in_window,"113.6214,113.8622","21.4520,21.6215",185.59,high,45.21,True,
S1A_IW_GRDH_1SD_20230820_E254,S1A_IW_GRDH_1SDV_20230820T103347_20230820T103416_049958_060290_D11C,2023-08-20T10:33:47Z,114.00887,21.4683,1,0.4,90.0,,0.966,3.4,in_window,"114.0089,114.0089","21.4665,21.4701",4.91,low,60.76,True,
S1A_IW_GRDH_1SD_20230820_E255,S1A_IW_GRDH_1SDV_20230820T103347_20230820T103416_049958_060290_D11C,2023-08-20T10:33:47Z,113.19145,21.46462,2,2.21,135.5,2390.0,0.957,3.43,in_window,"113.1838,113.2091","21.4578,21.4748",19.85,medium,42.03,False,blob_invalid
S1A_IW_GRDH_1SD_20230820_E257,S1A_IW_GRDH_1SDV_20230820T103347_20230820T103416_049958_060290_D11C,2023-08-20T10:33:47Z,112.76837,21.45591,1,0.31,44.6,,0.97,3.54,in_window,"112.7673,112.7687","21.4549,21.4563",1.65,low,13.65,False,nearshore
S1A_IW_GRDH_1SD_20230820_E260,S1A_IW_GRDH_1SDV_20230820T103347_20230820T103416_049958_060290_D11C,2023-08-20T10:33:47Z,112.44231,21.45993,1,0.41,92.6,,0.973,3.63,in_window,"112.4419,112.4424","21.4586,21.4616",1.28,low,17.65,False,nearshore
S1A_IW_GRDH_1SD_20230820_E261,S1A_IW_GRDH_1SDV_20230820T103347_20230820T103416_049958_060290_D11C,2023-08-20T10:33:47Z,113.31768,21.46782,3,1.69,89.9,,0.971,3.41,in_window,"113.3175,113.3181","21.4573,21.4789",5.13,medium,44.68,True,
S1A_IW_GRDH_1SD_20230820_E262,S1A_IW_GRDH_1SDV_20230820T103347_20230820T103416_049958_060290_D11C,2023-08-20T10:33:47Z,114.08437,21.51202,3,1.64,0.3,,0.93,3.34,in_window,"114.0765,114.1000","21.4672,21.5257",11.54,medium,58.17,True,
S1A_IW_GRDH_1SD_20230820_E264,S1A_IW_GRDH_1SDV_20230820T103347_20230820T103416_049958_060290_D11C,2023-08-20T10:33:47Z,114.37168,21.49481,2,1.35,90.0,,0.913,2.89,in_window,"114.3715,114.3720","21.4768,21.5080",4.72,medium,60.31,True,
S1A_IW_GRDH_1SD_20230820_E269,S1A_IW_GRDH_1SDV_20230820T103347_20230820T103416_049958_060290_D11C,2023-08-20T10:33:47Z,113.27817,21.51092,3,1.35,90.0,,0.954,3.43,in_window,"113.2781,113.2783","21.5030,21.5189",2.33,medium,38.91,True,
S1A_IW_GRDH_1SD_20230820_E272,S1A_IW_GRDH_1SDV_20230820T103347_20230820T103416_049958_060290_D11C,2023-08-20T10:33:47Z,112.55173,21.52841,1,0.36,0.0,,0.985,3.45,in_window,"112.5501,112.5534","21.5284,21.5284",3.46,low,7.63,False,nearshore
S1A_IW_GRDH_1SD_20230820_E273,S1A_IW_GRDH_1SDV_20230820T103347_20230820T103416_049958_060290_D11C,2023-08-20T10:33:47Z,114.23237,21.51628,1,0.57,90.0,,0.972,3.11,in_window,"114.2324,114.2324","21.5137,21.5189",4.56,low,55.89,True,
S1A_IW_GRDH_1SD_20230820_E275,S1A_IW_GRDH_1SDV_20230820T103347_20230820T103416_049958_060290_D11C,2023-08-20T10:33:47Z,112.84257,21.52066,1,0.41,90.0,,0.975,3.47,in_window,"112.8426,112.8426","21.5189,21.5225",7.3,low,7.87,False,nearshore
S1A_IW_GRDH_1SD_20230820_E278,S1A_IW_GRDH_1SDV_20230820T103347_20230820T103416_049958_060290_D11C,2023-08-20T10:33:47Z,114.49688,21.5276,1,0.37,90.0,,0.57,2.71,in_window,"114.4969,114.4969","21.5260,21.5292",1.05,low,60.7,True,
S1A_IW_GRDH_1SD_20230820_E280,S1A_IW_GRDH_1SDV_20230820T103347_20230820T103416_049958_060290_D11C,2023-08-20T10:33:47Z,114.00223,21.55601,2,0.88,44.6,227.0,0.986,3.5,in_window,"113.9922,114.0104","21.5478,21.5621",15.22,medium,51.79,True,
S1A_IW_GRDH_1SD_20230820_E283,S1A_IW_GRDH_1SDV_20230820T103347_20230820T103416_049958_060290_D11C,2023-08-20T10:33:47Z,112.48193,21.53599,1,0.35,0.0,,0.975,3.42,in_window,"112.4803,112.4835","21.5360,21.5360",1.45,low,8.31,False,nearshore
S1A_IW_GRDH_1SD_20230820_E284,S1A_IW_GRDH_1SDV_20230820T103347_20230820T103416_049958_060290_D11C,2023-08-20T10:33:47Z,113.4648,21.56795,4,1.52,90.1,837.0,0.974,3.43,in_window,"113.4622,113.4711","21.5519,21.5908",6.06,high,40.74,True,
S1A_IW_GRDH_1SD_20230820_E286,S1A_IW_GRDH_1SDV_20230820T103347_20230820T103416_049958_060290_D11C,2023-08-20T10:33:47Z,113.91909,21.56151,1,0.88,0.0,,0.86,3.48,in_window,"113.9149,113.9233","21.5615,21.5615",19.1,low,47.64,True,
S1A_IW_GRDH_1SD_20230820_E289,S1A_IW_GRDH_1SDV_20230820T103347_20230820T103416_049958_060290_D11C,2023-08-20T10:33:47Z,113.0252,21.55989,1,0.43,90.0,,0.985,3.38,in_window,"113.0252,113.0254","21.5584,21.5614",3.48,low,22.69,True,
S1A_IW_GRDH_1SD_20230820_E290,S1A_IW_GRDH_1SDV_20230820T103347_20230820T103416_049958_060290_D11C,2023-08-20T10:33:47Z,113.23534,21.55843,1,0.45,92.3,,0.974,3.41,in_window,"113.2353,113.2358","21.5568,21.5598",1.82,low,32.7,True,
S1A_IW_GRDH_1SD_20230820_E292,S1A_IW_GRDH_1SDV_20230820T103347_20230820T103416_049958_060290_D11C,2023-08-20T10:33:47Z,114.40786,21.57662,2,1.59,90.2,,0.94,2.86,in_window,"114.4079,114.4080","21.5649,21.5850",14.9,medium,52.73,True,
S1A_IW_GRDH_1SD_20230820_E293,S1A_IW_GRDH_1SDV_20230820T103347_20230820T103416_049958_060290_D11C,2023-08-20T10:33:47Z,114.20827,21.5662,1,0.82,90.0,,0.983,3.19,in_window,"114.2083,114.2083","21.5625,21.5699",4.69,low,50.38,True,
S1A_IW_GRDH_1SD_20230820_E294,S1A_IW_GRDH_1SDV_20230820T103347_20230820T103416_049958_060290_D11C,2023-08-20T10:33:47Z,112.84646,21.56133,1,0.37,0.0,,0.989,3.36,in_window,"112.8448,112.8482","21.5613,21.5613",8.48,low,4.87,False,nearshore
S1A_IW_GRDH_1SD_20230820_E297,S1A_IW_GRDH_1SDV_20230820T103347_20230820T103416_049958_060290_D11C,2023-08-20T10:33:47Z,114.05303,21.57432,3,1.35,1.6,613.0,0.822,3.44,in_window,"114.0478,114.0572","21.5694,21.5808",3.37,high,52.44,True,
S1A_IW_GRDH_1SD_20230820_E299,S1A_IW_GRDH_1SDV_20230820T103347_20230820T103416_049958_060290_D11C,2023-08-20T10:33:47Z,113.50835,21.60127,4,2.42,89.9,978.0,0.905,3.44,in_window,"113.4992,113.5208","21.5786,21.6178",12.17,high,40.35,True,
S1A_IW_GRDH_1SD_20230820_E305,S1A_IW_GRDH_1SDV_20230820T103347_20230820T103416_049958_060290_D11C,2023-08-20T10:33:47Z,114.32462,21.58816,1,0.32,90.0,,0.975,3.0,in_window,"114.3246,114.3246","21.5868,21.5896",8.24,low,49.11,True,
S1A_IW_GRDH_1SD_20230820_E306,S1A_IW_GRDH_1SDV_20230820T103347_20230820T103416_049958_060290_D11C,2023-08-20T10:33:47Z,114.57559,21.59656,2,1.0,116.6,2192.0,0.977,2.68,in_window,"114.5646,114.5904","21.5937,21.5993",3.34,medium,57.21,False,blob_invalid
S1A_IW_GRDH_1SD_20230820_E308,S1A_IW_GRDH_1SDV_20230820T103347_20230820T103416_049958_060290_D11C,2023-08-20T10:33:47Z,113.57948,21.61791,2,1.2,135.5,,0.961,3.44,in_window,"113.5767,113.5849","21.5980,21.6391",9.29,medium,43.03,True,
S1A_IW_GRDH_1SD_20230820_E309,S1A_IW_GRDH_1SDV_20230820T103347_20230820T103416_049958_060290_D11C,2023-08-20T10:33:47Z,113.05925,21.81862,129,360.72,78.6,341.0,0.97,2.91,in_window,"112.8791,113.3100","21.5931,21.9285",578.85,high,4.81,False,nearshore
S1A_IW_GRDH_1SD_20230820_E312,S1A_IW_GRDH_1SDV_20230820T103347_20230820T103416_049958_060290_D11C,2023-08-20T10:33:47Z,112.5886,21.59551,1,0.31,0.0,,0.991,3.21,in_window,"112.5872,112.5900","21.5955,21.5955",5.02,low,2.23,False,nearshore
S1A_IW_GRDH_1SD_20230820_E313,S1A_IW_GRDH_1SDV_20230820T103347_20230820T103416_049958_060290_D11C,2023-08-20T10:33:47Z,114.48592,21.61119,2,1.01,44.6,1281.0,0.986,2.72,in_window,"114.4803,114.4878","21.6037,21.6176",17.88,medium,51.65,True,
S1A_IW_GRDH_1SD_20230820_E316,S1A_IW_GRDH_1SDV_20230820T103347_20230820T103416_049958_060290_D11C,2023-08-20T10:33:47Z,112.85811,21.63308,4,3.7,44.2,480.0,0.963,3.21,in_window,"112.8370,112.8763","21.6256,21.6497",29.79,high,5.6,True,
S1A_IW_GRDH_1SD_20230820_E323,S1A_IW_GRDH_1SDV_20230820T103347_20230820T103416_049958_060290_D11C,2023-08-20T10:33:47Z,112.65298,21.70059,21,94.55,178.7,501.0,0.977,2.87,in_window,"112.5877,112.7182","21.6687,21.7560",78.6,high,0.18,False,nearshore
S1A_IW_GRDH_1SD_20230820_E324,S1A_IW_GRDH_1SDV_20230820T103347_20230820T103416_049958_060290_D11C,2023-08-20T10:33:47Z,114.4116,21.62709,2,0.62,128.3,,0.985,2.86,in_window,"114.4099,114.4120","21.6260,21.6292",6.98,medium,47.51,True,
S1A_IW_GRDH_1SD_20230820_E327,S1A_IW_GRDH_1SDV_20230820T103347_20230820T103416_049958_060290_D11C,2023-08-20T10:33:47Z,113.64326,21.63229,1,0.31,91.7,,0.966,3.45,in_window,"113.6431,113.6433","21.6313,21.6335",0.93,low,39.1,True,
S1A_IW_GRDH_1SD_20230820_E329,S1A_IW_GRDH_1SDV_20230820T103347_20230820T103416_049958_060290_D11C,2023-08-20T10:33:47Z,112.33375,21.69901,1,0.36,88.9,,0.975,2.46,in_window,"112.3336,112.3338","21.6976,21.7002",6.48,low,2.68,False,nearshore
S1A_IW_GRDH_1SD_20230820_E331,S1A_IW_GRDH_1SDV_20230820T103347_20230820T103416_049958_060290_D11C,2023-08-20T10:33:47Z,112.91943,21.66536,3,1.11,0.5,202.0,0.984,3.16,in_window,"112.9156,112.9248","21.6647,21.6681",10.01,high,10.68,True,
S1A_IW_GRDH_1SD_20230820_E332,S1A_IW_GRDH_1SDV_20230820T103347_20230820T103416_049958_060290_D11C,2023-08-20T10:33:47Z,114.14829,21.6549,1,0.71,90.0,,0.987,3.36,in_window,"114.1483,114.1483","21.6517,21.6581",2.64,low,41.29,True,
S1A_IW_GRDH_1SD_20230820_E335,S1A_IW_GRDH_1SDV_20230820T103347_20230820T103416_049958_060290_D11C,2023-08-20T10:33:47Z,113.97667,21.65712,1,0.38,88.0,,0.975,3.57,in_window,"113.9763,113.9767","21.6555,21.6585",1.37,low,40.81,True,
S1A_IW_GRDH_1SD_20230820_E337,S1A_IW_GRDH_1SDV_20230820T103347_20230820T103416_049958_060290_D11C,2023-08-20T10:33:47Z,113.88339,21.72777,4,1.83,90.0,2818.0,0.669,3.55,in_window,"113.8776,113.9058","21.6853,21.7472",18.59,medium,29.21,False,blob_invalid
S1A_IW_GRDH_1SD_20230820_E343,S1A_IW_GRDH_1SDV_20230820T103347_20230820T103416_049958_060290_D11C,2023-08-20T10:33:47Z,114.44468,21.66496,1,0.33,0.0,,0.987,2.81,in_window,"114.4432,114.4462","21.6650,21.6650",4.58,low,44.56,True,
S1A_IW_GRDH_1SD_20230820_E345,S1A_IW_GRDH_1SDV_20230820T103347_20230820T103416_049958_060290_D11C,2023-08-20T10:33:47Z,114.05822,21.67217,1,0.39,90.0,,0.52,3.52,in_window,"114.0582,114.0582","21.6705,21.6739",0.76,low,42.07,True,
S1A_IW_GRDH_1SD_20230820_E346,S1A_IW_GRDH_1SDV_20230820T103347_20230820T103416_049958_060290_D11C,2023-08-20T10:33:47Z,113.61349,21.66523,1,0.43,0.0,,0.956,3.45,in_window,"113.6115,113.6155","21.6652,21.6652",7.32,low,36.81,True,
S1A_IW_GRDH_1SD_20230820_E350,S1A_IW_GRDH_1SDV_20230820T103347_20230820T103416_049958_060290_D11C,2023-08-20T10:33:47Z,113.79743,21.73088,11,6.77,86.9,463.0,0.91,3.5,in_window,"113.7706,113.8330","21.6825,21.7771",50.39,high,26.31,True,
S1A_IW_GRDH_1SD_20230820_E351,S1A_IW_GRDH_1SDV_20230820T103347_20230820T103416_049958_060290_D11C,2023-08-20T10:33:47Z,113.3506,21.69825,2,0.84,90.0,188.0,0.991,3.41,in_window,"113.3495,113.3515","21.6905,21.7064",5.85,medium,22.33,True,
S1A_IW_GRDH_1SD_20230820_E353,S1A_IW_GRDH_1SDV_20230820T103347_20230820T103416_049958_060290_D11C,2023-08-20T10:33:47Z,113.32078,21.70265,1,0.46,89.7,,0.993,3.4,in_window,"113.3206,113.3208","21.7009,21.7044",1.57,low,20.71,True,
S1A_IW_GRDH_1SD_20230820_E357,S1A_IW_GRDH_1SDV_20230820T103347_20230820T103416_049958_060290_D11C,2023-08-20T10:33:47Z,113.71521,21.70015,1,0.55,41.7,,0.987,3.46,in_window,"113.7133,113.7160","21.6984,21.7009",1.26,low,29.93,True,
S1A_IW_GRDH_1SD_20230820_E358,S1A_IW_GRDH_1SDV_20230820T103347_20230820T103416_049958_060290_D11C,2023-08-20T10:33:47Z,113.67383,21.70611,1,0.4,89.3,,0.984,3.46,in_window,"113.6737,113.6739","21.7045,21.7075",2.06,low,30.35,True,
S1A_IW_GRDH_1SD_20230820_E359,S1A_IW_GRDH_1SDV_20230820T103347_20230820T103416_049958_060290_D11C,2023-08-20T10:33:47Z,112.5322,21.71719,6,3.5,90.1,782.0,0.925,2.66,in_window,"112.5156,112.5486","21.7086,21.7339",14.84,high,4.98,False,nearshore
S1A_IW_GRDH_1SD_20230820_E364,S1A_IW_GRDH_1SDV_20230820T103347_20230820T103416_049958_060290_D11C,2023-08-20T10:33:47Z,112.85102,21.71131,1,0.31,90.0,,0.984,3.04,in_window,"112.8510,112.8510","21.7100,21.7127",2.06,low,3.22,False,nearshore
S1A_IW_GRDH_1SD_20230820_E365,S1A_IW_GRDH_1SDV_20230820T103347_20230820T103416_049958_060290_D11C,2023-08-20T10:33:47Z,113.93221,21.71344,1,0.83,90.0,,0.99,3.58,in_window,"113.9322,113.9324","21.7102,21.7166",10.12,low,33.06,True,
S1A_IW_GRDH_1SD_20230820_E367,S1A_IW_GRDH_1SDV_20230820T103347_20230820T103416_049958_060290_D11C,2023-08-20T10:33:47Z,114.1033,21.72213,1,0.39,0.0,,0.502,3.5,in_window,"114.1015,114.1051","21.7221,21.7221",2.83,low,35.27,True,
S1A_IW_GRDH_1SD_20230820_E368,S1A_IW_GRDH_1SDV_20230820T103347_20230820T103416_049958_060290_D11C,2023-08-20T10:33:47Z,112.75008,21.76572,3,1.39,89.7,573.0,0.74,2.79,in_window,"112.7434,112.7545","21.7605,21.7680",9.29,high,2.54,False,nearshore
S1A_IW_GRDH_1SD_20230820_E371,S1A_IW_GRDH_1SDV_20230820T103347_20230820T103416_049958_060290_D11C,2023-08-20T10:33:47Z,113.46116,21.73607,1,0.51,88.8,,0.988,3.45,in_window,"113.4610,113.4615","21.7343,21.7379",2.79,low,26.19,True,
S1A_IW_GRDH_1SD_20230820_E373,S1A_IW_GRDH_1SDV_20230820T103347_20230820T103416_049958_060290_D11C,2023-08-20T10:33:47Z,113.90659,21.738,2,0.77,89.6,,0.983,3.58,in_window,"113.9061,113.9071","21.7332,21.7427",1.57,medium,29.34,True,
S1A_IW_GRDH_1SD_20230820_E374,S1A_IW_GRDH_1SDV_20230820T103347_20230820T103416_049958_060290_D11C,2023-08-20T10:33:47Z,113.64351,21.80305,11,15.22,91.6,312.0,0.984,3.4,in_window,"113.6375,113.6752","21.7353,21.8398",31.48,high,21.73,True,
S1A_IW_GRDH_1SD_20230820_E376,S1A_IW_GRDH_1SDV_20230820T103347_20230820T103416_049958_060290_D11C,2023-08-20T10:33:47Z,114.1592,21.73815,2,0.67,59.6,157.0,0.983,3.44,in_window,"114.1579,114.1606","21.7362,21.7398",0.8,medium,32.04,True,
S1A_IW_GRDH_1SD_20230820_E377,S1A_IW_GRDH_1SDV_20230820T103347_20230820T103416_049958_060290_D11C,2023-08-20T10:33:47Z,114.53019,21.75023,1,0.3,90.0,,0.827,2.67,in_window,"114.5302,114.5302","21.7489,21.7515",2.28,low,40.36,True,
S1A_IW_GRDH_1SD_20230820_E380,S1A_IW_GRDH_1SDV_20230820T103347_20230820T103416_049958_060290_D11C,2023-08-20T10:33:47Z,113.38817,21.77146,2,0.79,91.2,,0.989,3.39,in_window,"113.3879,113.3883","21.7683,21.7753",9.25,medium,17.9,False,nearshore
S1A_IW_GRDH_1SD_20230820_E381,S1A_IW_GRDH_1SDV_20230820T103347_20230820T103416_049958_060290_D11C,2023-08-20T10:33:47Z,113.95645,21.7603,1,0.34,6.5,,0.865,3.62,in_window,"113.9550,113.9574","21.7597,21.7604",1.08,low,30.41,True,
S1A_IW_GRDH_1SD_20230820_E384,S1A_IW_GRDH_1SDV_20230820T103347_20230820T103416_049958_060290_D11C,2023-08-20T10:33:47Z,113.50501,21.76957,3,5.58,34.0,198.0,0.985,3.44,in_window,"113.4996,113.5084","21.7643,21.7749",3.2,high,27.9,True,
S1A_IW_GRDH_1SD_20230820_E387,S1A_IW_GRDH_1SDV_20230820T103347_20230820T103416_049958_060290_D11C,2023-08-20T10:33:47Z,112.51176,21.77206,1,4.28,121.0,,0.976,2.41,in_window,"112.5065,112.5174","21.7670,21.7775",3.47,low,2.04,False,nearshore
S1A_IW_GRDH_1SD_20230820_E391,S1A_IW_GRDH_1SDV_20230820T103347_20230820T103416_049958_060290_D11C,2023-08-20T10:33:47Z,114.02701,21.80178,4,2.37,89.8,1626.0,0.955,3.58,in_window,"114.0083,114.0401","21.7887,21.8320",18.51,medium,31.09,True,
S1A_IW_GRDH_1SD_20230820_E392,S1A_IW_GRDH_1SDV_20230820T103347_20230820T103416_049958_060290_D11C,2023-08-20T10:33:47Z,114.37209,21.79554,4,2.29,89.9,593.0,0.925,3.02,in_window,"114.3649,114.3741","21.7848,21.8027",5.09,high,28.49,True,
S1A_IW_GRDH_1SD_20230820_E394,S1A_IW_GRDH_1SDV_20230820T103347_20230820T103416_049958_060290_D11C,2023-08-20T10:33:47Z,114.32567,21.79419,1,0.76,90.0,,0.959,3.13,in_window,"114.3257,114.3257","21.7908,21.7976",2.17,low,27.21,True,
S1A_IW_GRDH_1SD_20230820_E395,S1A_IW_GRDH_1SDV_20230820T103347_20230820T103416_049958_060290_D11C,2023-08-20T10:33:47Z,114.1156,21.8201,5,3.59,124.6,1717.0,0.978,3.47,in_window,"114.0836,114.1431","21.7914,21.8346",26.62,medium,24.66,True,
S1A_IW_GRDH_1SD_20230820_E397,S1A_IW_GRDH_1SDV_20230820T103347_20230820T103416_049958_060290_D11C,2023-08-20T10:33:47Z,114.43169,21.82066,3,3.12,89.4,578.0,0.962,2.88,in_window,"114.4199,114.4346","21.7977,21.8380",19.46,high,28.23,True,
S1A_IW_GRDH_1SD_20230820_E399,S1A_IW_GRDH_1SDV_20230820T103347_20230820T103416_049958_060290_D11C,2023-08-20T10:33:47Z,112.48304,21.80334,1,0.41,153.2,,0.979,2.25,in_window,"112.4815,112.4837","21.8030,21.8044",0.87,low,0.44,False,nearshore
S1A_IW_GRDH_1SD_20230820_E403,S1A_IW_GRDH_1SDV_20230820T103347_20230820T103416_049958_060290_D11C,2023-08-20T10:33:47Z,113.86251,21.8102,1,0.48,90.6,,0.982,3.47,in_window,"113.8623,113.8625","21.8084,21.8121",4.36,low,20.13,True,
S1A_IW_GRDH_1SD_20230820_E405,S1A_IW_GRDH_1SDV_20230820T103347_20230820T103416_049958_060290_D11C,2023-08-20T10:33:47Z,113.53766,21.8061,1,0.39,0.0,,0.979,3.39,in_window,"113.5359,113.5395","21.8061,21.8061",4.91,low,26.15,True,
S1A_IW_GRDH_1SD_20230820_E406,S1A_IW_GRDH_1SDV_20230820T103347_20230820T103416_049958_060290_D11C,2023-08-20T10:33:47Z,114.1832,21.81999,2,0.79,89.6,161.0,0.851,3.39,in_window,"114.1823,114.1838","21.8124,21.8263",3.25,medium,22.67,True,
S1A_IW_GRDH_1SD_20230820_E407,S1A_IW_GRDH_1SDV_20230820T103347_20230820T103416_049958_060290_D11C,2023-08-20T10:33:47Z,113.35459,21.85999,1,1.07,90.0,,0.914,3.24,in_window,"113.3546,113.3546","21.8552,21.8648",9.6,low,9.29,False,nearshore
S1A_IW_GRDH_1SD_20230820_E411,S1A_IW_GRDH_1SDV_20230820T103347_20230820T103416_049958_060290_D11C,2023-08-20T10:33:47Z,113.80854,21.87019,2,1.63,90.0,,0.914,3.36,in_window,"113.8083,113.8088","21.8629,21.8773",9.5,medium,11.64,False,nearshore
S1A_IW_GRDH_1SD_20230820_E416,S1A_IW_GRDH_1SDV_20230820T103347_20230820T103416_049958_060290_D11C,2023-08-20T10:33:47Z,113.61265,21.84227,1,0.5,90.0,,0.986,3.34,in_window,"113.6126,113.6128","21.8402,21.8443",11.25,low,20.23,True,
S1A_IW_GRDH_1SD_20230820_E418,S1A_IW_GRDH_1SDV_20230820T103347_20230820T103416_049958_060290_D11C,2023-08-20T10:33:47Z,114.49754,21.86008,1,0.42,90.0,,0.796,2.73,in_window,"114.4975,114.4975","21.8582,21.8619",2.02,low,28.87,True,
S1A_IW_GRDH_1SD_20230820_E422,S1A_IW_GRDH_1SDV_20230820T103347_20230820T103416_049958_060290_D11C,2023-08-20T10:33:47Z,112.69314,21.87176,1,0.44,0.0,,0.982,2.23,in_window,"112.6911,112.6952","21.8718,21.8718",14.08,low,0.44,False,nearshore
S1A_IW_GRDH_1SD_20230820_E426,S1A_IW_GRDH_1SDV_20230820T103347_20230820T103416_049958_060290_D11C,2023-08-20T10:33:47Z,114.08318,22.00849,52,70.43,91.9,576.0,0.939,3.38,in_window,"114.0053,114.3285","21.9074,22.0669",186.31,high,13.06,True,
S1A_IW_GRDH_1SD_20230820_E427,S1A_IW_GRDH_1SDV_20230820T103347_20230820T103416_049958_060290_D11C,2023-08-20T10:33:47Z,114.00331,21.92644,3,1.66,89.8,2326.0,0.796,3.48,in_window,"113.9813,114.0260","21.9030,21.9553",25.62,medium,23.95,False,blob_invalid
S1A_IW_GRDH_1SD_20230820_E429,S1A_IW_GRDH_1SDV_20230820T103347_20230820T103416_049958_060290_D11C,2023-08-20T10:33:47Z,113.16943,21.89489,1,0.38,90.0,,0.891,2.92,in_window,"113.1694,113.1694","21.8932,21.8966",1.61,low,2.83,False,nearshore
S1A_IW_GRDH_1SD_20230820_E430,S1A_IW_GRDH_1SDV_20230820T103347_20230820T103416_049958_060290_D11C,2023-08-20T10:33:47Z,114.58076,21.92981,3,1.88,90.2,936.0,0.959,2.61,in_window,"114.5786,114.5900","21.9076,21.9446",6.55,high,31.74,True,
S1A_IW_GRDH_1SD_20230820_E431,S1A_IW_GRDH_1SDV_20230820T103347_20230820T103416_049958_060290_D11C,2023-08-20T10:33:47Z,114.43417,21.99433,20,33.56,71.3,190.0,0.964,2.96,in_window,"114.3723,114.4844","21.9140,22.0624",107.94,high,14.83,True,
S1A_IW_GRDH_1SD_20230820_E433,S1A_IW_GRDH_1SDV_20230820T103347_20230820T103416_049958_060290_D11C,2023-08-20T10:33:47Z,113.40167,21.9469,2,1.22,44.6,2145.0,0.611,3.14,in_window,"113.3933,113.4096","21.9200,21.9618",8.64,medium,6.66,False,nearshore
S1A_IW_GRDH_1SD_20230820_E434,S1A_IW_GRDH_1SDV_20230820T103347_20230820T103416_049958_060290_D11C,2023-08-20T10:33:47Z,113.13776,21.94412,7,3.33,90.0,1414.0,0.927,2.71,in_window,"113.1231,113.1549","21.9170,21.9628",26.43,high,4.99,False,nearshore
S1A_IW_GRDH_1SD_20230820_E435,S1A_IW_GRDH_1SDV_20230820T103347_20230820T103416_049958_060290_D11C,2023-08-20T10:33:47Z,112.80626,21.92931,2,1.36,44.6,682.0,0.978,2.11,in_window,"112.8006,112.8138","21.9269,21.9317",20.7,medium,2.07,False,nearshore
S1A_IW_GRDH_1SD_20230820_E437,S1A_IW_GRDH_1SDV_20230820T103347_20230820T103416_049958_060290_D11C,2023-08-20T10:33:47Z,114.53647,21.93541,2,0.99,44.6,763.0,0.919,2.69,in_window,"114.5332,114.5412","21.9305,21.9371",14.07,medium,27.3,True,
S1A_IW_GRDH_1SD_20230820_E438,S1A_IW_GRDH_1SDV_20230820T103347_20230820T103416_049958_060290_D11C,2023-08-20T10:33:47Z,113.70871,22.00679,10,7.83,45.8,607.0,0.953,3.16,in_window,"113.6876,113.7281","21.9322,22.0649",55.89,high,3.07,False,nearshore
S1A_IW_GRDH_1SD_20230820_E439,S1A_IW_GRDH_1SDV_20230820T103347_20230820T103416_049958_060290_D11C,2023-08-20T10:33:47Z,113.92909,21.9428,4,1.54,90.0,2825.0,0.932,3.39,in_window,"113.9131,113.9416","21.9180,21.9709",8.44,medium,16.71,False,nearshore
S1A_IW_GRDH_1SD_20230820_E441,S1A_IW_GRDH_1SDV_20230820T103347_20230820T103416_049958_060290_D11C,2023-08-20T10:33:47Z,113.60276,21.95047,4,5.33,125.7,718.0,0.907,3.21,in_window,"113.5952,113.6214","21.9298,22.0283",14.39,high,14.79,True,
S1A_IW_GRDH_1SD_20230820_E444,S1A_IW_GRDH_1SDV_20230820T103347_20230820T103416_049958_060290_D11C,2023-08-20T10:33:47Z,113.64404,21.97568,1,0.41,89.8,,0.983,3.19,in_window,"113.6439,113.6441","21.9740,21.9773",10.04,low,9.94,False,nearshore
S1A_IW_GRDH_1SD_20230820_E445,S1A_IW_GRDH_1SDV_20230820T103347_20230820T103416_049958_060290_D11C,2023-08-20T10:33:47Z,113.51958,21.97809,1,0.4,0.0,,0.974,3.17,in_window,"113.5177,113.5214","21.9781,21.9781",8.45,low,10.84,False,nearshore
S1A_IW_GRDH_1SD_20230820_E446,S1A_IW_GRDH_1SDV_20230820T103347_20230820T103416_049958_060290_D11C,2023-08-20T10:33:47Z,113.85842,21.97865,1,0.36,89.2,,0.988,3.3,in_window,"113.8583,113.8584","21.9773,21.9799",1.29,low,8.67,False,nearshore
S1A_IW_GRDH_1SD_20230820_E449,S1A_IW_GRDH_1SDV_20230820T103347_20230820T103416_049958_060290_D11C,2023-08-20T10:33:47Z,114.51563,22.05452,16,13.58,89.3,708.0,0.954,2.87,in_window,"114.4746,114.5572","22.0102,22.1364",78.67,high,21.56,True,
S1A_IW_GRDH_1SD_20230820_E450,S1A_IW_GRDH_1SDV_20230820T103347_20230820T103416_049958_060290_D11C,2023-08-20T10:33:47Z,114.4735,22.01276,3,1.47,5.5,402.0,0.987,2.9,in_window,"114.4660,114.4814","22.0091,22.0136",5.34,high,18.03,True,
S1A_IW_GRDH_1SD_20230820_E453,S1A_IW_GRDH_1SDV_20230820T103347_20230820T103416_049958_060290_D11C,2023-08-20T10:33:47Z,113.76791,22.07449,2,0.73,90.0,2201.0,0.976,3.05,in_window,"113.7559,113.7774","22.0648,22.0855",4.47,medium,8.2,False,nearshore
S1A_IW_GRDH_1SD_20230820_E454,S1A_IW_GRDH_1SDV_20230820T103347_20230820T103416_049958_060290_D11C,2023-08-20T10:33:47Z,114.15739,22.08571,2,3.01,90.0,118.0,0.982,3.06,in_window,"114.1568,114.1580","22.0694,22.1019",17.23,medium,8.4,False,nearshore
S1A_IW_GRDH_1SD_20230820_E457,S1A_IW_GRDH_1SDV_20230820T103347_20230820T103416_049958_060290_D11C,2023-08-20T10:33:47Z,113.70899,22.11182,1,0.31,89.8,,0.978,2.9,in_window,"113.7090,113.7092","22.1108,22.1129",2.84,low,12.79,False,nearshore
S1A_IW_GRDH_1SD_20230820_E458,S1A_IW_GRDH_1SDV_20230820T103347_20230820T103416_049958_060290_D11C,2023-08-20T10:33:47Z,114.60208,22.11724,1,0.73,0.0,,0.983,2.84,in_window,"114.5986,114.6055","22.1172,22.1172",5.35,low,30.98,True,
S1A_IW_GRDH_1SD_20230820_E459,S1A_IW_GRDH_1SDV_20230820T103347_20230820T103416_049958_060290_D11C,2023-08-20T10:33:47Z,113.74228,22.11446,1,0.4,121.6,,0.972,2.95,in_window,"113.7416,113.7433","22.1135,22.1152",0.39,low,12.7,False,nearshore
S1A_IW_GRDH_1SD_20230820_E463,S1A_IW_GRDH_1SDV_20230820T103347_20230820T103416_049958_060290_D11C,2023-08-20T10:33:47Z,114.53091,22.18506,1,1.03,179.8,,0.922,3.07,in_window,"114.5264,114.5355","22.1847,22.1852",6.09,low,20.87,True,
S1A_IW_GRDH_1SD_20230820_E469,S1A_IW_GRDH_1SDV_20230820T103347_20230820T103416_049958_060290_D11C,2023-08-20T10:33:47Z,113.78232,22.27987,2,1.07,90.0,288.0,0.976,2.63,in_window,"113.7801,113.7831","22.2638,22.3139",11.8,medium,7.58,False,nearshore
S1A_IW_GRDH_1SD_20230820_E471,S1A_IW_GRDH_1SDV_20230820T103347_20230820T103416_049958_060290_D11C,2023-08-20T10:33:47Z,114.51168,22.3084,8,2.97,89.9,,0.925,3.1,in_window,"114.5113,114.5122","22.2738,22.3436",5.74,medium,14.25,False,nearshore
S1A_IW_GRDH_1SD_20230820_E484,S1A_IW_GRDH_1SDV_20230820T103347_20230820T103416_049958_060290_D11C,2023-08-20T10:33:47Z,113.8313,22.47204,1,0.35,0.0,,0.95,2.53,in_window,"113.8297,113.8329","22.4720,22.4720",4.38,low,4.46,False,nearshore
S1A_IW_GRDH_1SD_20230820_E002,S1A_IW_GRDH_1SDV_20230820T224356_20230820T224425_049965_0602D1_6F33,2023-08-20T22:43:56Z,107.93604,18.52066,3,1.51,90.0,,0.967,3.69,in_window,"107.9363,107.9355","18.5285,18.5130",1.63,medium,77.3,True,
S1A_IW_GRDH_1SD_20230820_E007,S1A_IW_GRDH_1SDV_20230820T224356_20230820T224425_049965_0602D1_6F33,2023-08-20T22:43:56Z,108.08096,18.478,1,0.31,88.8,,0.978,4.08,in_window,"108.0811,108.0809","18.4793,18.4769",1.4,low,62.62,True,
S1A_IW_GRDH_1SD_20230820_E008,S1A_IW_GRDH_1SDV_20230820T224356_20230820T224425_049965_0602D1_6F33,2023-08-20T22:43:56Z,107.93645,18.47954,1,0.35,89.8,,0.984,3.66,in_window,"107.9365,107.9363","18.4809,18.4782",2.46,low,77.61,True,
S1A_IW_GRDH_1SD_20230820_E010,S1A_IW_GRDH_1SDV_20230820T224356_20230820T224425_049965_0602D1_6F33,2023-08-20T22:43:56Z,106.78047,18.44404,1,0.3,90.0,,0.734,3.15,in_window,"106.7805,106.7805","18.4453,18.4427",0.57,low,50.63,True,
S1A_IW_GRDH_1SD_20230820_E012,S1A_IW_GRDH_1SDV_20230820T224356_20230820T224425_049965_0602D1_6F33,2023-08-20T22:43:56Z,107.01774,18.44508,1,0.35,90.0,,0.974,2.89,in_window,"107.0177,107.0177","18.4466,18.4435",3.96,low,70.59,True,
S1A_IW_GRDH_1SD_20230820_E015,S1A_IW_GRDH_1SDV_20230820T224356_20230820T224425_049965_0602D1_6F33,2023-08-20T22:43:56Z,107.54061,18.42916,1,1.54,113.3,,0.983,2.69,in_window,"107.5417,107.5363","18.4344,18.4256",7.52,low,118.76,True,
S1A_IW_GRDH_1SD_20230820_E017,S1A_IW_GRDH_1SDV_20230820T224356_20230820T224425_049965_0602D1_6F33,2023-08-20T22:43:56Z,107.90081,18.41808,4,2.38,92.0,205.0,0.975,3.47,in_window,"107.9052,107.8989","18.4437,18.4025",8.82,high,82.2,True,
S1A_IW_GRDH_1SD_20230820_E020,S1A_IW_GRDH_1SDV_20230820T224356_20230820T224425_049965_0602D1_6F33,2023-08-20T22:43:56Z,107.29556,18.44301,1,0.32,89.3,,0.981,2.67,in_window,"107.2956,107.2954","18.4442,18.4417",1.87,low,96.72,True,
S1A_IW_GRDH_1SD_20230820_E021,S1A_IW_GRDH_1SDV_20230820T224356_20230820T224425_049965_0602D1_6F33,2023-08-20T22:43:56Z,107.62022,18.44155,1,0.43,128.7,,0.975,2.81,in_window,"107.6207,107.6190","18.4428,18.4410",2.29,low,110.95,True,
S1A_IW_GRDH_1SD_20230820_E023,S1A_IW_GRDH_1SDV_20230820T224356_20230820T224425_049965_0602D1_6F33,2023-08-20T22:43:56Z,107.6526,18.42138,2,1.09,89.4,384.0,0.943,2.84,in_window,"107.6536,107.6501","18.4306,18.4053",7.17,medium,107.87,True,
S1A_IW_GRDH_1SD_20230820_E028,S1A_IW_GRDH_1SDV_20230820T224356_20230820T224425_049965_0602D1_6F33,2023-08-20T22:43:56Z,107.47558,18.25983,19,9.19,89.7,445.0,0.946,2.48,in_window,"107.5441,107.4411","18.4113,18.1594",103.1,high,105.21,True,
S1A_IW_GRDH_1SD_20230820_E029,S1A_IW_GRDH_1SDV_20230820T224356_20230820T224425_049965_0602D1_6F33,2023-08-20T22:43:56Z,107.58406,18.41132,1,0.4,90.5,,0.989,2.72,in_window,"107.5841,107.5839","18.4130,18.4098",2.18,low,115.12,True,
S1A_IW_GRDH_1SD_20230820_E038,S1A_IW_GRDH_1SDV_20230820T224356_20230820T224425_049965_0602D1_6F33,2023-08-20T22:43:56Z,106.3152,18.4033,1,0.31,89.4,,0.868,2.66,in_window,"106.3154,106.3152","18.4045,18.4022",0.61,low,21.15,True,
S1A_IW_GRDH_1SD_20230820_E039,S1A_IW_GRDH_1SDV_20230820T224356_20230820T224425_049965_0602D1_6F33,2023-08-20T22:43:56Z,106.09908,18.34185,6,4.37,90.0,953.0,0.984,1.5,low,"106.1258,106.0861","18.4017,18.3098",34.62,low,4.43,False,nearshore
S1A_IW_GRDH_1SD_20230820_E042,S1A_IW_GRDH_1SDV_20230820T224356_20230820T224425_049965_0602D1_6F33,2023-08-20T22:43:56Z,106.38523,18.26483,18,9.29,88.4,533.0,0.974,2.33,in_window,"106.4192,106.3632","18.3743,18.1374",85.42,high,13.59,True,
S1A_IW_GRDH_1SD_20230820_E044,S1A_IW_GRDH_1SDV_20230820T224356_20230820T224425_049965_0602D1_6F33,2023-08-20T22:43:56Z,107.40316,18.33837,9,8.35,86.7,169.0,0.97,2.55,in_window,"107.4091,107.3969","18.3712,18.2706",36.32,high,101.44,True,
S1A_IW_GRDH_1SD_20230820_E046,S1A_IW_GRDH_1SDV_20230820T224356_20230820T224425_049965_0602D1_6F33,2023-08-20T22:43:56Z,106.27323,18.36546,2,1.3,90.0,,0.975,2.4,in_window,"106.2732,106.2731","18.3804,18.3551",14.22,medium,15.14,False,nearshore
S1A_IW_GRDH_1SD_20230820_E048,S1A_IW_GRDH_1SDV_20230820T224356_20230820T224425_049965_0602D1_6F33,2023-08-20T22:43:56Z,106.49769,18.33094,8,3.67,90.0,442.0,0.81,2.86,in_window,"106.5183,106.4862","18.3743,18.3083",22.97,high,23.74,True,
S1A_IW_GRDH_1SD_20230820_E050,S1A_IW_GRDH_1SDV_20230820T224356_20230820T224425_049965_0602D1_6F33,2023-08-20T22:43:56Z,106.17284,18.31434,3,3.81,90.0,1655.0,0.962,1.79,low,"106.1923,106.1611","18.3320,18.2750",45.63,low,5.44,False,nearshore
S1A_IW_GRDH_1SD_20230820_E051,S1A_IW_GRDH_1SDV_20230820T224356_20230820T224425_049965_0602D1_6F33,2023-08-20T22:43:56Z,107.3116,18.32671,3,1.05,90.6,,0.978,2.55,in_window,"107.3292,107.2716","18.3439,18.3020",26.63,medium,92.27,True,
S1A_IW_GRDH_1SD_20230820_E052,S1A_IW_GRDH_1SDV_20230820T224356_20230820T224425_049965_0602D1_6F33,2023-08-20T22:43:56Z,106.89736,18.36519,1,0.43,90.6,,0.94,2.94,in_window,"106.8975,106.8973","18.3667,18.3635",2.04,low,55.27,True,
S1A_IW_GRDH_1SD_20230820_E053,S1A_IW_GRDH_1SDV_20230820T224356_20230820T224425_049965_0602D1_6F33,2023-08-20T22:43:56Z,106.97914,18.37279,1,0.32,91.0,,0.982,2.86,in_window,"106.9793,106.9791","18.3739,18.3715",2.02,low,63.26,True,
S1A_IW_GRDH_1SD_20230820_E054,S1A_IW_GRDH_1SDV_20230820T224356_20230820T224425_049965_0602D1_6F33,2023-08-20T22:43:56Z,108.37546,18.35966,4,2.62,89.8,223.0,0.892,4.41,in_window,"108.3773,108.3719","18.3782,18.3447",12.33,high,36.66,True,
S1A_IW_GRDH_1SD_20230820_E055,S1A_IW_GRDH_1SDV_20230820T224356_20230820T224425_049965_0602D1_6F33,2023-08-20T22:43:56Z,106.6184,18.3225,2,0.86,90.0,629.0,0.973,2.95,in_window,"106.6220,106.6161","18.3446,18.2902",18.29,medium,29.2,True,
S1A_IW_GRDH_1SD_20230820_E056,S1A_IW_GRDH_1SDV_20230820T224356_20230820T224425_049965_0602D1_6F33,2023-08-20T22:43:56Z,107.2608,18.37195,1,0.32,0.0,,0.965,2.6,in_window,"107.2622,107.2594","18.3720,18.3720",1.04,low,90.05,True,
S1A_IW_GRDH_1SD_20230820_E060,S1A_IW_GRDH_1SDV_20230820T224356_20230820T224425_049965_0602D1_6F33,2023-08-20T22:43:56Z,107.95263,18.29173,10,4.7,96.6,345.0,0.934,3.49,in_window,"107.9767,107.9378","18.3730,18.2400",36.55,high,80.34,True,
S1A_IW_GRDH_1SD_20230820_E063,S1A_IW_GRDH_1SDV_20230820T224356_20230820T224425_049965_0602D1_6F33,2023-08-20T22:43:56Z,108.0753,18.37056,1,0.31,26.0,,0.966,3.89,in_window,"108.0758,108.0742","18.3708,18.3697",0.77,low,65.46,True,
S1A_IW_GRDH_1SD_20230820_E066,S1A_IW_GRDH_1SDV_20230820T224356_20230820T224425_049965_0602D1_6F33,2023-08-20T22:43:56Z,106.76871,18.30805,1,0.36,90.0,,0.976,3.03,in_window,"106.7687,106.7687","18.3096,18.3065",19.42,low,40.45,True,
S1A_IW_GRDH_1SD_20230820_E068,S1A_IW_GRDH_1SDV_20230820T224356_20230820T224425_049965_0602D1_6F33,2023-08-20T22:43:56Z,107.26232,18.34431,1,0.61,89.9,,0.973,2.57,in_window,"107.2623,107.2621","18.3468,18.3418",2.61,low,88.64,True,
S1A_IW_GRDH_1SD_20230820_E072,S1A_IW_GRDH_1SDV_20230820T224356_20230820T224425_049965_0602D1_6F33,2023-08-20T22:43:56Z,107.59569,18.31492,2,0.67,135.5,,0.805,2.66,in_window,"107.6032,107.5864","18.3348,18.2947",10.18,medium,115.67,True,
S1A_IW_GRDH_1SD_20230820_E075,S1A_IW_GRDH_1SDV_20230820T224356_20230820T224425_049965_0602D1_6F33,2023-08-20T22:43:56Z,108.32659,18.33261,1,0.34,41.9,,0.993,4.35,in_window,"108.3277,108.3261","18.3335,18.3321",2.44,low,42.57,True,
S1A_IW_GRDH_1SD_20230820_E078,S1A_IW_GRDH_1SDV_20230820T224356_20230820T224425_049965_0602D1_6F33,2023-08-20T22:43:56Z,108.03185,17.6233,1501,6882.14,89.7,165.0,0.97,3.16,in_window,"108.3843,107.3957","18.3003,16.8846",5943.47,medium,112.97,False,blob_invalid
S1A_IW_GRDH_1SD_20230820_E080,S1A_IW_GRDH_1SDV_20230820T224356_20230820T224425_049965_0602D1_6F33,2023-08-20T22:43:56Z,106.87039,18.27417,3,1.69,89.3,935.0,0.957,2.89,in_window,"106.8754,106.8665","18.3022,18.2511",31.12,high,48.51,True,
S1A_IW_GRDH_1SD_20230820_E081,S1A_IW_GRDH_1SDV_20230820T224356_20230820T224425_049965_0602D1_6F33,2023-08-20T22:43:56Z,106.32167,18.25736,4,1.57,89.9,812.0,0.983,2.13,in_window,"106.3407,106.3025","18.3148,18.2094",38.19,high,7.93,True,
S1A_IW_GRDH_1SD_20230820_E083,S1A_IW_GRDH_1SDV_20230820T224356_20230820T224425_049965_0602D1_6F33,2023-08-20T22:43:56Z,107.3619,18.27404,2,0.88,44.6,2170.0,0.89,2.5,in_window,"107.3646,107.3574","18.2883,18.2634",9.92,medium,94.63,False,blob_invalid
S1A_IW_GRDH_1SD_20230820_E084,S1A_IW_GRDH_1SDV_20230820T224356_20230820T224425_049965_0602D1_6F33,2023-08-20T22:43:56Z,108.36542,18.30272,2,0.73,90.1,,0.984,4.39,in_window,"108.3659,108.3650","18.3085,18.2964",4.14,medium,40.85,True,
S1A_IW_GRDH_1SD_20230820_E086,S1A_IW_GRDH_1SDV_20230820T224356_20230820T224425_049965_0602D1_6F33,2023-08-20T22:43:56Z,106.83355,18.29508,1,0.71,89.5,,0.992,2.95,in_window,"106.8337,106.8335","18.2980,18.2925",2.68,low,45.82,True,
S1A_IW_GRDH_1SD_20230820_E087,S1A_IW_GRDH_1SDV_20230820T224356_20230820T224425_049965_0602D1_6F33,2023-08-20T22:43:56Z,106.73675,18.30252,1,0.3,36.5,,0.971,3.04,in_window,"106.7371,106.7357","18.3029,18.3016",4.74,low,37.27,True,
S1A_IW_GRDH_1SD_20230820_E088,S1A_IW_GRDH_1SDV_20230820T224356_20230820T224425_049965_0602D1_6F33,2023-08-20T22:43:56Z,107.90554,18.30251,3,1.32,86.6,289.0,0.977,3.35,in_window,"107.9069,107.9018","18.3065,18.2988",2.83,high,84.63,True,
S1A_IW_GRDH_1SD_20230820_E089,S1A_IW_GRDH_1SDV_20230820T224356_20230820T224425_049965_0602D1_6F33,2023-08-20T22:43:56Z,108.07861,18.30217,1,0.33,89.9,,0.993,3.83,in_window,"108.0786,108.0784","18.3035,18.3008",1.06,low,67.6,True,
S1A_IW_GRDH_1SD_20230820_E092,S1A_IW_GRDH_1SDV_20230820T224356_20230820T224425_049965_0602D1_6F33,2023-08-20T22:43:56Z,107.01609,18.25609,2,0.92,91.1,283.0,0.96,2.72,in_window,"107.0169,107.0145","18.2763,18.2413",4.95,medium,61.56,True,
S1A_IW_GRDH_1SD_20230820_E093,S1A_IW_GRDH_1SDV_20230820T224356_20230820T224425_049965_0602D1_6F33,2023-08-20T22:43:56Z,106.61054,18.1842,18,7.94,89.9,519.0,0.974,2.55,in_window,"106.6627,106.5806","18.2749,18.1268",60.3,high,19.57,True,
S1A_IW_GRDH_1SD_20230820_E094,S1A_IW_GRDH_1SDV_20230820T224356_20230820T224425_049965_0602D1_6F33,2023-08-20T22:43:56Z,107.08555,18.26975,1,0.38,91.0,,0.961,2.66,in_window,"107.0857,107.0855","18.2711,18.2682",1.35,low,68.52,True,
S1A_IW_GRDH_1SD_20230820_E098,S1A_IW_GRDH_1SDV_20230820T224356_20230820T224425_049965_0602D1_6F33,2023-08-20T22:43:56Z,106.27003,18.26745,2,0.8,89.9,,0.886,2.02,in_window,"106.2702,106.2699","18.2736,18.2617",1.03,medium,6.29,False,nearshore
S1A_IW_GRDH_1SD_20230820_E100,S1A_IW_GRDH_1SDV_20230820T224356_20230820T224425_049965_0602D1_6F33,2023-08-20T22:43:56Z,108.37313,18.2552,2,2.01,44.6,,0.983,4.39,in_window,"108.3753,108.3616","18.2652,18.2456",13.44,medium,43.48,True,
S1A_IW_GRDH_1SD_20230820_E101,S1A_IW_GRDH_1SDV_20230820T224356_20230820T224425_049965_0602D1_6F33,2023-08-20T22:43:56Z,106.20222,18.24882,2,0.75,172.4,,0.831,1.69,low,"106.2051,106.1985","18.2498,18.2487",8.7,low,0.41,False,nearshore
S1A_IW_GRDH_1SD_20230820_E105,S1A_IW_GRDH_1SDV_20230820T224356_20230820T224425_049965_0602D1_6F33,2023-08-20T22:43:56Z,106.24306,18.26277,2,0.78,125.4,322.0,0.957,1.93,low,"106.2440,106.2406","18.2652,18.2596",0.75,low,4.26,False,nearshore
S1A_IW_GRDH_1SD_20230820_E106,S1A_IW_GRDH_1SDV_20230820T224356_20230820T224425_049965_0602D1_6F33,2023-08-20T22:43:56Z,106.94578,18.25449,1,0.76,90.0,,0.873,2.79,in_window,"106.9458,106.9458","18.2579,18.2511",2.75,low,55.38,True,
S1A_IW_GRDH_1SD_20230820_E107,S1A_IW_GRDH_1SDV_20230820T224356_20230820T224425_049965_0602D1_6F33,2023-08-20T22:43:56Z,107.18938,18.23208,1,0.47,89.6,,0.993,2.52,in_window,"107.1895,107.1894","18.2338,18.2305",13.94,low,76.22,True,
S1A_IW_GRDH_1SD_20230820_E109,S1A_IW_GRDH_1SDV_20230820T224356_20230820T224425_049965_0602D1_6F33,2023-08-20T22:43:56Z,107.26267,18.23353,1,0.4,91.5,,0.985,2.47,in_window,"107.2630,107.2626","18.2346,18.2324",6.04,low,83.33,True,
S1A_IW_GRDH_1SD_20230820_E110,S1A_IW_GRDH_1SDV_20230820T224356_20230820T224425_049965_0602D1_6F33,2023-08-20T22:43:56Z,106.66155,18.23884,1,0.44,90.0,,0.933,2.82,in_window,"106.6616,106.6616","18.2408,18.2369",0.58,low,26.93,True,
S1A_IW_GRDH_1SD_20230820_E111,S1A_IW_GRDH_1SDV_20230820T224356_20230820T224425_049965_0602D1_6F33,2023-08-20T22:43:56Z,107.96893,18.23822,1,0.38,89.4,,0.98,3.5,in_window,"107.9690,107.9688","18.2394,18.2370",1.91,low,80.91,True,
S1A_IW_GRDH_1SD_20230820_E117,S1A_IW_GRDH_1SDV_20230820T224356_20230820T224425_049965_0602D1_6F33,2023-08-20T22:43:56Z,107.86965,18.22372,1,0.4,90.6,,0.988,3.19,in_window,"107.8702,107.8694","18.2249,18.2225",0.65,low,91.12,True,
S1A_IW_GRDH_1SD_20230820_E119,S1A_IW_GRDH_1SDV_20230820T224356_20230820T224425_049965_0602D1_6F33,2023-08-20T22:43:56Z,107.05143,18.20969,1,0.36,88.6,,0.966,2.63,in_window,"107.0515,107.0513","18.2109,18.2083",6.99,low,62.15,True,
S1A_IW_GRDH_1SD_20230820_E121,S1A_IW_GRDH_1SDV_20230820T224356_20230820T224425_049965_0602D1_6F33,2023-08-20T22:43:56Z,107.08845,17.62191,623,622.84,89.9,244.0,0.96,1.36,low,"107.5422,106.5291","18.2063,17.0527",3322.16,low,45.72,False,blob_invalid
S1A_IW_GRDH_1SD_20230820_E122,S1A_IW_GRDH_1SDV_20230820T224356_20230820T224425_049965_0602D1_6F33,2023-08-20T22:43:56Z,107.40319,18.20266,1,0.32,90.8,,0.982,2.43,in_window,"107.4032,107.4030","18.2040,18.2014",1.61,low,96.06,True,
S1A_IW_GRDH_1SD_20230820_E123,S1A_IW_GRDH_1SDV_20230820T224356_20230820T224425_049965_0602D1_6F33,2023-08-20T22:43:56Z,106.93803,18.20014,2,0.64,47.2,215.0,0.968,2.72,in_window,"106.9401,106.9372","18.2035,18.1981",1.65,medium,51.35,True,
S1A_IW_GRDH_1SD_20230820_E126,S1A_IW_GRDH_1SDV_20230820T224356_20230820T224425_049965_0602D1_6F33,2023-08-20T22:43:56Z,108.07705,18.20093,1,0.32,90.0,,0.959,3.69,in_window,"108.0770,108.0770","18.2023,18.1995",0.97,low,72.46,True,
S1A_IW_GRDH_1SD_20230820_E127,S1A_IW_GRDH_1SDV_20230820T224356_20230820T224425_049965_0602D1_6F33,2023-08-20T22:43:56Z,108.04451,18.18319,3,1.61,89.9,237.0,0.936,3.6,in_window,"108.0455,108.0428","18.1920,18.1737",6.37,high,76.39,True,
S1A_IW_GRDH_1SD_20230820_E131,S1A_IW_GRDH_1SDV_20230820T224356_20230820T224425_049965_0602D1_6F33,2023-08-20T22:43:56Z,107.21634,18.13195,1,0.35,73.0,,0.991,2.4,in_window,"107.2171,107.2160","18.1331,18.1313",9.5,low,75.1,True,
S1A_IW_GRDH_1SD_20230820_E132,S1A_IW_GRDH_1SDV_20230820T224356_20230820T224425_049965_0602D1_6F33,2023-08-20T22:43:56Z,107.32976,18.15039,2,0.63,52.7,2338.0,0.989,2.38,in_window,"107.3340,107.3269","18.1654,18.1355",12.28,medium,87.09,False,blob_invalid
S1A_IW_GRDH_1SD_20230820_E139,S1A_IW_GRDH_1SDV_20230820T224356_20230820T224425_049965_0602D1_6F33,2023-08-20T22:43:56Z,106.62623,18.07477,2,0.81,90.3,272.0,0.979,2.19,in_window,"106.6279,106.6250","18.0963,18.0563",12.17,medium,16.92,False,nearshore
S1A_IW_GRDH_1SD_20230820_E140,S1A_IW_GRDH_1SDV_20230820T224356_20230820T224425_049965_0602D1_6F33,2023-08-20T22:43:56Z,106.83724,18.09646,1,0.39,0.0,,0.964,2.5,in_window,"106.8390,106.8355","18.0965,18.0965",2.56,low,36.5,True,
S1A_IW_GRDH_1SD_20230820_E141,S1A_IW_GRDH_1SDV_20230820T224356_20230820T224425_049965_0602D1_6F33,2023-08-20T22:43:56Z,107.80371,18.09919,1,0.32,88.7,,0.975,2.89,in_window,"107.8037,107.8036","18.1001,18.0981",4.33,low,103.02,True,
S1A_IW_GRDH_1SD_20230820_E143,S1A_IW_GRDH_1SDV_20230820T224356_20230820T224425_049965_0602D1_6F33,2023-08-20T22:43:56Z,106.48057,18.04283,2,0.99,90.0,914.0,0.979,1.81,low,"106.4852,106.4766","18.0598,18.0277",7.27,low,2.78,False,nearshore
S1A_IW_GRDH_1SD_20230820_E155,S1A_IW_GRDH_1SDV_20230820T224356_20230820T224425_049965_0602D1_6F33,2023-08-20T22:43:56Z,106.94127,17.90667,5,2.07,89.8,200.0,0.972,2.08,in_window,"106.9475,106.9376","17.9301,17.8845",13.18,high,43.76,True,
S1A_IW_GRDH_1SD_20230820_E156,S1A_IW_GRDH_1SDV_20230820T224356_20230820T224425_049965_0602D1_6F33,2023-08-20T22:43:56Z,106.47614,17.88501,1,0.43,90.0,,0.994,1.29,low,"106.4761,106.4761","17.8869,17.8831",15.16,low,1.2,False,nearshore
S1A_IW_GRDH_1SD_20230820_E157,S1A_IW_GRDH_1SDV_20230820T224356_20230820T224425_049965_0602D1_6F33,2023-08-20T22:43:56Z,107.14564,17.87148,3,1.09,96.0,581.0,0.964,2.08,in_window,"107.1500,107.1442","17.8768,17.8656",7.77,high,65.43,True,
S1A_IW_GRDH_1SD_20230820_E158,S1A_IW_GRDH_1SDV_20230820T224356_20230820T224425_049965_0602D1_6F33,2023-08-20T22:43:56Z,107.31885,17.85563,3,1.12,93.7,2477.0,0.726,2.12,in_window,"107.3348,107.3106","17.8632,17.8510",3.06,medium,80.86,False,blob_invalid
S1A_IW_GRDH_1SD_20230820_E161,S1A_IW_GRDH_1SDV_20230820T224356_20230820T224425_049965_0602D1_6F33,2023-08-20T22:43:56Z,108.02,17.82097,1,0.44,90.0,,0.514,3.26,in_window,"108.0200,108.0200","17.8229,17.8190",0.99,low,103.46,True,
S1A_IW_GRDH_1SD_20230820_E162,S1A_IW_GRDH_1SDV_20230820T224356_20230820T224425_049965_0602D1_6F33,2023-08-20T22:43:56Z,107.40562,17.82019,2,1.15,87.7,233.0,0.991,2.11,in_window,"107.4066,107.4039","17.8262,17.8142",2.37,medium,83.19,True,
S1A_IW_GRDH_1SD_20230820_E164,S1A_IW_GRDH_1SDV_20230820T224356_20230820T224425_049965_0602D1_6F33,2023-08-20T22:43:56Z,107.3379,17.78841,1,0.37,90.0,,0.958,2.06,in_window,"107.3379,107.3379","17.7900,17.7868",3.85,low,76.12,True,
S1A_IW_GRDH_1SD_20230820_E169,S1A_IW_GRDH_1SDV_20230820T224356_20230820T224425_049965_0602D1_6F33,2023-08-20T22:43:56Z,106.51006,17.75911,2,1.47,44.5,974.0,0.976,0.99,low,"106.5172,106.5056","17.7612,17.7537",4.54,low,4.31,False,nearshore
S1A_IW_GRDH_1SD_20230820_E172,S1A_IW_GRDH_1SDV_20230820T224356_20230820T224425_049965_0602D1_6F33,2023-08-20T22:43:56Z,107.36731,17.73162,2,2.06,90.0,,0.89,2.01,in_window,"107.3679,107.3670","17.7444,17.7215",14.31,medium,72.95,True,
S1A_IW_GRDH_1SD_20230820_E174,S1A_IW_GRDH_1SDV_20230820T224356_20230820T224425_049965_0602D1_6F33,2023-08-20T22:43:56Z,106.48237,17.73311,1,0.43,90.4,,0.696,0.9,low,"106.4825,106.4823","17.7347,17.7314",0.64,low,0.28,False,nearshore
S1A_IW_GRDH_1SD_20230820_E175,S1A_IW_GRDH_1SDV_20230820T224356_20230820T224425_049965_0602D1_6F33,2023-08-20T22:43:56Z,107.06766,17.69886,2,0.64,89.8,,0.735,1.57,low,"107.0677,107.0676","17.7138,17.6856",5.42,low,50.4,True,
S1A_IW_GRDH_1SD_20230820_E179,S1A_IW_GRDH_1SDV_20230820T224356_20230820T224425_049965_0602D1_6F33,2023-08-20T22:43:56Z,106.71948,17.64249,7,3.67,90.1,335.0,0.945,0.87,low,"106.7413,106.6898","17.6794,17.6102",43.98,low,16.35,False,nearshore
S1A_IW_GRDH_1SD_20230820_E181,S1A_IW_GRDH_1SDV_20230820T224356_20230820T224425_049965_0602D1_6F33,2023-08-20T22:43:56Z,107.93314,17.71505,1,0.41,90.3,,0.986,3.03,in_window,"107.9333,107.9331","17.7166,17.7134",2.66,low,110.38,True,
S1A_IW_GRDH_1SD_20230820_E182,S1A_IW_GRDH_1SDV_20230820T224356_20230820T224425_049965_0602D1_6F33,2023-08-20T22:43:56Z,107.30878,17.70126,1,0.36,0.0,,0.895,1.92,low,"107.3104,107.3072","17.7013,17.7013",5.23,low,66.59,True,
S1A_IW_GRDH_1SD_20230820_E184,S1A_IW_GRDH_1SDV_20230820T224356_20230820T224425_049965_0602D1_6F33,2023-08-20T22:43:56Z,106.81009,17.62102,2,1.92,90.0,796.0,0.965,0.9,low,"106.8119,106.8044","17.6383,17.5847",41.53,low,23.36,True,
S1A_IW_GRDH_1SD_20230820_E185,S1A_IW_GRDH_1SDV_20230820T224356_20230820T224425_049965_0602D1_6F33,2023-08-20T22:43:56Z,106.64423,17.69177,1,0.59,90.0,,0.975,0.93,low,"106.6442,106.6442","17.6944,17.6891",9.85,low,12.97,False,nearshore
S1A_IW_GRDH_1SD_20230820_E187,S1A_IW_GRDH_1SDV_20230820T224356_20230820T224425_049965_0602D1_6F33,2023-08-20T22:43:56Z,106.86556,17.68752,1,0.32,90.2,,0.989,1.22,low,"106.8656,106.8654","17.6888,17.6863",4.02,low,32.06,True,
S1A_IW_GRDH_1SD_20230820_E188,S1A_IW_GRDH_1SDV_20230820T224356_20230820T224425_049965_0602D1_6F33,2023-08-20T22:43:56Z,108.36197,17.64944,7,5.23,89.8,870.0,0.955,3.27,in_window,"108.3751,108.3335","17.6745,17.6285",37.95,high,100.79,True,
S1A_IW_GRDH_1SD_20230820_E191,S1A_IW_GRDH_1SDV_20230820T224356_20230820T224425_049965_0602D1_6F33,2023-08-20T22:43:56Z,107.97278,17.60491,1,0.39,89.8,,0.976,3.06,in_window,"107.9730,107.9728","17.6065,17.6034",10.87,low,106.65,True,
S1A_IW_GRDH_1SD_20230820_E193,S1A_IW_GRDH_1SDV_20230820T224356_20230820T224425_049965_0602D1_6F33,2023-08-20T22:43:56Z,107.35248,17.63758,4,1.48,90.8,1725.0,0.978,1.84,low,"107.3659,107.3335","17.6552,17.6129",10.22,low,63.7,True,
S1A_IW_GRDH_1SD_20230820_E195,S1A_IW_GRDH_1SDV_20230820T224356_20230820T224425_049965_0602D1_6F33,2023-08-20T22:43:56Z,106.99158,17.64774,1,0.3,0.0,,0.611,1.28,low,"106.9929,106.9902","17.6477,17.6477",2.75,low,40.7,True,
S1A_IW_GRDH_1SD_20230820_E196,S1A_IW_GRDH_1SDV_20230820T224356_20230820T224425_049965_0602D1_6F33,2023-08-20T22:43:56Z,106.88042,17.64239,1,0.43,90.4,,0.986,1.07,low,"106.8806,106.8804","17.6440,17.6407",3.2,low,30.97,True,
S1A_IW_GRDH_1SD_20230820_E199,S1A_IW_GRDH_1SDV_20230820T224356_20230820T224425_049965_0602D1_6F33,2023-08-20T22:43:56Z,106.86469,17.61298,2,0.82,90.0,,0.976,0.95,low,"106.8650,106.8645","17.6216,17.6019",5.87,low,27.86,True,
S1A_IW_GRDH_1SD_20230820_E200,S1A_IW_GRDH_1SDV_20230820T224356_20230820T224425_049965_0602D1_6F33,2023-08-20T22:43:56Z,107.0531,17.59756,2,2.06,90.0,,0.978,1.22,low,"107.0532,107.0529","17.6074,17.5878",12.74,low,41.34,True,
S1A_IW_GRDH_1SD_20230820_E201,S1A_IW_GRDH_1SDV_20230820T224356_20230820T224425_049965_0602D1_6F33,2023-08-20T22:43:56Z,108.04593,17.61111,2,0.72,0.4,,0.988,3.15,in_window,"108.0499,108.0421","17.6116,17.6105",2.06,medium,113.53,True,
S1A_IW_GRDH_1SD_20230820_E204,S1A_IW_GRDH_1SDV_20230820T224356_20230820T224425_049965_0602D1_6F33,2023-08-20T22:43:56Z,106.64143,17.54717,5,1.8,90.0,1115.0,0.928,0.58,low,"106.6499,106.6266","17.5951,17.5017",21.8,low,4.0,False,nearshore
S1A_IW_GRDH_1SD_20230820_E207,S1A_IW_GRDH_1SDV_20230820T224356_20230820T224425_049965_0602D1_6F33,2023-08-20T22:43:56Z,106.76382,17.57818,1,0.32,86.3,,0.97,0.71,low,"106.7642,106.7636","17.5794,17.5771",5.6,low,16.92,False,nearshore
S1A_IW_GRDH_1SD_20230820_E209,S1A_IW_GRDH_1SDV_20230820T224356_20230820T224425_049965_0602D1_6F33,2023-08-20T22:43:56Z,106.72782,17.57741,1,0.3,0.0,,0.985,0.68,low,"106.7292,106.7265","17.5774,17.5774",2.47,low,13.49,False,nearshore
S1A_IW_GRDH_1SD_20230820_E211,S1A_IW_GRDH_1SDV_20230820T224356_20230820T224425_049965_0602D1_6F33,2023-08-20T22:43:56Z,107.61854,17.54265,1,0.3,88.6,,0.988,2.2,in_window,"107.6187,107.6185","17.5439,17.5416",4.84,low,73.03,True,
S1A_IW_GRDH_1SD_20230820_E212,S1A_IW_GRDH_1SDV_20230820T224356_20230820T224425_049965_0602D1_6F33,2023-08-20T22:43:56Z,108.00463,17.50719,1,0.44,90.2,,0.972,3.06,in_window,"108.0048,108.0046","17.5091,17.5053",3.48,low,104.19,True,
S1A_IW_GRDH_1SD_20230820_E213,S1A_IW_GRDH_1SDV_20230820T224356_20230820T224425_049965_0602D1_6F33,2023-08-20T22:43:56Z,107.47523,17.54728,1,0.38,88.7,,0.981,1.91,low,"107.4752,107.4751","17.5485,17.5457",2.85,low,63.41,True,
S1A_IW_GRDH_1SD_20230820_E216,S1A_IW_GRDH_1SDV_20230820T224356_20230820T224425_049965_0602D1_6F33,2023-08-20T22:43:56Z,106.79538,17.51989,1,0.75,89.9,,0.963,0.56,low,"106.7954,106.7953","17.5232,17.5165",11.89,low,15.92,False,nearshore
S1A_IW_GRDH_1SD_20230820_E217,S1A_IW_GRDH_1SDV_20230820T224356_20230820T224425_049965_0602D1_6F33,2023-08-20T22:43:56Z,107.64675,17.48046,4,3.16,90.2,,0.974,2.21,in_window,"107.6473,107.6457","17.4986,17.4590",24.73,medium,70.79,True,
S1A_IW_GRDH_1SD_20230820_E220,S1A_IW_GRDH_1SDV_20230820T224356_20230820T224425_049965_0602D1_6F33,2023-08-20T22:43:56Z,107.52545,17.44376,1,0.64,90.0,,0.662,1.87,low,"107.5254,107.5254","17.4466,17.4409",7.69,low,58.45,True,
S1A_IW_GRDH_1SD_20230820_E224,S1A_IW_GRDH_1SDV_20230820T224356_20230820T224425_049965_0602D1_6F33,2023-08-20T22:43:56Z,106.80234,17.4334,1,0.51,89.7,,0.982,0.38,low,"106.8025,106.8023","17.4356,17.4313",3.42,low,10.17,False,nearshore
S1A_IW_GRDH_1SD_20230820_E225,S1A_IW_GRDH_1SDV_20230820T224356_20230820T224425_049965_0602D1_6F33,2023-08-20T22:43:56Z,106.77733,17.38262,8,5.17,90.6,1574.0,0.951,0.43,low,"106.8183,106.7594","17.4414,17.3438",47.14,low,4.5,False,nearshore
S1A_IW_GRDH_1SD_20230820_E227,S1A_IW_GRDH_1SDV_20230820T224356_20230820T224425_049965_0602D1_6F33,2023-08-20T22:43:56Z,108.04491,17.43953,1,0.62,0.0,,0.984,3.01,in_window,"108.0478,108.0420","17.4395,17.4395",4.63,low,100.73,True,
S1A_IW_GRDH_1SD_20230820_E229,S1A_IW_GRDH_1SDV_20230820T224356_20230820T224425_049965_0602D1_6F33,2023-08-20T22:43:56Z,107.64504,17.40316,1,0.31,128.0,,0.992,2.08,in_window,"107.6460,107.6447","17.4036,17.4021",1.3,low,65.75,True,
S1A_IW_GRDH_1SD_20230820_E230,S1A_IW_GRDH_1SDV_20230820T224356_20230820T224425_049965_0602D1_6F33,2023-08-20T22:43:56Z,107.08451,17.41483,1,0.33,89.6,,0.983,0.64,low,"107.0845,107.0843","17.4161,17.4134",6.38,low,27.18,True,
S1A_IW_GRDH_1SD_20230820_E233,S1A_IW_GRDH_1SDV_20230820T224356_20230820T224425_049965_0602D1_6F33,2023-08-20T22:43:56Z,108.04289,17.40365,4,5.26,139.3,278.0,0.979,2.95,in_window,"108.0485,108.0377","17.4081,17.3974",8.51,high,97.43,True,
S1A_IW_GRDH_1SD_20230820_E234,S1A_IW_GRDH_1SDV_20230820T224356_20230820T224425_049965_0602D1_6F33,2023-08-20T22:43:56Z,107.54288,17.35543,3,4.81,161.3,2367.0,0.966,1.75,low,"107.5485,107.5298","17.3866,17.3428",14.03,low,53.9,False,blob_invalid
S1A_IW_GRDH_1SD_20230820_E235,S1A_IW_GRDH_1SDV_20230820T224356_20230820T224425_049965_0602D1_6F33,2023-08-20T22:43:56Z,106.71967,17.3888,1,0.36,0.0,,0.631,0.53,low,"106.7213,106.7180","17.3888,17.3888",2.49,low,0.43,False,nearshore
S1A_IW_GRDH_1SD_20230820_E236,S1A_IW_GRDH_1SDV_20230820T224356_20230820T224425_049965_0602D1_6F33,2023-08-20T22:43:56Z,107.68889,17.37051,1,0.35,88.7,,0.96,2.15,in_window,"107.6889,107.6886","17.3718,17.3690",1.27,low,67.95,True,
S1A_IW_GRDH_1SD_20230820_E237,S1A_IW_GRDH_1SDV_20230820T224356_20230820T224425_049965_0602D1_6F33,2023-08-20T22:43:56Z,107.72002,17.37208,1,0.36,89.5,,0.966,2.23,in_window,"107.7200,107.7198","17.3735,17.3705",1.04,low,70.93,True,
S1A_IW_GRDH_1SD_20230820_E240,S1A_IW_GRDH_1SDV_20230820T224356_20230820T224425_049965_0602D1_6F33,2023-08-20T22:43:56Z,107.08219,17.34484,1,0.34,89.4,,0.968,0.37,low,"107.0822,107.0820","17.3462,17.3434",1.38,low,20.84,True,
S1A_IW_GRDH_1SD_20230820_E241,S1A_IW_GRDH_1SDV_20230820T224356_20230820T224425_049965_0602D1_6F33,2023-08-20T22:43:56Z,107.14916,17.33785,1,0.38,90.0,,0.979,0.54,low,"107.1492,107.1492","17.3395,17.3362",7.25,low,24.43,True,
S1A_IW_GRDH_1SD_20230820_E242,S1A_IW_GRDH_1SDV_20230820T224356_20230820T224425_049965_0602D1_6F33,2023-08-20T22:43:56Z,106.90877,17.33269,2,1.03,113.0,131.0,0.986,0.23,low,"106.9108,106.9085","17.3352,17.3286",7.06,low,8.86,False,nearshore
S1A_IW_GRDH_1SD_20230820_E245,S1A_IW_GRDH_1SDV_20230820T224356_20230820T224425_049965_0602D1_6F33,2023-08-20T22:43:56Z,107.68706,17.29381,1,0.55,89.8,,0.959,2.04,in_window,"107.6872,107.6871","17.2963,17.2915",5.76,low,64.03,True,
S1A_IW_GRDH_1SD_20230820_E247,S1A_IW_GRDH_1SDV_20230820T224356_20230820T224425_049965_0602D1_6F33,2023-08-20T22:43:56Z,107.71702,17.29671,2,0.66,80.9,,0.991,2.13,in_window,"107.7172,107.7160","17.2988,17.2944",0.54,medium,66.88,True,
S1A_IW_GRDH_1SD_20230820_E248,S1A_IW_GRDH_1SDV_20230820T224356_20230820T224425_049965_0602D1_6F33,2023-08-20T22:43:56Z,107.57729,17.2696,2,0.83,72.9,243.0,0.978,1.69,low,"107.5776,107.5761","17.2745,17.2646",2.6,low,52.49,True,
S1A_IW_GRDH_1SD_20230820_E250,S1A_IW_GRDH_1SDV_20230820T224356_20230820T224425_049965_0602D1_6F33,2023-08-20T22:43:56Z,106.88179,17.25461,1,0.35,90.0,,0.51,0.5,low,"106.8818,106.8818","17.2561,17.2531",4.71,low,0.35,False,nearshore
S1A_IW_GRDH_1SD_20230820_E251,S1A_IW_GRDH_1SDV_20230820T224356_20230820T224425_049965_0602D1_6F33,2023-08-20T22:43:56Z,106.94699,17.24674,1,0.79,89.9,,0.981,0.37,low,"106.9471,106.9470","17.2503,17.2433",12.04,low,3.68,False,nearshore
S1A_IW_GRDH_1SD_20230820_E254,S1A_IW_GRDH_1SDV_20230820T224356_20230820T224425_049965_0602D1_6F33,2023-08-20T22:43:56Z,107.04029,17.22799,1,0.47,0.0,,0.971,0.2,low,"107.0425,107.0381","17.2280,17.2280",10.69,low,7.88,False,nearshore
S1A_IW_GRDH_1SD_20230820_E259,S1A_IW_GRDH_1SDV_20230820T224356_20230820T224425_049965_0602D1_6F33,2023-08-20T22:43:56Z,107.54342,17.19725,1,0.33,89.3,,0.985,1.37,low,"107.5436,107.5434","17.1987,17.1960",2.98,low,46.12,True,
S1A_IW_GRDH_1SD_20230820_E260,S1A_IW_GRDH_1SDV_20230820T224356_20230820T224425_049965_0602D1_6F33,2023-08-20T22:43:56Z,107.61317,17.19534,1,0.31,91.3,,0.989,1.57,low,"107.6133,107.6131","17.1964,17.1941",2.51,low,51.29,True,
S1A_IW_GRDH_1SD_20230820_E265,S1A_IW_GRDH_1SDV_20230820T224356_20230820T224425_049965_0602D1_6F33,2023-08-20T22:43:56Z,107.13333,17.1451,1,0.63,90.2,,0.788,0.28,low,"107.1335,107.1333","17.1478,17.1423",7.89,low,6.38,False,nearshore
S1A_IW_GRDH_1SD_20230820_E272,S1A_IW_GRDH_1SDV_20230820T224356_20230820T224425_049965_0602D1_6F33,2023-08-20T22:43:56Z,107.68359,17.12859,1,0.43,157.8,,0.967,1.58,low,"107.6851,107.6829","17.1289,17.1276",0.39,low,50.56,True,
S1A_IW_GRDH_1SD_20230820_E277,S1A_IW_GRDH_1SDV_20230820T224356_20230820T224425_049965_0602D1_6F33,2023-08-20T22:43:56Z,107.44299,17.06537,2,1.14,90.3,,0.963,0.65,low,"107.4433,107.4429","17.0744,17.0517",4.9,low,28.76,True,
S1A_IW_GRDH_1SD_20230820_E278,S1A_IW_GRDH_1SDV_20230820T224356_20230820T224425_049965_0602D1_6F33,2023-08-20T22:43:56Z,107.51479,17.05894,2,0.71,89.8,,0.983,0.85,low,"107.5151,107.5147","17.0631,17.0550",2.29,low,33.16,True,
S1A_IW_GRDH_1SD_20230820_E282,S1A_IW_GRDH_1SDV_20230820T224356_20230820T224425_049965_0602D1_6F33,2023-08-20T22:43:56Z,107.29632,16.9842,1,0.43,90.0,,0.985,0.59,low,"107.2963,107.2963","16.9861,16.9823",7.53,low,11.87,False,nearshore
S1A_IW_GRDH_1SD_20230820_E283,S1A_IW_GRDH_1SDV_20230820T224356_20230820T224425_049965_0602D1_6F33,2023-08-20T22:43:56Z,107.40038,16.99006,2,0.72,90.2,105.0,0.968,0.55,low,"107.4010,107.3997","16.9945,16.9860",1.24,low,19.56,False,nearshore
S1A_IW_GRDH_1SD_20230820_E284,S1A_IW_GRDH_1SDV_20230820T224356_20230820T224425_049965_0602D1_6F33,2023-08-20T22:43:56Z,107.76033,16.98914,1,0.35,90.8,,0.977,1.41,low,"107.7605,107.7603","16.9904,16.9878",0.64,low,43.07,True,
S1A_IW_GRDH_1SD_20230820_E288,S1A_IW_GRDH_1SDV_20230820T224356_20230820T224425_049965_0602D1_6F33,2023-08-20T22:43:56Z,107.37236,16.89713,1,0.57,90.1,,0.868,0.58,low,"107.3724,107.3724","16.8996,16.8946",2.82,low,9.88,False,nearshore
S1A_IW_GRDH_1SD_20230820_E289,S1A_IW_GRDH_1SDV_20230820T224356_20230820T224425_049965_0602D1_6F33,2023-08-20T22:43:56Z,107.61491,16.91094,1,0.54,89.9,,0.966,0.8,low,"107.6150,107.6149","16.9134,16.9086",3.43,low,26.98,True,
S1A_IW_GRDH_1SD_20230820_E291,S1A_IW_GRDH_1SDV_20230820T224356_20230820T224425_049965_0602D1_6F33,2023-08-20T22:43:56Z,107.79558,16.921,1,0.32,16.1,,0.985,1.28,low,"107.7968,107.7949","16.9217,16.9208",1.93,low,39.98,True,
S1A_IW_GRDH_1SD_20230823_E001,S1A_IW_GRDH_1SDV_20230823T105721_20230823T105746_050002_0603FB_CC14,2023-08-23T10:57:21Z,108.47628,16.77668,2,0.67,44.6,2565.0,0.965,4.78,in_window,"108.4695,108.4834","16.7635,16.7860",12.0,medium,65.71,False,blob_invalid
S1A_IW_GRDH_1SD_20230823_E002,S1A_IW_GRDH_1SDV_20230823T105721_20230823T105746_050002_0603FB_CC14,2023-08-23T10:57:21Z,108.57142,16.7811,3,9.95,97.3,655.0,0.982,4.15,in_window,"108.5625,108.5797","16.7713,16.7891",13.04,high,73.25,True,
S1A_IW_GRDH_1SD_20230823_E003,S1A_IW_GRDH_1SDV_20230823T105721_20230823T105746_050002_0603FB_CC14,2023-08-23T10:57:21Z,108.83963,16.89993,350,1226.22,90.5,242.0,0.97,2.88,in_window,"108.5444,109.2393","16.7619,17.3633",1736.14,high,98.0,False,blob_invalid
S1A_IW_GRDH_1SD_20230823_E004,S1A_IW_GRDH_1SDV_20230823T105721_20230823T105746_050002_0603FB_CC14,2023-08-23T10:57:21Z,109.04031,16.76334,1,0.85,0.0,,0.967,2.68,in_window,"109.0364,109.0442","16.7633,16.7633",1.38,low,100.09,True,
S1A_IW_GRDH_1SD_20230823_E005,S1A_IW_GRDH_1SDV_20230823T105721_20230823T105746_050002_0603FB_CC14,2023-08-23T10:57:21Z,107.92783,16.78225,1,0.9,179.9,,0.67,4.01,in_window,"107.9239,107.9320","16.7821,16.7823",5.57,low,37.44,True,
S1A_IW_GRDH_1SD_20230823_E006,S1A_IW_GRDH_1SDV_20230823T105721_20230823T105746_050002_0603FB_CC14,2023-08-23T10:57:21Z,107.87198,16.77682,1,0.36,90.2,,0.983,3.69,in_window,"107.8719,107.8721","16.7758,16.7778",0.95,low,32.44,True,
S1A_IW_GRDH_1SD_20230823_E009,S1A_IW_GRDH_1SDV_20230823T105721_20230823T105746_050002_0603FB_CC14,2023-08-23T10:57:21Z,109.01026,16.78368,1,0.47,169.4,,0.984,2.69,in_window,"109.0083,109.0113","16.7834,16.7847",5.39,low,99.35,True,
S1A_IW_GRDH_1SD_20230823_E010,S1A_IW_GRDH_1SDV_20230823T105721_20230823T105746_050002_0603FB_CC14,2023-08-23T10:57:21Z,107.97929,16.78487,1,0.38,173.2,,0.985,4.39,in_window,"107.9777,107.9803","16.7848,16.7854",2.29,low,41.57,True,
S1A_IW_GRDH_1SD_20230823_E011,S1A_IW_GRDH_1SDV_20230823T105721_20230823T105746_050002_0603FB_CC14,2023-08-23T10:57:21Z,108.376,16.81577,1,0.43,0.0,,0.962,5.01,in_window,"108.3741,108.3779","16.8158,16.8158",9.08,low,62.51,True,
S1A_IW_GRDH_1SD_20230823_E012,S1A_IW_GRDH_1SDV_20230823T105721_20230823T105746_050002_0603FB_CC14,2023-08-23T10:57:21Z,108.08653,16.81311,2,0.6,134.5,1051.0,0.975,4.88,in_window,"108.0840,108.0877","16.8062,16.8191",7.91,medium,51.61,True,
S1A_IW_GRDH_1SD_20230823_E014,S1A_IW_GRDH_1SDV_20230823T105721_20230823T105746_050002_0603FB_CC14,2023-08-23T10:57:21Z,107.71816,16.83822,7,3.42,97.6,842.0,0.939,4.35,in_window,"107.6978,107.7307","16.7858,16.8724",25.8,high,27.76,True,
S1A_IW_GRDH_1SD_20230823_E016,S1A_IW_GRDH_1SDV_20230823T105721_20230823T105746_050002_0603FB_CC14,2023-08-23T10:57:21Z,109.11479,16.82208,1,0.36,89.4,,0.981,2.69,in_window,"109.1146,109.1148","16.8207,16.8233",2.52,low,110.23,True,
S1A_IW_GRDH_1SD_20230823_E018,S1A_IW_GRDH_1SDV_20230823T105721_20230823T105746_050002_0603FB_CC14,2023-08-23T10:57:21Z,107.40813,16.83583,2,2.11,90.2,313.0,0.94,5.78,in_window,"107.4074,107.4106","16.8232,16.8566",11.68,medium,7.23,False,nearshore
S1A_IW_GRDH_1SD_20230823_E020,S1A_IW_GRDH_1SDV_20230823T105721_20230823T105746_050002_0603FB_CC14,2023-08-23T10:57:21Z,108.34265,16.87393,27,27.95,92.0,471.0,0.938,4.83,in_window,"108.2621,108.3823","16.8184,16.9467",109.58,high,66.22,True,
S1A_IW_GRDH_1SD_20230823_E023,S1A_IW_GRDH_1SDV_20230823T105721_20230823T105746_050002_0603FB_CC14,2023-08-23T10:57:21Z,108.46279,16.91984,15,9.53,82.8,555.0,0.948,4.1,in_window,"108.4280,108.5196","16.8537,16.9967",82.4,high,77.13,True,
S1A_IW_GRDH_1SD_20230823_E026,S1A_IW_GRDH_1SDV_20230823T105721_20230823T105746_050002_0603FB_CC14,2023-08-23T10:57:21Z,107.53505,16.87865,3,2.76,0.0,1449.0,0.97,5.78,in_window,"107.5204,107.5464","16.8657,16.8831",23.5,high,19.12,True,
S1A_IW_GRDH_1SD_20230823_E027,S1A_IW_GRDH_1SDV_20230823T105721_20230823T105746_050002_0603FB_CC14,2023-08-23T10:57:21Z,107.79728,16.86122,1,0.35,89.4,,0.98,4.2,in_window,"107.7971,107.7973","16.8597,16.8626",5.17,low,34.71,True,
S1A_IW_GRDH_1SD_20230823_E028,S1A_IW_GRDH_1SDV_20230823T105721_20230823T105746_050002_0603FB_CC14,2023-08-23T10:57:21Z,107.47169,16.86996,2,0.94,89.9,227.0,0.834,5.9,in_window,"107.4709,107.4731","16.8650,16.8753",5.75,medium,14.38,False,nearshore
S1A_IW_GRDH_1SD_20230823_E038,S1A_IW_GRDH_1SDV_20230823T105721_20230823T105746_050002_0603FB_CC14,2023-08-23T10:57:21Z,108.52758,17.01757,6,3.62,90.0,1107.0,0.936,3.48,in_window,"108.5099,108.5342","16.9918,17.0555",35.0,high,89.87,True,
S1A_IW_GRDH_1SD_20230823_E041,S1A_IW_GRDH_1SDV_20230823T105721_20230823T105746_050002_0603FB_CC14,2023-08-23T10:57:21Z,107.65943,16.99116,1,0.31,90.0,,0.978,6.08,in_window,"107.6593,107.6594","16.9900,16.9923",1.22,low,36.88,True,
S1A_IW_GRDH_1SD_20230823_E042,S1A_IW_GRDH_1SDV_20230823T105721_20230823T105746_050002_0603FB_CC14,2023-08-23T10:57:21Z,108.40613,17.00035,2,0.81,90.1,794.0,0.969,3.87,in_window,"108.4033,108.4108","16.9859,17.0222",15.79,medium,81.68,True,
S1A_IW_GRDH_1SD_20230823_E043,S1A_IW_GRDH_1SDV_20230823T105721_20230823T105746_050002_0603FB_CC14,2023-08-23T10:57:21Z,108.30203,16.99256,1,0.46,92.7,,0.991,4.28,in_window,"108.3015,108.3021","16.9912,16.9942",0.85,low,76.41,True,
S1A_IW_GRDH_1SD_20230823_E046,S1A_IW_GRDH_1SDV_20230823T105721_20230823T105746_050002_0603FB_CC14,2023-08-23T10:57:21Z,108.90063,17.03624,2,1.43,90.0,,0.981,2.88,in_window,"108.9005,108.9008","17.0291,17.0435",14.78,medium,114.16,True,
S1A_IW_GRDH_1SD_20230823_E052,S1A_IW_GRDH_1SDV_20230823T105721_20230823T105746_050002_0603FB_CC14,2023-08-23T10:57:21Z,108.5654,17.10762,5,2.73,90.0,888.0,0.929,3.34,in_window,"108.5537,108.5831","17.0679,17.1410",33.76,high,100.35,True,
S1A_IW_GRDH_1SD_20230823_E054,S1A_IW_GRDH_1SDV_20230823T105721_20230823T105746_050002_0603FB_CC14,2023-08-23T10:57:21Z,107.55276,17.05864,2,0.74,90.1,,0.972,6.95,in_window,"107.5523,107.5531","17.0552,17.0619",0.73,medium,35.74,True,
S1A_IW_GRDH_1SD_20230823_E055,S1A_IW_GRDH_1SDV_20230823T105721_20230823T105746_050002_0603FB_CC14,2023-08-23T10:57:21Z,107.62437,17.05982,1,0.34,120.9,,0.973,6.53,in_window,"107.6240,107.6253","17.0588,17.0603",0.61,low,40.76,True,
S1A_IW_GRDH_1SD_20230823_E056,S1A_IW_GRDH_1SDV_20230823T105721_20230823T105746_050002_0603FB_CC14,2023-08-23T10:57:21Z,108.99005,17.12418,8,8.37,90.0,1045.0,0.979,2.81,in_window,"108.9472,109.0078","17.0974,17.1765",56.08,high,127.37,True,
S1A_IW_GRDH_1SD_20230823_E060,S1A_IW_GRDH_1SDV_20230823T105721_20230823T105746_050002_0603FB_CC14,2023-08-23T10:57:21Z,108.19508,17.06162,1,0.3,96.0,,0.96,4.32,in_window,"108.1945,108.1952","17.0608,17.0625",0.4,low,78.62,True,
S1A_IW_GRDH_1SD_20230823_E062,S1A_IW_GRDH_1SDV_20230823T105721_20230823T105746_050002_0603FB_CC14,2023-08-23T10:57:21Z,107.66371,17.08852,1,0.3,89.0,,0.959,6.43,in_window,"107.6637,107.6639","17.0875,17.0897",0.47,low,45.76,True,
S1A_IW_GRDH_1SD_20230823_E069,S1A_IW_GRDH_1SDV_20230823T105721_20230823T105746_050002_0603FB_CC14,2023-08-23T10:57:21Z,108.18287,17.12772,2,0.82,135.5,584.0,0.98,4.29,in_window,"108.1789,108.1857","17.1244,17.1290",2.43,medium,82.78,True,
S1A_IW_GRDH_1SD_20230823_E071,S1A_IW_GRDH_1SDV_20230823T105721_20230823T105746_050002_0603FB_CC14,2023-08-23T10:57:21Z,108.26696,17.13348,1,0.33,89.0,,0.983,4.1,in_window,"108.2668,108.2670","17.1321,17.1347",1.21,low,89.52,True,
S1A_IW_GRDH_1SD_20230823_E072,S1A_IW_GRDH_1SDV_20230823T105721_20230823T105746_050002_0603FB_CC14,2023-08-23T10:57:21Z,108.68217,17.13178,1,0.33,0.0,,0.987,3.12,in_window,"108.6807,108.6836","17.1318,17.1318",6.61,low,109.6,True,
S1A_IW_GRDH_1SD_20230823_E083,S1A_IW_GRDH_1SDV_20230823T105721_20230823T105746_050002_0603FB_CC14,2023-08-23T10:57:21Z,108.89144,17.19699,1,0.33,88.7,,0.991,2.9,in_window,"108.8914,108.8916","17.1958,17.1984",3.64,low,123.9,True,
S1A_IW_GRDH_1SD_20230823_E084,S1A_IW_GRDH_1SDV_20230823T105721_20230823T105746_050002_0603FB_CC14,2023-08-23T10:57:21Z,108.33187,17.20049,1,0.37,83.9,,0.963,3.79,in_window,"108.3317,108.3324","17.1996,17.2018",0.49,low,99.16,True,
S1A_IW_GRDH_1SD_20230823_E090,S1A_IW_GRDH_1SDV_20230823T105721_20230823T105746_050002_0603FB_CC14,2023-08-23T10:57:21Z,107.9773,17.23008,1,0.31,94.0,,0.971,5.37,in_window,"107.9770,107.9773","17.2293,17.2312",0.66,low,78.07,True,
S1A_IW_GRDH_1SD_20230823_E091,S1A_IW_GRDH_1SDV_20230823T105721_20230823T105746_050002_0603FB_CC14,2023-08-23T10:57:21Z,108.66387,17.27759,8,6.24,89.6,600.0,0.932,3.13,in_window,"108.6510,108.6846","17.2384,17.3405",36.21,high,121.74,True,
S1A_IW_GRDH_1SD_20230823_E097,S1A_IW_GRDH_1SDV_20230823T105721_20230823T105746_050002_0603FB_CC14,2023-08-23T10:57:21Z,107.53103,17.2827,2,1.51,90.0,,0.994,7.37,in_window,"107.5306,107.5314","17.2707,17.2937",9.58,medium,48.83,True,
S1A_IW_GRDH_1SD_20230823_E098,S1A_IW_GRDH_1SDV_20230823T105721_20230823T105746_050002_0603FB_CC14,2023-08-23T10:57:21Z,108.58156,17.25953,2,0.96,90.0,,0.961,3.26,in_window,"108.5816,108.5816","17.2531,17.2675",5.06,medium,115.62,True,
S1A_IW_GRDH_1SD_20230823_E103,S1A_IW_GRDH_1SDV_20230823T105721_20230823T105746_050002_0603FB_CC14,2023-08-23T10:57:21Z,108.61677,17.27698,4,1.88,93.7,187.0,0.979,3.19,in_window,"108.6128,108.6198","17.2669,17.3094",12.48,high,119.12,True,
S1A_IW_GRDH_1SD_20230823_E106,S1A_IW_GRDH_1SDV_20230823T105721_20230823T105746_050002_0603FB_CC14,2023-08-23T10:57:21Z,107.29747,17.29326,1,0.3,166.2,,0.984,7.47,in_window,"107.2963,107.2981","17.2931,17.2939",1.94,low,29.85,True,
S1A_IW_GRDH_1SD_20230823_E111,S1A_IW_GRDH_1SDV_20230823T105721_20230823T105746_050002_0603FB_CC14,2023-08-23T10:57:21Z,108.12075,17.32211,15,145.63,115.5,415.0,0.968,4.5,in_window,"108.0843,108.1868","17.2911,17.3674",63.18,high,95.63,False,blob_invalid
S1A_IW_GRDH_1SD_20230823_E116,S1A_IW_GRDH_1SDV_20230823T105721_20230823T105746_050002_0603FB_CC14,2023-08-23T10:57:21Z,108.54355,17.30566,1,0.33,112.8,,0.976,3.26,in_window,"108.5427,108.5438","17.3049,17.3067",1.34,low,118.29,True,
S1A_IW_GRDH_1SD_20230823_E118,S1A_IW_GRDH_1SDV_20230823T105721_20230823T105746_050002_0603FB_CC14,2023-08-23T10:57:21Z,107.37151,17.30864,1,0.31,88.7,,0.969,7.42,in_window,"107.3715,107.3717","17.3077,17.3097",0.8,low,36.49,True,
S1A_IW_GRDH_1SD_20230823_E119,S1A_IW_GRDH_1SDV_20230823T105721_20230823T105746_050002_0603FB_CC14,2023-08-23T10:57:21Z,108.84197,17.331,4,15.04,10.0,255.0,0.98,2.84,in_window,"108.8327,108.8566","17.3206,17.3390",13.67,high,110.99,True,
S1A_IW_GRDH_1SD_20230823_E121,S1A_IW_GRDH_1SDV_20230823T105721_20230823T105746_050002_0603FB_CC14,2023-08-23T10:57:21Z,108.89633,17.32446,1,0.38,90.3,,0.972,2.78,in_window,"108.8963,108.8965","17.3229,17.3259",3.34,low,110.1,True,
S1A_IW_GRDH_1SD_20230823_E126,S1A_IW_GRDH_1SDV_20230823T105721_20230823T105746_050002_0603FB_CC14,2023-08-23T10:57:21Z,108.52941,17.37864,2,0.98,44.4,,0.981,3.18,in_window,"108.5234,108.5361","17.3697,17.4004",14.97,medium,119.64,True,
S1A_IW_GRDH_1SD_20230823_E128,S1A_IW_GRDH_1SDV_20230823T105721_20230823T105746_050002_0603FB_CC14,2023-08-23T10:57:21Z,107.33919,17.39157,25,37.48,85.5,680.0,0.972,7.25,in_window,"107.2399,107.4331","17.3712,17.4280",122.68,high,41.1,True,
S1A_IW_GRDH_1SD_20230823_E136,S1A_IW_GRDH_1SDV_20230823T105721_20230823T105746_050002_0603FB_CC14,2023-08-23T10:57:21Z,108.33558,17.37361,1,0.36,93.0,,0.975,3.57,in_window,"108.3352,108.3357","17.3726,17.3750",1.32,low,113.7,True,
S1A_IW_GRDH_1SD_20230823_E140,S1A_IW_GRDH_1SDV_20230823T105721_20230823T105746_050002_0603FB_CC14,2023-08-23T10:57:21Z,108.67802,17.39937,2,0.69,90.1,,0.975,2.95,in_window,"108.6778,108.6782","17.3946,17.4048",3.77,medium,110.54,True,
S1A_IW_GRDH_1SD_20230823_E145,S1A_IW_GRDH_1SDV_20230823T105721_20230823T105746_050002_0603FB_CC14,2023-08-23T10:57:21Z,107.19483,17.40339,1,0.39,90.0,,0.991,7.17,in_window,"107.1948,107.1948","17.4017,17.4051",8.83,low,33.09,True,
S1A_IW_GRDH_1SD_20230823_E147,S1A_IW_GRDH_1SDV_20230823T105721_20230823T105746_050002_0603FB_CC14,2023-08-23T10:57:21Z,107.84889,17.43586,3,1.71,3.4,433.0,0.963,6.0,in_window,"107.8209,107.8700","17.4321,17.4412",16.1,high,86.15,True,
S1A_IW_GRDH_1SD_20230823_E152,S1A_IW_GRDH_1SDV_20230823T105721_20230823T105746_050002_0603FB_CC14,2023-08-23T10:57:21Z,107.41048,17.463,4,2.57,45.0,703.0,0.975,7.11,in_window,"107.4057,107.4229","17.4419,17.4781",23.41,high,51.89,True,
S1A_IW_GRDH_1SD_20230823_E153,S1A_IW_GRDH_1SDV_20230823T105721_20230823T105746_050002_0603FB_CC14,2023-08-23T10:57:21Z,107.93637,17.43744,1,0.34,0.0,,0.909,5.58,in_window,"107.9348,107.9379","17.4374,17.4374",2.72,low,93.68,True,
S1A_IW_GRDH_1SD_20230823_E154,S1A_IW_GRDH_1SDV_20230823T105721_20230823T105746_050002_0603FB_CC14,2023-08-23T10:57:21Z,107.48059,17.43608,1,0.34,89.4,,0.989,7.16,in_window,"107.4806,107.4808","17.4347,17.4375",1.64,low,54.47,True,
S1A_IW_GRDH_1SD_20230823_E159,S1A_IW_GRDH_1SDV_20230823T105721_20230823T105746_050002_0603FB_CC14,2023-08-23T10:57:21Z,109.00506,17.45483,1,0.72,90.0,,0.891,2.39,in_window,"109.0050,109.0052","17.4516,17.4579",4.78,low,93.57,True,
S1A_IW_GRDH_1SD_20230823_E161,S1A_IW_GRDH_1SDV_20230823T105721_20230823T105746_050002_0603FB_CC14,2023-08-23T10:57:21Z,107.53949,17.5079,11,14.4,86.3,585.0,0.965,6.94,in_window,"107.5186,107.5595","17.4518,17.5431",55.27,high,64.45,True,
S1A_IW_GRDH_1SD_20230823_E162,S1A_IW_GRDH_1SDV_20230823T105721_20230823T105746_050002_0603FB_CC14,2023-08-23T10:57:21Z,108.61952,17.46682,1,0.59,89.5,,0.973,2.95,in_window,"108.6193,108.6195","17.4643,17.4691",5.34,low,107.02,True,
S1A_IW_GRDH_1SD_20230823_E164,S1A_IW_GRDH_1SDV_20230823T105721_20230823T105746_050002_0603FB_CC14,2023-08-23T10:57:21Z,107.62377,17.49695,10,20.51,84.3,552.0,0.967,6.79,in_window,"107.5996,107.6915","17.4634,17.5773",74.26,high,70.07,True,
S1A_IW_GRDH_1SD_20230823_E165,S1A_IW_GRDH_1SDV_20230823T105721_20230823T105746_050002_0603FB_CC14,2023-08-23T10:57:21Z,108.9017,17.46478,1,0.37,91.3,,0.978,2.53,in_window,"108.9017,108.9019","17.4633,17.4660",2.56,low,95.01,True,
S1A_IW_GRDH_1SD_20230823_E167,S1A_IW_GRDH_1SDV_20230823T105721_20230823T105746_050002_0603FB_CC14,2023-08-23T10:57:21Z,107.46538,17.50741,3,3.38,104.2,1627.0,0.978,7.02,in_window,"107.4533,107.4820","17.4944,17.5291",32.51,medium,59.29,True,
S1A_IW_GRDH_1SD_20230823_E168,S1A_IW_GRDH_1SDV_20230823T105721_20230823T105746_050002_0603FB_CC14,2023-08-23T10:57:21Z,107.8726,17.49019,4,1.58,89.7,1481.0,0.983,5.86,in_window,"107.8659,107.8946","17.4704,17.5128",17.39,high,91.15,True,
S1A_IW_GRDH_1SD_20230823_E169,S1A_IW_GRDH_1SDV_20230823T105721_20230823T105746_050002_0603FB_CC14,2023-08-23T10:57:21Z,108.08489,17.48895,3,1.19,89.8,122.0,0.967,4.68,in_window,"108.0840,108.0859","17.4761,17.5008",2.92,high,107.61,True,
S1A_IW_GRDH_1SD_20230823_E171,S1A_IW_GRDH_1SDV_20230823T105721_20230823T105746_050002_0603FB_CC14,2023-08-23T10:57:21Z,107.93891,17.50001,1,0.38,90.0,,0.979,5.53,in_window,"107.9389,107.9389","17.4983,17.5017",6.01,low,97.76,True,
S1A_IW_GRDH_1SD_20230823_E173,S1A_IW_GRDH_1SDV_20230823T105721_20230823T105746_050002_0603FB_CC14,2023-08-23T10:57:21Z,107.79513,17.51188,1,0.47,89.5,,0.963,6.23,in_window,"107.7950,107.7952","17.5102,17.5134",4.39,low,85.46,True,
S1A_IW_GRDH_1SD_20230823_E175,S1A_IW_GRDH_1SDV_20230823T105721_20230823T105746_050002_0603FB_CC14,2023-08-23T10:57:21Z,107.74278,17.52541,1,1.74,90.0,,0.983,6.39,in_window,"107.7428,107.7429","17.5176,17.5333",22.3,low,81.81,True,
S1A_IW_GRDH_1SD_20230823_E176,S1A_IW_GRDH_1SDV_20230823T105721_20230823T105746_050002_0603FB_CC14,2023-08-23T10:57:21Z,107.83256,17.51036,1,0.42,10.7,,0.969,6.01,in_window,"107.8311,107.8333","17.5096,17.5108",2.92,low,88.67,True,
S1A_IW_GRDH_1SD_20230823_E182,S1A_IW_GRDH_1SDV_20230823T105721_20230823T105746_050002_0603FB_CC14,2023-08-23T10:57:21Z,109.07974,17.51151,1,0.32,95.7,,0.956,2.17,in_window,"109.0792,109.0798","17.5106,17.5128",0.54,low,86.11,True,
S1A_IW_GRDH_1SD_20230823_E183,S1A_IW_GRDH_1SDV_20230823T105721_20230823T105746_050002_0603FB_CC14,2023-08-23T10:57:21Z,108.03652,17.53672,1,0.45,0.0,,0.943,4.85,in_window,"108.0344,108.0386","17.5367,17.5367",15.33,low,108.7,True,
S1A_IW_GRDH_1SD_20230823_E186,S1A_IW_GRDH_1SDV_20230823T105721_20230823T105746_050002_0603FB_CC14,2023-08-23T10:57:21Z,107.8007,17.54572,1,0.33,0.0,,0.964,5.99,in_window,"107.7992,107.8022","17.5457,17.5457",1.89,low,88.04,True,
S1A_IW_GRDH_1SD_20230823_E188,S1A_IW_GRDH_1SDV_20230823T105721_20230823T105746_050002_0603FB_CC14,2023-08-23T10:57:21Z,108.19249,17.56866,6,3.53,179.9,1685.0,0.905,3.75,in_window,"108.1500,108.2273","17.5452,17.5827",26.22,medium,116.09,True,
S1A_IW_GRDH_1SD_20230823_E194,S1A_IW_GRDH_1SDV_20230823T105721_20230823T105746_050002_0603FB_CC14,2023-08-23T10:57:21Z,108.01439,17.56032,1,0.62,90.0,,0.913,4.86,in_window,"108.0144,108.0144","17.5575,17.5631",6.52,low,107.88,True,
S1A_IW_GRDH_1SD_20230823_E195,S1A_IW_GRDH_1SDV_20230823T105721_20230823T105746_050002_0603FB_CC14,2023-08-23T10:57:21Z,107.9718,17.56527,1,0.48,90.0,,0.92,5.07,in_window,"107.9718,107.9718","17.5631,17.5674",4.97,low,104.28,True,
S1A_IW_GRDH_1SD_20230823_E196,S1A_IW_GRDH_1SDV_20230823T105721_20230823T105746_050002_0603FB_CC14,2023-08-23T10:57:21Z,108.33969,17.57832,2,1.17,44.4,,0.973,3.23,in_window,"108.3353,108.3455","17.5759,17.5840",5.76,medium,108.98,True,
S1A_IW_GRDH_1SD_20230823_E197,S1A_IW_GRDH_1SDV_20230823T105721_20230823T105746_050002_0603FB_CC14,2023-08-23T10:57:21Z,107.59045,17.57237,1,0.48,89.9,,0.975,6.5,in_window,"107.5904,107.5906","17.5706,17.5742",11.32,low,73.29,True,
S1A_IW_GRDH_1SD_20230823_E198,S1A_IW_GRDH_1SDV_20230823T105721_20230823T105746_050002_0603FB_CC14,2023-08-23T10:57:21Z,108.26172,17.57345,1,0.42,89.5,,0.979,3.43,in_window,"108.2617,108.2619","17.5718,17.5753",3.2,low,112.52,True,
S1A_IW_GRDH_1SD_20230823_E203,S1A_IW_GRDH_1SDV_20230823T105721_20230823T105746_050002_0603FB_CC14,2023-08-23T10:57:21Z,107.8738,17.5755,1,0.5,89.8,,0.958,5.44,in_window,"107.8738,107.8740","17.5736,17.5775",1.45,low,96.21,True,
S1A_IW_GRDH_1SD_20230823_E205,S1A_IW_GRDH_1SDV_20230823T105721_20230823T105746_050002_0603FB_CC14,2023-08-23T10:57:21Z,108.88449,17.61608,1,0.39,0.2,,0.665,2.18,in_window,"108.8827,108.8862","17.6160,17.6161",7.57,low,79.77,True,
S1A_IW_GRDH_1SD_20230823_E209,S1A_IW_GRDH_1SDV_20230823T105721_20230823T105746_050002_0603FB_CC14,2023-08-23T10:57:21Z,107.79008,17.62329,1,0.58,89.9,,0.974,5.59,in_window,"107.7900,107.7901","17.6207,17.6258",5.57,low,92.38,True,
S1A_IW_GRDH_1SD_20230823_E213,S1A_IW_GRDH_1SDV_20230823T105721_20230823T105746_050002_0603FB_CC14,2023-08-23T10:57:21Z,108.2038,17.61765,4,2.34,135.4,965.0,0.877,3.54,in_window,"108.1874,108.2198","17.6033,17.6509",20.68,high,110.74,True,
S1A_IW_GRDH_1SD_20230823_E214,S1A_IW_GRDH_1SDV_20230823T105721_20230823T105746_050002_0603FB_CC14,2023-08-23T10:57:21Z,108.04897,17.60629,1,0.65,89.9,,0.974,4.45,in_window,"108.0489,108.0491","17.6038,17.6088",3.74,low,113.54,True,
S1A_IW_GRDH_1SD_20230823_E215,S1A_IW_GRDH_1SDV_20230823T105721_20230823T105746_050002_0603FB_CC14,2023-08-23T10:57:21Z,107.83828,17.61058,3,1.25,65.9,239.0,0.975,5.42,in_window,"107.8367,107.8407","17.6041,17.6146",2.68,high,95.45,True,
S1A_IW_GRDH_1SD_20230823_E220,S1A_IW_GRDH_1SDV_20230823T105721_20230823T105746_050002_0603FB_CC14,2023-08-23T10:57:21Z,107.87735,17.71352,6,2.58,89.0,272.0,0.966,4.72,in_window,"107.8623,107.9082","17.6432,17.7595",44.71,high,105.79,True,
S1A_IW_GRDH_1SD_20230823_E222,S1A_IW_GRDH_1SDV_20230823T105721_20230823T105746_050002_0603FB_CC14,2023-08-23T10:57:21Z,107.00734,17.64551,3,3.73,88.3,729.0,0.988,6.96,in_window,"107.0030,107.0139","17.6388,17.6539",11.6,high,41.77,True,
S1A_IW_GRDH_1SD_20230823_E223,S1A_IW_GRDH_1SDV_20230823T105721_20230823T105746_050002_0603FB_CC14,2023-08-23T10:57:21Z,107.0565,17.64218,3,1.14,90.1,,0.888,6.92,in_window,"107.0560,107.0570","17.6313,17.6532",3.98,medium,45.38,True,
S1A_IW_GRDH_1SD_20230823_E226,S1A_IW_GRDH_1SDV_20230823T105721_20230823T105746_050002_0603FB_CC14,2023-08-23T10:57:21Z,108.00821,17.64196,1,0.71,89.7,,0.967,4.51,in_window,"108.0082,108.0084","17.6391,17.6451",3.25,low,111.98,True,
S1A_IW_GRDH_1SD_20230823_E230,S1A_IW_GRDH_1SDV_20230823T105721_20230823T105746_050002_0603FB_CC14,2023-08-23T10:57:21Z,108.96777,17.64721,1,0.35,91.8,,0.98,1.96,low,"108.9677,108.9679","17.6459,17.6482",2.86,low,73.71,True,
S1A_IW_GRDH_1SD_20230823_E234,S1A_IW_GRDH_1SDV_20230823T105721_20230823T105746_050002_0603FB_CC14,2023-08-23T10:57:21Z,108.4753,17.67503,2,0.89,44.6,685.0,0.96,2.71,in_window,"108.4713,108.4766","17.6682,17.6835",4.6,medium,93.55,True,
S1A_IW_GRDH_1SD_20230823_E236,S1A_IW_GRDH_1SDV_20230823T105721_20230823T105746_050002_0603FB_CC14,2023-08-23T10:57:21Z,109.00687,17.67558,2,1.29,44.6,395.0,0.971,1.83,low,"109.0010,109.0088","17.6682,17.6829",5.42,low,69.63,True,
S1A_IW_GRDH_1SD_20230823_E237,S1A_IW_GRDH_1SDV_20230823T105721_20230823T105746_050002_0603FB_CC14,2023-08-23T10:57:21Z,108.04517,17.69987,3,1.41,89.5,141.0,0.966,4.05,in_window,"108.0443,108.0464","17.6712,17.7217",14.9,high,111.99,True,
S1A_IW_GRDH_1SD_20230823_E238,S1A_IW_GRDH_1SDV_20230823T105721_20230823T105746_050002_0603FB_CC14,2023-08-23T10:57:21Z,107.93799,17.66892,1,0.51,90.0,,0.892,4.67,in_window,"107.9380,107.9380","17.6666,17.6712",3.6,low,107.66,True,
S1A_IW_GRDH_1SD_20230823_E243,S1A_IW_GRDH_1SDV_20230823T105721_20230823T105746_050002_0603FB_CC14,2023-08-23T10:57:21Z,107.97431,17.68262,2,0.89,135.7,395.0,0.979,4.47,in_window,"107.9708,107.9761","17.6798,17.6836",4.11,medium,111.62,True,
S1A_IW_GRDH_1SD_20230823_E244,S1A_IW_GRDH_1SDV_20230823T105721_20230823T105746_050002_0603FB_CC14,2023-08-23T10:57:21Z,108.00819,17.69197,1,0.36,89.1,,0.974,4.3,in_window,"108.0080,108.0082","17.6905,17.6933",1.84,low,115.06,True,
S1A_IW_GRDH_1SD_20230823_E245,S1A_IW_GRDH_1SDV_20230823T105721_20230823T105746_050002_0603FB_CC14,2023-08-23T10:57:21Z,108.19261,17.68235,2,0.68,42.4,151.0,0.983,3.39,in_window,"108.1908,108.1958","17.6818,17.6840",2.36,medium,105.03,True,
S1A_IW_GRDH_1SD_20230823_E247,S1A_IW_GRDH_1SDV_20230823T105721_20230823T105746_050002_0603FB_CC14,2023-08-23T10:57:21Z,108.44077,17.73003,2,0.75,44.5,,0.972,2.61,in_window,"108.4378,108.4457","17.7099,17.7527",6.45,medium,89.66,True,
S1A_IW_GRDH_1SD_20230823_E249,S1A_IW_GRDH_1SDV_20230823T105721_20230823T105746_050002_0603FB_CC14,2023-08-23T10:57:21Z,107.94765,17.7534,12,16.32,93.8,389.0,0.981,4.24,in_window,"107.9361,108.0112","17.7156,17.8240",31.68,high,114.08,True,
S1A_IW_GRDH_1SD_20230823_E256,S1A_IW_GRDH_1SDV_20230823T105721_20230823T105746_050002_0603FB_CC14,2023-08-23T10:57:21Z,108.65408,17.74193,1,0.48,90.0,,0.95,2.21,in_window,"108.6541,108.6541","17.7398,17.7441",1.57,low,77.75,True,
S1A_IW_GRDH_1SD_20230823_E259,S1A_IW_GRDH_1SDV_20230823T105721_20230823T105746_050002_0603FB_CC14,2023-08-23T10:57:21Z,108.36426,17.75378,1,0.32,90.0,,0.946,2.7,in_window,"108.3643,108.3643","17.7524,17.7552",4.45,low,89.96,True,
S1A_IW_GRDH_1SD_20230823_E263,S1A_IW_GRDH_1SDV_20230823T105721_20230823T105746_050002_0603FB_CC14,2023-08-23T10:57:21Z,108.2257,17.75462,1,0.32,1.4,,0.969,3.04,in_window,"108.2243,108.2268","17.7544,17.7547",2.62,low,96.39,True,
S1A_IW_GRDH_1SD_20230823_E269,S1A_IW_GRDH_1SDV_20230823T105721_20230823T105746_050002_0603FB_CC14,2023-08-23T10:57:21Z,107.83967,17.79114,1,0.43,90.2,,0.989,4.49,in_window,"107.8395,107.8397","17.7896,17.7927",4.08,low,108.8,True,
S1A_IW_GRDH_1SD_20230823_E272,S1A_IW_GRDH_1SDV_20230823T105721_20230823T105746_050002_0603FB_CC14,2023-08-23T10:57:21Z,108.93554,17.7852,3,1.09,65.5,279.0,0.972,1.63,low,"108.9319,108.9386","17.7821,17.7889",2.16,low,60.44,True,
S1A_IW_GRDH_1SD_20230823_E274,S1A_IW_GRDH_1SDV_20230823T105721_20230823T105746_050002_0603FB_CC14,2023-08-23T10:57:21Z,108.58466,17.78806,1,0.3,84.1,,0.961,2.21,in_window,"108.5842,108.5849","17.7870,17.7890",0.54,low,76.88,True,
S1A_IW_GRDH_1SD_20230823_E279,S1A_IW_GRDH_1SDV_20230823T105721_20230823T105746_050002_0603FB_CC14,2023-08-23T10:57:21Z,107.91924,17.82033,2,0.92,44.5,2601.0,0.874,4.05,in_window,"107.9084,107.9409","17.8165,17.8226",14.16,medium,110.97,False,blob_invalid
S1A_IW_GRDH_1SD_20230823_E281,S1A_IW_GRDH_1SDV_20230823T105721_20230823T105746_050002_0603FB_CC14,2023-08-23T10:57:21Z,109.0439,17.81459,1,0.49,90.1,,0.976,1.44,low,"109.0439,109.0440","17.8129,17.8163",3.44,low,53.78,True,
S1A_IW_GRDH_1SD_20230823_E284,S1A_IW_GRDH_1SDV_20230823T105721_20230823T105746_050002_0603FB_CC14,2023-08-23T10:57:21Z,107.72707,17.84422,1,0.93,90.0,,0.947,4.66,in_window,"107.7271,107.7271","17.8400,17.8484",4.61,low,105.49,True,
S1A_IW_GRDH_1SD_20230823_E286,S1A_IW_GRDH_1SDV_20230823T105721_20230823T105746_050002_0603FB_CC14,2023-08-23T10:57:21Z,108.12002,17.85992,2,0.69,90.7,,0.984,3.11,in_window,"108.1198,108.1201","17.8569,17.8633",2.9,medium,93.29,True,
S1A_IW_GRDH_1SD_20230823_E289,S1A_IW_GRDH_1SDV_20230823T105721_20230823T105746_050002_0603FB_CC14,2023-08-23T10:57:21Z,108.08815,17.85077,1,0.31,88.9,,0.978,3.25,in_window,"108.0881,108.0883","17.8498,17.8519",3.03,low,96.23,True,
S1A_IW_GRDH_1SD_20230823_E290,S1A_IW_GRDH_1SDV_20230823T105721_20230823T105746_050002_0603FB_CC14,2023-08-23T10:57:21Z,109.10128,17.8521,1,0.38,0.2,,0.955,1.36,low,"109.0996,109.1029","17.8520,17.8521",6.96,low,48.6,True,
S1A_IW_GRDH_1SD_20230823_E291,S1A_IW_GRDH_1SDV_20230823T105721_20230823T105746_050002_0603FB_CC14,2023-08-23T10:57:21Z,108.69197,17.85531,1,0.41,161.9,,0.96,1.83,low,"108.6904,108.6928","17.8551,17.8563",2.58,low,64.81,True,
S1A_IW_GRDH_1SD_20230823_E297,S1A_IW_GRDH_1SDV_20230823T105721_20230823T105746_050002_0603FB_CC14,2023-08-23T10:57:21Z,107.94268,17.89131,1,0.35,90.8,,0.99,3.64,in_window,"107.9425,107.9427","17.8901,17.8926",3.92,low,103.86,True,
S1A_IW_GRDH_1SD_20230823_E309,S1A_IW_GRDH_1SDV_20230823T105721_20230823T105746_050002_0603FB_CC14,2023-08-23T10:57:21Z,108.78352,17.94259,1,0.3,90.0,,0.748,1.38,low,"108.7835,108.7835","17.9413,17.9439",4.0,low,51.87,True,
S1A_IW_GRDH_1SD_20230823_E313,S1A_IW_GRDH_1SDV_20230823T105721_20230823T105746_050002_0603FB_CC14,2023-08-23T10:57:21Z,107.51353,17.95958,1,0.33,162.5,,0.99,4.93,in_window,"107.5123,107.5142","17.9594,17.9604",1.22,low,102.29,True,
S1A_IW_GRDH_1SD_20230823_E316,S1A_IW_GRDH_1SDV_20230823T105721_20230823T105746_050002_0603FB_CC14,2023-08-23T10:57:21Z,107.27345,17.97066,1,0.5,90.0,,0.963,5.45,in_window,"107.2735,107.2735","17.9684,17.9729",2.63,low,78.35,True,
S1A_IW_GRDH_1SD_20230823_E317,S1A_IW_GRDH_1SDV_20230823T105721_20230823T105746_050002_0603FB_CC14,2023-08-23T10:57:21Z,109.02718,18.02872,4,2.75,41.2,1642.0,0.961,1.07,low,"108.9942,109.1067","17.9869,18.0402",27.41,low,31.96,True,
S1A_IW_GRDH_1SD_20230823_E319,S1A_IW_GRDH_1SDV_20230823T105721_20230823T105746_050002_0603FB_CC14,2023-08-23T10:57:21Z,109.15681,18.00351,5,4.73,105.3,1257.0,0.95,1.32,low,"109.1423,109.1828","17.9885,18.0291",20.67,low,31.44,True,
S1A_IW_GRDH_1SD_20230823_E321,S1A_IW_GRDH_1SDV_20230823T105721_20230823T105746_050002_0603FB_CC14,2023-08-23T10:57:21Z,107.02096,17.99701,1,0.32,90.0,,0.971,5.96,in_window,"107.0210,107.0210","17.9956,17.9984",1.06,low,52.17,True,
S1A_IW_GRDH_1SD_20230823_E327,S1A_IW_GRDH_1SDV_20230823T105721_20230823T105746_050002_0603FB_CC14,2023-08-23T10:57:21Z,108.40086,18.03076,1,0.36,88.9,,0.984,1.99,low,"108.4008,108.4010","18.0295,18.0323",5.61,low,60.78,True,
S1A_IW_GRDH_1SD_20230823_E333,S1A_IW_GRDH_1SDV_20230823T105721_20230823T105746_050002_0603FB_CC14,2023-08-23T10:57:21Z,109.21864,18.06183,2,0.84,89.5,,0.989,1.37,low,"109.2186,109.2188","18.0571,18.0664",1.08,low,25.47,True,
S1A_IW_GRDH_1SD_20230823_E336,S1A_IW_GRDH_1SDV_20230823T105721_20230823T105746_050002_0603FB_CC14,2023-08-23T10:57:21Z,106.98252,18.06404,2,0.81,137.4,419.0,0.975,5.59,in_window,"106.9787,106.9846","18.0614,18.0651",2.26,medium,49.53,True,
S1A_IW_GRDH_1SD_20230823_E337,S1A_IW_GRDH_1SDV_20230823T105721_20230823T105746_050002_0603FB_CC14,2023-08-23T10:57:21Z,109.14885,18.06375,2,0.79,92.2,,0.975,1.22,low,"109.1483,109.1491","18.0608,18.0665",1.07,low,24.82,True,
S1A_IW_GRDH_1SD_20230823_E338,S1A_IW_GRDH_1SDV_20230823T105721_20230823T105746_050002_0603FB_CC14,2023-08-23T10:57:21Z,109.05144,18.0975,1,0.52,179.9,,0.991,1.05,low,"109.0490,109.0537","18.0975,18.0976",7.02,low,24.04,True,
S1A_IW_GRDH_1SD_20230823_E341,S1A_IW_GRDH_1SDV_20230823T105721_20230823T105746_050002_0603FB_CC14,2023-08-23T10:57:21Z,108.95199,18.12754,2,1.14,135.9,1568.0,0.98,0.91,low,"108.9458,108.9580","18.1243,18.1377",24.47,low,26.97,True,
S1A_IW_GRDH_1SD_20230823_E342,S1A_IW_GRDH_1SDV_20230823T105721_20230823T105746_050002_0603FB_CC14,2023-08-23T10:57:21Z,109.21882,18.10064,1,0.42,90.5,,0.996,1.31,low,"109.2187,109.2188","18.0992,18.1022",1.37,low,21.28,True,
S1A_IW_GRDH_1SD_20230823_E343,S1A_IW_GRDH_1SDV_20230823T105721_20230823T105746_050002_0603FB_CC14,2023-08-23T10:57:21Z,107.23259,18.10246,1,0.37,88.8,,0.982,4.86,in_window,"107.2324,107.2326","18.1011,18.1036",2.01,low,75.95,True,
S1A_IW_GRDH_1SD_20230823_E348,S1A_IW_GRDH_1SDV_20230823T105721_20230823T105746_050002_0603FB_CC14,2023-08-23T10:57:21Z,108.29593,18.11072,1,0.63,92.1,,0.69,2.2,in_window,"108.2957,108.2965","18.1081,18.1128",0.76,low,60.35,True,
S1A_IW_GRDH_1SD_20230823_E352,S1A_IW_GRDH_1SDV_20230823T105721_20230823T105746_050002_0603FB_CC14,2023-08-23T10:57:21Z,107.41321,18.1298,1,0.37,89.5,,0.967,4.4,in_window,"107.4130,107.4132","18.1284,18.1311",1.41,low,95.05,True,
S1A_IW_GRDH_1SD_20230823_E359,S1A_IW_GRDH_1SDV_20230823T105721_20230823T105746_050002_0603FB_CC14,2023-08-23T10:57:21Z,107.43469,18.21922,11,8.44,180.0,702.0,0.929,4.06,in_window,"107.4169,107.4751","18.1768,18.2476",38.21,high,99.74,True,
S1A_IW_GRDH_1SD_20230823_E361,S1A_IW_GRDH_1SDV_20230823T105721_20230823T105746_050002_0603FB_CC14,2023-08-23T10:57:21Z,108.1721,18.17673,1,0.71,90.0,,0.634,2.43,in_window,"108.1721,108.1721","18.1735,18.1799",3.71,low,65.41,True,
S1A_IW_GRDH_1SD_20230823_E366,S1A_IW_GRDH_1SDV_20230823T105721_20230823T105746_050002_0603FB_CC14,2023-08-23T10:57:21Z,108.26125,18.18938,1,0.7,90.0,,0.849,2.28,in_window,"108.2613,108.2613","18.1862,18.1925",3.86,low,57.11,True,
S1A_IW_GRDH_1SD_20230823_E372,S1A_IW_GRDH_1SDV_20230823T105721_20230823T105746_050002_0603FB_CC14,2023-08-23T10:57:21Z,107.12309,18.24094,1,0.31,177.5,,0.985,4.45,in_window,"107.1218,107.1241","18.2408,18.2413",4.73,low,70.39,True,
S1A_IW_GRDH_1SD_20230823_E375,S1A_IW_GRDH_1SDV_20230823T105721_20230823T105746_050002_0603FB_CC14,2023-08-23T10:57:21Z,107.09151,18.23861,1,0.66,85.8,,0.984,4.5,in_window,"107.0913,107.0924","18.2367,18.2412",1.26,low,67.35,True,
S1A_IW_GRDH_1SD_20230823_E001,S1A_IW_GRDH_1SDV_20230823T105746_20230823T105811_050002_0603FB_9995,2023-08-23T10:57:46Z,107.60308,18.28357,1,0.54,93.4,,0.966,3.59,in_window,"107.6030,107.6037","18.2816,18.2851",1.61,low,115.69,True,
S1A_IW_GRDH_1SD_20230823_E002,S1A_IW_GRDH_1SDV_20230823T105746_20230823T105811_050002_0603FB_9995,2023-08-23T10:57:46Z,108.57318,18.28505,2,0.95,90.0,,0.99,1.57,low,"108.5728,108.5735","18.2790,18.2915",10.02,low,27.44,True,
S1A_IW_GRDH_1SD_20230823_E006,S1A_IW_GRDH_1SDV_20230823T105746_20230823T105811_050002_0603FB_9995,2023-08-23T10:57:46Z,107.2026,18.29295,1,0.67,5.5,,0.977,4.12,in_window,"107.2010,107.2052","18.2923,18.2943",1.75,low,80.43,True,
S1A_IW_GRDH_1SD_20230823_E013,S1A_IW_GRDH_1SDV_20230823T105746_20230823T105811_050002_0603FB_9995,2023-08-23T10:57:46Z,107.02612,18.31701,1,0.3,90.0,,0.988,4.14,in_window,"107.0261,107.0261","18.3157,18.3183",1.36,low,65.45,True,
S1A_IW_GRDH_1SD_20230823_E014,S1A_IW_GRDH_1SDV_20230823T105746_20230823T105811_050002_0603FB_9995,2023-08-23T10:57:46Z,107.21016,18.32669,1,0.38,0.0,,0.984,4.01,in_window,"107.2084,107.2119","18.3267,18.3267",2.12,low,82.94,True,
S1A_IW_GRDH_1SD_20230823_E030,S1A_IW_GRDH_1SDV_20230823T105746_20230823T105811_050002_0603FB_9995,2023-08-23T10:57:46Z,106.95943,18.36103,1,0.32,172.8,,0.98,3.85,in_window,"106.9585,106.9608","18.3605,18.3611",1.85,low,60.84,True,
S1A_IW_GRDH_1SD_20230823_E032,S1A_IW_GRDH_1SDV_20230823T105746_20230823T105811_050002_0603FB_9995,2023-08-23T10:57:46Z,107.16993,18.36407,1,0.31,91.5,,0.995,3.89,in_window,"107.1697,107.1700","18.3632,18.3651",1.33,low,81.37,True,
S1A_IW_GRDH_1SD_20230823_E038,S1A_IW_GRDH_1SDV_20230823T105746_20230823T105811_050002_0603FB_9995,2023-08-23T10:57:46Z,106.6703,18.39178,2,1.11,90.0,,0.958,3.12,in_window,"106.6701,106.6707","18.3823,18.4052",3.7,medium,38.56,True,
S1A_IW_GRDH_1SD_20230823_E042,S1A_IW_GRDH_1SDV_20230823T105746_20230823T105811_050002_0603FB_9995,2023-08-23T10:57:46Z,107.53325,18.40209,1,0.32,91.0,,0.99,3.57,in_window,"107.5331,107.5333","18.4011,18.4032",1.37,low,116.76,True,
S1A_IW_GRDH_1SD_20230823_E044,S1A_IW_GRDH_1SDV_20230823T105746_20230823T105811_050002_0603FB_9995,2023-08-23T10:57:46Z,107.71174,18.40417,1,0.69,89.6,,0.98,3.34,in_window,"107.7116,107.7118","18.4015,18.4066",1.45,low,101.99,True,
S1A_IW_GRDH_1SD_20230823_E045,S1A_IW_GRDH_1SDV_20230823T105746_20230823T105811_050002_0603FB_9995,2023-08-23T10:57:46Z,106.88715,18.39651,1,0.38,68.3,,0.991,3.54,in_window,"106.8868,106.8882","18.3959,18.3978",0.53,low,56.12,True,
S1A_IW_GRDH_1SD_20230823_E046,S1A_IW_GRDH_1SDV_20230823T105746_20230823T105811_050002_0603FB_9995,2023-08-23T10:57:46Z,107.09903,18.3964,1,0.34,56.2,,0.981,3.79,in_window,"107.0987,107.1000","18.3960,18.3973",1.02,low,75.75,True,
S1A_IW_GRDH_1SD_20230823_E050,S1A_IW_GRDH_1SDV_20230823T105746_20230823T105811_050002_0603FB_9995,2023-08-23T10:57:46Z,108.45563,18.39962,1,0.41,89.6,,0.965,2.07,in_window,"108.4555,108.4557","18.3982,18.4009",0.43,low,27.18,True,
S1A_IW_GRDH_1SD_20230823_E056,S1A_IW_GRDH_1SDV_20230823T105746_20230823T105811_050002_0603FB_9995,2023-08-23T10:57:46Z,108.24505,18.44089,1,0.36,89.9,,0.967,2.57,in_window,"108.2449,108.2451","18.4396,18.4422",1.67,low,46.33,True,
S1A_IW_GRDH_1SD_20230823_E059,S1A_IW_GRDH_1SDV_20230823T105746_20230823T105811_050002_0603FB_9995,2023-08-23T10:57:46Z,107.81733,18.45787,2,1.16,90.0,,0.956,3.16,in_window,"107.8170,107.8179","18.4508,18.4660",5.81,medium,90.26,True,
S1A_IW_GRDH_1SD_20230823_E061,S1A_IW_GRDH_1SDV_20230823T105746_20230823T105811_050002_0603FB_9995,2023-08-23T10:57:46Z,107.34359,18.46199,1,0.46,89.9,,0.963,3.65,in_window,"107.3434,107.3436","18.4601,18.4638",2.88,low,102.16,True,
S1A_IW_GRDH_1SD_20230823_E062,S1A_IW_GRDH_1SDV_20230823T105746_20230823T105811_050002_0603FB_9995,2023-08-23T10:57:46Z,108.58897,18.4571,1,0.38,90.0,,0.558,1.78,low,"108.5890,108.5890","18.4554,18.4588",1.02,low,11.92,False,nearshore
S1A_IW_GRDH_1SD_20230823_E071,S1A_IW_GRDH_1SDV_20230823T105746_20230823T105811_050002_0603FB_9995,2023-08-23T10:57:46Z,108.51895,18.5149,3,1.29,89.7,,0.982,2.13,in_window,"108.5188,108.5195","18.5024,18.5228",14.54,medium,16.67,False,nearshore
S1A_IW_GRDH_1SD_20230823_E074,S1A_IW_GRDH_1SDV_20230823T105746_20230823T105811_050002_0603FB_9995,2023-08-23T10:57:46Z,106.611,18.48102,1,0.31,90.0,,0.645,3.12,in_window,"106.6110,106.6110","18.4797,18.4824",0.74,low,43.61,True,
S1A_IW_GRDH_1SD_20230823_E077,S1A_IW_GRDH_1SDV_20230823T105746_20230823T105811_050002_0603FB_9995,2023-08-23T10:57:46Z,106.84776,18.4936,1,0.3,101.9,,0.954,3.37,in_window,"106.8475,106.8484","18.4927,18.4942",0.41,low,59.5,True,
S1A_IW_GRDH_1SD_20230823_E078,S1A_IW_GRDH_1SDV_20230823T105746_20230823T105811_050002_0603FB_9995,2023-08-23T10:57:46Z,107.67421,18.50266,1,0.34,90.9,,0.987,3.39,in_window,"107.6741,107.6742","18.5016,18.5039",2.31,low,104.75,True,
S1A_IW_GRDH_1SD_20230823_E082,S1A_IW_GRDH_1SDV_20230823T105746_20230823T105811_050002_0603FB_9995,2023-08-23T10:57:46Z,106.91821,18.50521,1,0.38,89.3,,0.914,3.48,in_window,"106.9180,106.9184","18.5037,18.5067",0.24,low,65.86,True,
S1A_IW_GRDH_1SD_20230823_E084,S1A_IW_GRDH_1SDV_20230823T105746_20230823T105811_050002_0603FB_9995,2023-08-23T10:57:46Z,106.77296,18.53233,1,0.36,90.0,,0.98,3.34,in_window,"106.7730,106.7730","18.5308,18.5339",1.13,low,57.4,True,
S1A_IW_GRDH_1SD_20230823_E085,S1A_IW_GRDH_1SDV_20230823T105746_20230823T105811_050002_0603FB_9995,2023-08-23T10:57:46Z,107.78219,18.53713,2,0.71,73.6,125.0,0.98,3.26,in_window,"107.7809,107.7824","18.5349,18.5399",1.98,medium,93.32,True,
S1A_IW_GRDH_1SD_20230823_E094,S1A_IW_GRDH_1SDV_20230823T105746_20230823T105811_050002_0603FB_9995,2023-08-23T10:57:46Z,108.15381,18.57807,2,1.04,90.1,,0.848,2.81,in_window,"108.1536,108.1540","18.5663,18.5931",2.65,medium,54.48,True,
S1A_IW_GRDH_1SD_20230823_E099,S1A_IW_GRDH_1SDV_20230823T105746_20230823T105811_050002_0603FB_9995,2023-08-23T10:57:46Z,108.06855,18.59377,1,0.53,90.0,,0.977,2.87,in_window,"108.0685,108.0685","18.5914,18.5962",3.52,low,63.49,True,
S1A_IW_GRDH_1SD_20230823_E100,S1A_IW_GRDH_1SDV_20230823T105746_20230823T105811_050002_0603FB_9995,2023-08-23T10:57:46Z,107.99936,18.60345,1,0.32,89.5,,0.976,2.91,in_window,"107.9992,107.9994","18.6022,18.6046",2.54,low,70.55,True,
S1A_IW_GRDH_1SD_20230823_E101,S1A_IW_GRDH_1SDV_20230823T105746_20230823T105811_050002_0603FB_9995,2023-08-23T10:57:46Z,108.49663,18.60237,1,0.44,89.6,,0.982,2.38,in_window,"108.4965,108.4967","18.6008,18.6040",3.86,low,19.29,False,nearshore
S1A_IW_GRDH_1SD_20230823_E102,S1A_IW_GRDH_1SDV_20230823T105746_20230823T105811_050002_0603FB_9995,2023-08-23T10:57:46Z,108.02897,18.60048,1,0.37,90.0,,0.974,2.89,in_window,"108.0290,108.0290","18.5989,18.6021",1.61,low,67.67,True,
S1A_IW_GRDH_1SD_20230823_E109,S1A_IW_GRDH_1SDV_20230823T105746_20230823T105811_050002_0603FB_9995,2023-08-23T10:57:46Z,107.1093,18.62359,1,0.34,90.0,,0.853,3.65,in_window,"107.1093,107.1093","18.6221,18.6251",5.43,low,89.64,True,
S1A_IW_GRDH_1SD_20230823_E110,S1A_IW_GRDH_1SDV_20230823T105746_20230823T105811_050002_0603FB_9995,2023-08-23T10:57:46Z,107.85369,18.63401,1,0.31,91.7,,0.964,3.18,in_window,"107.8537,107.8538","18.6328,18.6350",1.96,low,83.96,True,
S1A_IW_GRDH_1SD_20230823_E115,S1A_IW_GRDH_1SDV_20230823T105746_20230823T105811_050002_0603FB_9995,2023-08-23T10:57:46Z,107.19977,18.64206,1,0.38,90.0,,0.98,3.65,in_window,"107.1998,107.1999","18.6407,18.6435",0.48,low,98.44,True,
S1A_IW_GRDH_1SD_20230823_E128,S1A_IW_GRDH_1SDV_20230823T105746_20230823T105811_050002_0603FB_9995,2023-08-23T10:57:46Z,107.16481,18.71726,1,0.35,90.8,,0.98,3.71,in_window,"107.1647,107.1648","18.7161,18.7186",1.31,low,100.7,True,
S1A_IW_GRDH_1SD_20230823_E135,S1A_IW_GRDH_1SDV_20230823T105746_20230823T105811_050002_0603FB_9995,2023-08-23T10:57:46Z,107.53298,18.73741,1,0.31,85.8,,0.977,3.49,in_window,"107.5327,107.5335","18.7366,18.7384",0.42,low,114.78,True,
S1A_IW_GRDH_1SD_20230823_E136,S1A_IW_GRDH_1SDV_20230823T105746_20230823T105811_050002_0603FB_9995,2023-08-23T10:57:46Z,107.70614,18.74112,2,0.8,82.9,104.0,0.987,3.39,in_window,"107.7059,107.7074","18.7372,18.7447",2.22,medium,96.74,True,
S1A_IW_GRDH_1SD_20230823_E143,S1A_IW_GRDH_1SDV_20230823T105746_20230823T105811_050002_0603FB_9995,2023-08-23T10:57:46Z,108.46369,18.76157,1,0.35,90.0,,0.86,2.85,in_window,"108.4637,108.4637","18.7600,18.7631",4.05,low,19.0,False,nearshore
S1A_IW_GRDH_1SD_20230823_E144,S1A_IW_GRDH_1SDV_20230823T105746_20230823T105811_050002_0603FB_9995,2023-08-23T10:57:46Z,108.13808,18.77092,1,0.31,90.2,,0.983,3.15,in_window,"108.1379,108.1381","18.7697,18.7722",4.33,low,51.55,True,
S1A_IW_GRDH_1SD_20230823_E145,S1A_IW_GRDH_1SDV_20230823T105746_20230823T105811_050002_0603FB_9995,2023-08-23T10:57:46Z,107.77712,18.77551,1,0.31,85.0,,0.978,3.35,in_window,"107.7769,107.7775","18.7745,18.7765",2.46,low,88.95,True,
S1A_IW_GRDH_1SD_20230823_E147,S1A_IW_GRDH_1SDV_20230823T105746_20230823T105811_050002_0603FB_9995,2023-08-23T10:57:46Z,107.88102,18.77634,1,0.31,179.1,,0.978,3.24,in_window,"107.8798,107.8824","18.7762,18.7763",1.6,low,78.12,True,
S1A_IW_GRDH_1SD_20230823_E148,S1A_IW_GRDH_1SDV_20230823T105746_20230823T105811_050002_0603FB_9995,2023-08-23T10:57:46Z,108.53511,18.77402,1,0.43,89.5,,0.946,2.66,in_window,"108.5351,108.5353","18.7723,18.7759",0.58,low,11.84,False,nearshore
S1A_IW_GRDH_1SD_20230823_E154,S1A_IW_GRDH_1SDV_20230823T105746_20230823T105811_050002_0603FB_9995,2023-08-23T10:57:46Z,108.2798,18.80044,1,0.34,90.0,,0.935,3.2,in_window,"108.2798,108.2798","18.7990,18.8019",1.58,low,36.39,True,
S1A_IW_GRDH_1SD_20230823_E156,S1A_IW_GRDH_1SDV_20230823T105746_20230823T105811_050002_0603FB_9995,2023-08-23T10:57:46Z,108.38952,18.81689,2,0.8,90.2,110.0,0.982,3.06,in_window,"108.3891,108.3902","18.8005,18.8304",8.86,medium,24.77,True,
S1A_IW_GRDH_1SD_20230823_E157,S1A_IW_GRDH_1SDV_20230823T105746_20230823T105811_050002_0603FB_9995,2023-08-23T10:57:46Z,108.06351,18.81563,1,0.31,99.0,,0.991,3.2,in_window,"108.0634,108.0641","18.8145,18.8163",3.2,low,58.73,True,
S1A_IW_GRDH_1SD_20230823_E163,S1A_IW_GRDH_1SDV_20230823T105746_20230823T105811_050002_0603FB_9995,2023-08-23T10:57:46Z,107.74825,18.81778,1,0.57,89.5,,0.98,3.4,in_window,"107.7481,107.7483","18.8154,18.8199",0.91,low,91.66,True,
S1A_IW_GRDH_1SD_20230823_E164,S1A_IW_GRDH_1SDV_20230823T105746_20230823T105811_050002_0603FB_9995,2023-08-23T10:57:46Z,108.46379,18.83666,1,1.15,90.0,,0.983,3.02,in_window,"108.4638,108.4638","18.8315,18.8418",6.82,low,16.8,False,nearshore
S1A_IW_GRDH_1SD_20230823_E165,S1A_IW_GRDH_1SDV_20230823T105746_20230823T105811_050002_0603FB_9995,2023-08-23T10:57:46Z,108.56367,18.85279,1,0.3,90.0,,0.981,2.68,in_window,"108.5637,108.5637","18.8515,18.8541",7.66,low,6.31,False,nearshore
S1A_IW_GRDH_1SD_20230823_E175,S1A_IW_GRDH_1SDV_20230823T105746_20230823T105811_050002_0603FB_9995,2023-08-23T10:57:46Z,107.45777,18.88031,1,0.31,77.3,,0.966,3.58,in_window,"107.4575,107.4584","18.8796,18.8814",2.58,low,122.03,True,
S1A_IW_GRDH_1SD_20230823_E177,S1A_IW_GRDH_1SDV_20230823T105746_20230823T105811_050002_0603FB_9995,2023-08-23T10:57:46Z,108.42236,18.87288,1,0.35,89.4,,0.994,3.16,in_window,"108.4223,108.4225","18.8717,18.8742",2.49,low,21.24,True,
S1A_IW_GRDH_1SD_20230823_E178,S1A_IW_GRDH_1SDV_20230823T105746_20230823T105811_050002_0603FB_9995,2023-08-23T10:57:46Z,108.27726,18.87947,2,0.77,91.0,152.0,0.979,3.37,in_window,"108.2763,108.2781","18.8756,18.8835",1.01,medium,36.41,True,
S1A_IW_GRDH_1SD_20230823_E179,S1A_IW_GRDH_1SDV_20230823T105746_20230823T105811_050002_0603FB_9995,2023-08-23T10:57:46Z,106.61137,18.87995,1,0.39,90.0,,0.751,4.17,in_window,"106.6114,106.6114","18.8782,18.8817",0.35,low,82.03,True,
S1A_IW_GRDH_1SD_20230823_E181,S1A_IW_GRDH_1SDV_20230823T105746_20230823T105811_050002_0603FB_9995,2023-08-23T10:57:46Z,108.36947,18.9526,4,2.68,90.0,,0.933,3.43,in_window,"108.3480,108.3855","18.9225,18.9833",37.58,medium,28.7,True,
S1A_IW_GRDH_1SD_20230823_E185,S1A_IW_GRDH_1SDV_20230823T105746_20230823T105811_050002_0603FB_9995,2023-08-23T10:57:46Z,108.06845,18.91653,2,1.05,90.2,368.0,0.966,3.4,in_window,"108.0674,108.0711","18.9027,18.9444",10.34,medium,58.58,True,
S1A_IW_GRDH_1SD_20230823_E190,S1A_IW_GRDH_1SDV_20230823T105746_20230823T105811_050002_0603FB_9995,2023-08-23T10:57:46Z,108.38749,18.91459,1,0.35,176.7,,0.974,3.3,in_window,"108.3860,108.3884","18.9143,18.9151",1.92,low,25.74,True,
S1A_IW_GRDH_1SD_20230823_E191,S1A_IW_GRDH_1SDV_20230823T105746_20230823T105811_050002_0603FB_9995,2023-08-23T10:57:46Z,107.70351,18.9216,2,0.79,133.9,805.0,0.983,3.47,in_window,"107.7025,107.7062","18.9160,18.9267",2.47,medium,96.61,True,
S1A_IW_GRDH_1SD_20230823_E194,S1A_IW_GRDH_1SDV_20230823T105746_20230823T105811_050002_0603FB_9995,2023-08-23T10:57:46Z,106.77702,18.91388,1,0.51,91.6,,0.978,4.16,in_window,"106.7770,106.7773","18.9120,18.9154",1.44,low,94.44,True,
S1A_IW_GRDH_1SD_20230823_E195,S1A_IW_GRDH_1SDV_20230823T105746_20230823T105811_050002_0603FB_9995,2023-08-23T10:57:46Z,108.28227,18.91327,1,0.39,90.8,,0.989,3.44,in_window,"108.2822,108.2824","18.9120,18.9144",0.53,low,36.43,True,
S1A_IW_GRDH_1SD_20230823_E199,S1A_IW_GRDH_1SDV_20230823T105746_20230823T105811_050002_0603FB_9995,2023-08-23T10:57:46Z,107.85261,18.95313,1,0.3,90.3,,0.971,3.45,in_window,"107.8524,107.8526","18.9520,18.9543",1.91,low,81.45,True,
S1A_IW_GRDH_1SD_20230823_E201,S1A_IW_GRDH_1SDV_20230823T105746_20230823T105811_050002_0603FB_9995,2023-08-23T10:57:46Z,107.13469,18.94857,1,0.61,88.8,,0.977,3.93,in_window,"107.1342,107.1349","18.9463,18.9503",1.86,low,116.97,True,
S1A_IW_GRDH_1SD_20230823_E210,S1A_IW_GRDH_1SDV_20230823T105746_20230823T105811_050002_0603FB_9995,2023-08-23T10:57:46Z,107.31794,18.97818,2,0.67,89.7,,0.993,3.77,in_window,"107.3179,107.3181","18.9751,18.9815",2.58,medium,132.15,True,
S1A_IW_GRDH_1SD_20230823_E211,S1A_IW_GRDH_1SDV_20230823T105746_20230823T105811_050002_0603FB_9995,2023-08-23T10:57:46Z,108.42196,18.98997,2,0.68,90.3,,0.98,3.48,in_window,"108.4218,108.4223","18.9859,18.9940",4.9,medium,22.97,True,
S1A_IW_GRDH_1SD_20230823_E214,S1A_IW_GRDH_1SDV_20230823T105746_20230823T105811_050002_0603FB_9995,2023-08-23T10:57:46Z,107.60047,18.98357,2,1.0,53.0,234.0,0.987,3.54,in_window,"107.5986,107.6026","18.9804,18.9859",1.26,medium,106.95,True,
S1A_IW_GRDH_1SD_20230823_E217,S1A_IW_GRDH_1SDV_20230823T105746_20230823T105811_050002_0603FB_9995,2023-08-23T10:57:46Z,108.19998,18.99446,1,0.31,90.0,,0.975,3.64,in_window,"108.2000,108.2000","18.9931,18.9958",4.76,low,45.03,True,
S1A_IW_GRDH_1SD_20230823_E221,S1A_IW_GRDH_1SDV_20230823T105746_20230823T105811_050002_0603FB_9995,2023-08-23T10:57:46Z,107.43518,18.99597,2,0.73,90.6,,0.904,3.65,in_window,"107.4348,107.4356","18.9930,18.9990",1.19,medium,123.99,True,
S1A_IW_GRDH_1SD_20230823_E223,S1A_IW_GRDH_1SDV_20230823T105746_20230823T105811_050002_0603FB_9995,2023-08-23T10:57:46Z,107.24194,19.01582,1,0.33,88.3,,0.982,3.87,in_window,"107.2418,107.2421","19.0145,19.0171",1.45,low,129.86,True,
S1A_IW_GRDH_1SD_20230823_E224,S1A_IW_GRDH_1SDV_20230823T105746_20230823T105811_050002_0603FB_9995,2023-08-23T10:57:46Z,107.8489,19.03516,2,0.75,2.7,,0.98,3.55,in_window,"107.8472,107.8516","19.0219,19.0546",5.62,medium,80.5,True,
S1A_IW_GRDH_1SD_20230823_E225,S1A_IW_GRDH_1SDV_20230823T105746_20230823T105811_050002_0603FB_9995,2023-08-23T10:57:46Z,107.4874,19.01913,1,0.3,88.8,,0.977,3.62,in_window,"107.4874,107.4875","19.0182,19.0201",1.28,low,118.33,True,
S1A_IW_GRDH_1SD_20230823_E232,S1A_IW_GRDH_1SDV_20230823T105746_20230823T105811_050002_0603FB_9995,2023-08-23T10:57:46Z,107.74008,19.05165,1,0.63,90.1,,0.988,3.58,in_window,"107.7401,107.7402","19.0493,19.0539",2.27,low,91.71,True,
S1A_IW_GRDH_1SD_20230823_E237,S1A_IW_GRDH_1SDV_20230823T105746_20230823T105811_050002_0603FB_9995,2023-08-23T10:57:46Z,106.61193,19.07347,1,0.56,90.0,,0.893,4.29,in_window,"106.6119,106.6119","19.0709,19.0760",4.31,low,77.45,True,
S1A_IW_GRDH_1SD_20230823_E239,S1A_IW_GRDH_1SDV_20230823T105746_20230823T105811_050002_0603FB_9995,2023-08-23T10:57:46Z,108.60377,19.08794,2,0.76,90.0,148.0,0.973,3.09,in_window,"108.6030,108.6046","19.0798,19.0978",8.53,medium,1.6,False,nearshore
S1A_IW_GRDH_1SD_20230823_E240,S1A_IW_GRDH_1SDV_20230823T105746_20230823T105811_050002_0603FB_9995,2023-08-23T10:57:46Z,108.42461,19.08405,1,0.52,90.2,,0.975,3.71,in_window,"108.4246,108.4248","19.0822,19.0858",4.43,low,20.04,True,
S1A_IW_GRDH_1SD_20230823_E241,S1A_IW_GRDH_1SDV_20230823T105746_20230823T105811_050002_0603FB_9995,2023-08-23T10:57:46Z,107.81524,19.08575,2,0.77,89.7,,0.986,3.63,in_window,"107.8148,107.8156","19.0811,19.0914",1.51,medium,83.7,True,
S1A_IW_GRDH_1SD_20230823_E242,S1A_IW_GRDH_1SDV_20230823T105746_20230823T105811_050002_0603FB_9995,2023-08-23T10:57:46Z,107.78318,19.08593,2,0.65,89.3,,0.986,3.63,in_window,"107.7829,107.7835","19.0827,19.0892",0.73,medium,87.06,True,
S1A_IW_GRDH_1SD_20230823_E248,S1A_IW_GRDH_1SDV_20230823T105746_20230823T105811_050002_0603FB_9995,2023-08-23T10:57:46Z,107.95302,19.11955,1,0.31,90.9,,0.994,3.68,in_window,"107.9530,107.9532","19.1185,19.1205",1.39,low,69.3,True,
S1A_IW_GRDH_1SD_20230823_E257,S1A_IW_GRDH_1SDV_20230823T105746_20230823T105811_050002_0603FB_9995,2023-08-23T10:57:46Z,107.96148,19.16302,1,0.6,90.0,,0.992,3.76,in_window,"107.9615,107.9615","19.1603,19.1657",4.48,low,68.72,True,
S1A_IW_GRDH_1SD_20230823_E269,S1A_IW_GRDH_1SDV_20230823T105746_20230823T105811_050002_0603FB_9995,2023-08-23T10:57:46Z,107.13771,19.192,1,0.32,88.7,,0.969,4.19,in_window,"107.1377,107.1379","19.1910,19.1931",0.57,low,120.46,True,
S1A_IW_GRDH_1SD_20230823_E273,S1A_IW_GRDH_1SDV_20230823T105746_20230823T105811_050002_0603FB_9995,2023-08-23T10:57:46Z,106.61133,19.24007,3,1.54,90.0,147.0,0.948,4.38,in_window,"106.6103,106.6118","19.2241,19.2510",3.79,high,71.56,True,
S1A_IW_GRDH_1SD_20230823_E278,S1A_IW_GRDH_1SDV_20230823T105746_20230823T105811_050002_0603FB_9995,2023-08-23T10:57:46Z,108.27882,19.26095,1,0.36,0.0,,0.98,4.19,in_window,"108.2772,108.2804","19.2610,19.2610",7.44,low,36.06,True,
S1A_IW_GRDH_1SD_20230823_E287,S1A_IW_GRDH_1SDV_20230823T105746_20230823T105811_050002_0603FB_9995,2023-08-23T10:57:46Z,108.10094,19.27148,2,1.26,90.1,,0.968,4.02,in_window,"108.1008,108.1011","19.2646,19.2784",3.24,medium,54.69,True,
S1A_IW_GRDH_1SD_20230823_E289,S1A_IW_GRDH_1SDV_20230823T105746_20230823T105811_050002_0603FB_9995,2023-08-23T10:57:46Z,108.5983,19.27924,1,0.31,90.0,,0.791,3.71,in_window,"108.5983,108.5983","19.2779,19.2806",2.87,low,3.04,False,nearshore
S1A_IW_GRDH_1SD_20230823_E293,S1A_IW_GRDH_1SDV_20230823T105746_20230823T105811_050002_0603FB_9995,2023-08-23T10:57:46Z,108.5661,19.29654,1,0.31,0.0,,0.964,3.98,in_window,"108.5647,108.5675","19.2965,19.2965",2.49,low,6.8,False,nearshore
S1A_IW_GRDH_1SD_20230823_E295,S1A_IW_GRDH_1SDV_20230823T105746_20230823T105811_050002_0603FB_9995,2023-08-23T10:57:46Z,107.41062,19.31168,1,0.31,90.1,,0.766,4.12,in_window,"107.4104,107.4107","19.3106,19.3129",1.19,low,96.06,True,
S1A_IW_GRDH_1SD_20230823_E297,S1A_IW_GRDH_1SDV_20230823T105746_20230823T105811_050002_0603FB_9995,2023-08-23T10:57:46Z,107.45477,19.32811,2,0.81,89.6,167.0,0.983,4.12,in_window,"107.4537,107.4556","19.3238,19.3329",2.03,medium,92.82,True,
S1A_IW_GRDH_1SD_20230823_E300,S1A_IW_GRDH_1SDV_20230823T105746_20230823T105811_050002_0603FB_9995,2023-08-23T10:57:46Z,108.31686,19.35877,2,1.31,90.0,,0.961,4.39,in_window,"108.3168,108.3169","19.3518,19.3659",3.06,medium,33.74,True,
S1A_IW_GRDH_1SD_20230823_E304,S1A_IW_GRDH_1SDV_20230823T105746_20230823T105811_050002_0603FB_9995,2023-08-23T10:57:46Z,108.56676,19.36057,2,0.69,128.5,824.0,0.982,4.22,in_window,"108.5638,108.5687","19.3550,19.3651",5.93,medium,9.87,False,nearshore
S1A_IW_GRDH_1SD_20230823_E306,S1A_IW_GRDH_1SDV_20230823T105746_20230823T105811_050002_0603FB_9995,2023-08-23T10:57:46Z,107.67674,19.37079,1,0.42,90.2,,0.984,4.15,in_window,"107.6766,107.6768","19.3693,19.3723",1.6,low,83.55,True,
S1A_IW_GRDH_1SD_20230823_E313,S1A_IW_GRDH_1SDV_20230823T105746_20230823T105811_050002_0603FB_9995,2023-08-23T10:57:46Z,107.81348,19.3689,1,0.34,91.7,,0.979,4.15,in_window,"107.8133,107.8135","19.3680,19.3701",0.63,low,83.86,True,
S1A_IW_GRDH_1SD_20230823_E316,S1A_IW_GRDH_1SDV_20230823T105746_20230823T105811_050002_0603FB_9995,2023-08-23T10:57:46Z,108.6081,19.38605,1,0.42,90.0,,0.918,4.11,in_window,"108.6081,108.6081","19.3842,19.3879",0.91,low,7.76,False,nearshore
S1A_IW_GRDH_1SD_20230823_E319,S1A_IW_GRDH_1SDV_20230823T105746_20230823T105811_050002_0603FB_9995,2023-08-23T10:57:46Z,108.41934,19.39942,1,0.3,90.7,,0.983,4.56,in_window,"108.4192,108.4194","19.3983,19.4007",5.42,low,25.49,True,
S1A_IW_GRDH_1SD_20230823_E325,S1A_IW_GRDH_1SDV_20230823T105746_20230823T105811_050002_0603FB_9995,2023-08-23T10:57:46Z,108.23115,19.42045,2,0.63,89.3,,0.92,4.48,in_window,"108.2309,108.2316","19.4174,19.4238",3.3,medium,44.42,True,
S1A_IW_GRDH_1SD_20230823_E329,S1A_IW_GRDH_1SDV_20230823T105746_20230823T105811_050002_0603FB_9995,2023-08-23T10:57:46Z,107.745,19.4331,2,0.62,90.4,105.0,0.99,4.28,in_window,"107.7444,107.7456","19.4274,19.4385",2.28,medium,76.41,True,
S1A_IW_GRDH_1SD_20230823_E333,S1A_IW_GRDH_1SDV_20230823T105746_20230823T105811_050002_0603FB_9995,2023-08-23T10:57:46Z,107.0728,19.45528,1,0.45,0.0,,0.521,4.6,in_window,"107.0707,107.0748","19.4553,19.4553",3.6,low,100.73,True,
S1A_IW_GRDH_1SD_20230823_E335,S1A_IW_GRDH_1SDV_20230823T105746_20230823T105811_050002_0603FB_9995,2023-08-23T10:57:46Z,108.60549,19.48218,1,0.47,90.0,,0.739,4.53,in_window,"108.6055,108.6055","19.4801,19.4843",6.64,low,14.31,False,nearshore
S1A_IW_GRDH_1SD_20230823_E337,S1A_IW_GRDH_1SDV_20230823T105746_20230823T105811_050002_0603FB_9995,2023-08-23T10:57:46Z,107.70677,19.46038,4,1.56,89.2,218.0,0.971,4.34,in_window,"107.7036,107.7075","19.4541,19.4683",4.63,high,73.47,True,
S1A_IW_GRDH_1SD_20230823_E340,S1A_IW_GRDH_1SDV_20230823T105746_20230823T105811_050002_0603FB_9995,2023-08-23T10:57:46Z,107.35326,19.46937,2,0.78,89.9,,0.976,4.43,in_window,"107.3531,107.3534","19.4650,19.4739",1.42,medium,82.63,True,
S1A_IW_GRDH_1SD_20230823_E343,S1A_IW_GRDH_1SDV_20230823T105746_20230823T105811_050002_0603FB_9995,2023-08-23T10:57:46Z,108.53378,19.47267,1,0.66,90.3,,0.982,4.72,in_window,"108.5336,108.5338","19.4702,19.4753",1.96,low,19.11,False,nearshore
S1A_IW_GRDH_1SD_20230823_E354,S1A_IW_GRDH_1SDV_20230823T105746_20230823T105811_050002_0603FB_9995,2023-08-23T10:57:46Z,108.20482,19.50522,1,0.34,159.9,,0.989,4.65,in_window,"108.2035,108.2055","19.5050,19.5061",4.69,low,50.79,True,
S1A_IW_GRDH_1SD_20230823_E359,S1A_IW_GRDH_1SDV_20230823T105746_20230823T105811_050002_0603FB_9995,2023-08-23T10:57:46Z,108.5877,19.55097,3,1.29,89.9,908.0,0.91,4.78,in_window,"108.5808,108.5981","19.5405,19.5609",15.18,high,21.75,True,
S1A_IW_GRDH_1SD_20230823_E363,S1A_IW_GRDH_1SDV_20230823T105746_20230823T105811_050002_0603FB_9995,2023-08-23T10:57:46Z,107.12898,19.53994,1,0.39,89.5,,0.968,4.67,in_window,"107.1288,107.1290","19.5383,19.5415",2.33,low,90.32,True,
S1A_IW_GRDH_1SD_20230823_E364,S1A_IW_GRDH_1SDV_20230823T105746_20230823T105811_050002_0603FB_9995,2023-08-23T10:57:46Z,107.81221,19.53909,1,0.3,157.5,,0.976,4.52,in_window,"107.8111,107.8128","19.5389,19.5399",2.6,low,65.13,True,
S1A_IW_GRDH_1SD_20230823_E365,S1A_IW_GRDH_1SDV_20230823T105746_20230823T105811_050002_0603FB_9995,2023-08-23T10:57:46Z,106.62601,19.53697,1,0.39,175.2,,0.981,4.47,in_window,"106.6243,106.6271","19.5368,19.5374",0.59,low,68.87,True,
S1A_IW_GRDH_1SD_20230823_E370,S1A_IW_GRDH_1SDV_20230823T105746_20230823T105811_050002_0603FB_9995,2023-08-23T10:57:46Z,108.50877,19.58339,1,0.43,90.1,,0.971,5.03,in_window,"108.5086,108.5088","19.5817,19.5851",11.25,low,29.36,True,
S1A_IW_GRDH_1SD_20230823_E374,S1A_IW_GRDH_1SDV_20230823T105746_20230823T105811_050002_0603FB_9995,2023-08-23T10:57:46Z,107.81042,19.57801,1,0.37,89.8,,0.988,4.57,in_window,"107.8103,107.8104","19.5766,19.5793",1.82,low,60.84,True,
S1A_IW_GRDH_1SD_20230823_E381,S1A_IW_GRDH_1SDV_20230823T105746_20230823T105811_050002_0603FB_9995,2023-08-23T10:57:46Z,107.20162,19.60461,1,0.57,90.0,,0.973,4.71,in_window,"107.2016,107.2016","19.6020,19.6072",6.36,low,79.9,True,
S1A_IW_GRDH_1SD_20230823_E383,S1A_IW_GRDH_1SDV_20230823T105746_20230823T105811_050002_0603FB_9995,2023-08-23T10:57:46Z,107.77609,19.59308,1,0.4,90.0,,0.91,4.58,in_window,"107.7761,107.7761","19.5913,19.5948",1.57,low,58.84,True,
S1A_IW_GRDH_1SD_20230823_E384,S1A_IW_GRDH_1SDV_20230823T105746_20230823T105811_050002_0603FB_9995,2023-08-23T10:57:46Z,108.78388,19.59997,1,0.31,90.0,,0.983,4.37,in_window,"108.7839,108.7839","19.5986,19.6013",4.17,low,17.18,False,nearshore
S1A_IW_GRDH_1SD_20230823_E387,S1A_IW_GRDH_1SDV_20230823T105746_20230823T105811_050002_0603FB_9995,2023-08-23T10:57:46Z,108.71266,19.62679,4,1.84,90.0,443.0,0.952,4.72,in_window,"108.7106,108.7155","19.6119,19.6411",4.66,high,23.48,True,
S1A_IW_GRDH_1SD_20230823_E389,S1A_IW_GRDH_1SDV_20230823T105746_20230823T105811_050002_0603FB_9995,2023-08-23T10:57:46Z,107.67681,19.60728,2,0.86,85.6,,0.984,4.6,in_window,"107.6757,107.6771","19.6040,19.6107",1.07,medium,57.51,True,
S1A_IW_GRDH_1SD_20230823_E390,S1A_IW_GRDH_1SDV_20230823T105746_20230823T105811_050002_0603FB_9995,2023-08-23T10:57:46Z,108.66938,19.60833,1,0.42,172.4,,0.986,4.76,in_window,"108.6683,108.6711","19.6076,19.6084",7.74,low,24.07,True,
S1A_IW_GRDH_1SD_20230823_E396,S1A_IW_GRDH_1SDV_20230823T105746_20230823T105811_050002_0603FB_9995,2023-08-23T10:57:46Z,106.88347,19.63033,4,1.51,89.9,,0.917,4.76,in_window,"106.8832,106.8836","19.6227,19.6401",2.56,medium,74.18,True,
S1A_IW_GRDH_1SD_20230823_E397,S1A_IW_GRDH_1SDV_20230823T105746_20230823T105811_050002_0603FB_9995,2023-08-23T10:57:46Z,106.818,19.62258,1,0.38,0.0,,0.634,4.73,in_window,"106.8163,106.8197","19.6226,19.6226",1.79,low,72.06,True,
S1A_IW_GRDH_1SD_20230823_E398,S1A_IW_GRDH_1SDV_20230823T105746_20230823T105811_050002_0603FB_9995,2023-08-23T10:57:46Z,108.59784,19.62921,1,1.01,90.0,,0.913,4.94,in_window,"108.5978,108.5978","19.6247,19.6338",3.53,low,29.3,True,
S1A_IW_GRDH_1SD_20230823_E400,S1A_IW_GRDH_1SDV_20230823T105746_20230823T105811_050002_0603FB_9995,2023-08-23T10:57:46Z,108.7909,19.63997,1,0.47,90.2,,0.99,4.52,in_window,"108.7909,108.7911","19.6381,19.6418",1.56,low,20.03,True,
S1A_IW_GRDH_1SD_20230823_E403,S1A_IW_GRDH_1SDV_20230823T105746_20230823T105811_050002_0603FB_9995,2023-08-23T10:57:46Z,108.49636,19.66475,1,0.43,90.0,,0.973,5.18,in_window,"108.4964,108.4964","19.6629,19.6666",4.82,low,37.44,True,
S1A_IW_GRDH_1SD_20230823_E406,S1A_IW_GRDH_1SDV_20230823T105746_20230823T105811_050002_0603FB_9995,2023-08-23T10:57:46Z,108.41874,19.67113,2,1.05,90.0,,0.88,5.11,in_window,"108.4184,108.4192","19.6575,19.6875",9.11,medium,42.85,True,
S1A_IW_GRDH_1SD_20230823_E408,S1A_IW_GRDH_1SDV_20230823T105746_20230823T105811_050002_0603FB_9995,2023-08-23T10:57:46Z,108.35221,19.67884,1,0.3,90.2,,0.97,5.05,in_window,"108.3520,108.3522","19.6778,19.6799",1.84,low,48.28,True,
S1A_IW_GRDH_1SD_20230823_E413,S1A_IW_GRDH_1SDV_20230823T105746_20230823T105811_050002_0603FB_9995,2023-08-23T10:57:46Z,108.28343,19.67694,1,0.34,163.4,,0.967,5.0,in_window,"108.2823,108.2838","19.6764,19.6777",0.79,low,53.59,True,
S1A_IW_GRDH_1SD_20230823_E416,S1A_IW_GRDH_1SDV_20230823T105746_20230823T105811_050002_0603FB_9995,2023-08-23T10:57:46Z,106.61289,19.69784,2,0.93,90.0,226.0,0.847,4.51,in_window,"106.6119,106.6141","19.6912,19.7050",4.23,medium,54.62,True,
S1A_IW_GRDH_1SD_20230823_E419,S1A_IW_GRDH_1SDV_20230823T105746_20230823T105811_050002_0603FB_9995,2023-08-23T10:57:46Z,108.9197,19.69754,1,0.54,90.0,,0.941,4.35,in_window,"108.9197,108.9197","19.6951,19.7000",4.09,low,14.48,False,nearshore
S1A_IW_GRDH_1SD_20230823_E425,S1A_IW_GRDH_1SDV_20230823T105746_20230823T105811_050002_0603FB_9995,2023-08-23T10:57:46Z,108.35233,19.73241,1,0.72,89.9,,0.939,5.14,in_window,"108.3523,108.3524","19.7293,19.7357",5.2,low,52.53,True,
S1A_IW_GRDH_1SD_20230823_E427,S1A_IW_GRDH_1SDV_20230823T105746_20230823T105811_050002_0603FB_9995,2023-08-23T10:57:46Z,107.88639,19.71162,1,0.37,123.4,,0.983,4.82,in_window,"107.8861,107.8875","19.7103,19.7121",1.35,low,48.13,True,
S1A_IW_GRDH_1SD_20230823_E429,S1A_IW_GRDH_1SDV_20230823T105746_20230823T105811_050002_0603FB_9995,2023-08-23T10:57:46Z,108.59242,19.72304,1,0.43,90.0,,0.685,5.18,in_window,"108.5924,108.5924","19.7211,19.7249",6.02,low,39.09,True,
S1A_IW_GRDH_1SD_20230823_E432,S1A_IW_GRDH_1SDV_20230823T105746_20230823T105811_050002_0603FB_9995,2023-08-23T10:57:46Z,108.74959,19.74274,3,1.02,90.3,137.0,0.983,5.08,in_window,"108.7491,108.7506","19.7361,19.7509",4.76,high,31.51,True,
S1A_IW_GRDH_1SD_20230823_E443,S1A_IW_GRDH_1SDV_20230823T105746_20230823T105811_050002_0603FB_9995,2023-08-23T10:57:46Z,108.4198,19.75571,1,0.4,89.1,,0.945,5.24,in_window,"108.4196,108.4198","19.7541,19.7571",1.51,low,50.24,True,
S1A_IW_GRDH_1SD_20230823_E001,S1A_IW_GRDH_1SDV_20230823T105811_20230823T105836_050002_0603FB_632B,2023-08-23T10:58:11Z,106.29608,19.92953,33,22.69,90.0,,0.979,3.51,in_window,"106.2958,106.2968","19.7853,20.0982",28.16,medium,13.42,False,nearshore
S1A_IW_GRDH_1SD_20230823_E003,S1A_IW_GRDH_1SDV_20230823T105811_20230823T105836_050002_0603FB_632B,2023-08-23T10:58:11Z,108.38244,19.78936,1,0.55,90.0,,0.979,5.2,in_window,"108.3824,108.3824","19.7869,19.7918",4.41,low,55.52,True,
S1A_IW_GRDH_1SD_20230823_E007,S1A_IW_GRDH_1SDV_20230823T105811_20230823T105836_050002_0603FB_632B,2023-08-23T10:58:11Z,107.04381,19.8033,1,0.35,88.6,,0.964,4.91,in_window,"107.0437,107.0438","19.8020,19.8044",0.81,low,68.61,True,
S1A_IW_GRDH_1SD_20230823_E008,S1A_IW_GRDH_1SDV_20230823T105811_20230823T105836_050002_0603FB_632B,2023-08-23T10:58:11Z,107.50611,19.80897,1,0.51,89.7,,0.979,4.93,in_window,"107.5059,107.5061","19.8069,19.8109",1.23,low,42.19,True,
S1A_IW_GRDH_1SD_20230823_E015,S1A_IW_GRDH_1SDV_20230823T105811_20230823T105836_050002_0603FB_632B,2023-08-23T10:58:11Z,106.38561,19.86562,1,0.39,0.0,,0.956,3.95,in_window,"106.3838,106.3874","19.8656,19.8656",1.86,low,25.02,True,
S1A_IW_GRDH_1SD_20230823_E022,S1A_IW_GRDH_1SDV_20230823T105811_20230823T105836_050002_0603FB_632B,2023-08-23T10:58:11Z,108.05371,19.90715,1,0.38,82.3,,0.967,5.02,in_window,"108.0534,108.0545","19.9063,19.9085",0.96,low,40.68,True,
S1A_IW_GRDH_1SD_20230823_E023,S1A_IW_GRDH_1SDV_20230823T105811_20230823T105836_050002_0603FB_632B,2023-08-23T10:58:11Z,108.48633,19.8968,2,1.33,131.5,1002.0,0.958,5.29,in_window,"108.4833,108.4869","19.8896,19.9060",4.97,medium,61.08,True,
S1A_IW_GRDH_1SD_20230823_E024,S1A_IW_GRDH_1SDV_20230823T105811_20230823T105836_050002_0603FB_632B,2023-08-23T10:58:11Z,108.09071,19.89507,2,0.8,89.9,139.0,0.906,5.03,in_window,"108.0899,108.0914","19.8881,19.9015",2.03,medium,44.6,True,
S1A_IW_GRDH_1SD_20230823_E028,S1A_IW_GRDH_1SDV_20230823T105811_20230823T105836_050002_0603FB_632B,2023-08-23T10:58:11Z,107.36387,19.90521,2,0.66,12.2,232.0,0.971,4.98,in_window,"107.3599,107.3675","19.9046,19.9066",1.17,medium,45.38,True,
S1A_IW_GRDH_1SD_20230823_E035,S1A_IW_GRDH_1SDV_20230823T105811_20230823T105836_050002_0603FB_632B,2023-08-23T10:58:11Z,107.76503,19.93914,1,0.33,0.3,,0.992,4.97,in_window,"107.7636,107.7665","19.9391,19.9392",1.45,low,20.63,True,
S1A_IW_GRDH_1SD_20230823_E040,S1A_IW_GRDH_1SDV_20230823T105811_20230823T105836_050002_0603FB_632B,2023-08-23T10:58:11Z,107.62025,19.95115,1,0.49,89.6,,0.967,5.0,in_window,"107.6201,107.6203","19.9490,19.9531",4.13,low,22.51,True,
S1A_IW_GRDH_1SD_20230823_E044,S1A_IW_GRDH_1SDV_20230823T105811_20230823T105836_050002_0603FB_632B,2023-08-23T10:58:11Z,107.68768,19.97336,2,0.65,85.5,,0.982,5.0,in_window,"107.6875,107.6884","19.9707,19.9757",0.85,medium,17.44,False,nearshore
S1A_IW_GRDH_1SD_20230823_E045,S1A_IW_GRDH_1SDV_20230823T105811_20230823T105836_050002_0603FB_632B,2023-08-23T10:58:11Z,107.44237,19.97571,1,0.32,0.0,,0.983,5.03,in_window,"107.4409,107.4438","19.9757,19.9757",2.08,low,34.31,True,
S1A_IW_GRDH_1SD_20230823_E048,S1A_IW_GRDH_1SDV_20230823T105811_20230823T105836_050002_0603FB_632B,2023-08-23T10:58:11Z,108.44313,19.99327,1,0.48,89.9,,0.966,5.24,in_window,"108.4430,108.4431","19.9911,19.9953",7.63,low,72.65,True,
S1A_IW_GRDH_1SD_20230823_E050,S1A_IW_GRDH_1SDV_20230823T105811_20230823T105836_050002_0603FB_632B,2023-08-23T10:58:11Z,107.58309,20.00318,1,0.32,89.3,,0.976,5.05,in_window,"107.5829,107.5831","20.0021,20.0042",0.84,low,20.54,True,
S1A_IW_GRDH_1SD_20230823_E051,S1A_IW_GRDH_1SDV_20230823T105811_20230823T105836_050002_0603FB_632B,2023-08-23T10:58:11Z,108.3355,20.00299,1,0.62,55.4,,0.96,5.17,in_window,"108.3336,108.3362","20.0011,20.0039",1.15,low,63.44,True,
S1A_IW_GRDH_1SD_20230823_E052,S1A_IW_GRDH_1SDV_20230823T105811_20230823T105836_050002_0603FB_632B,2023-08-23T10:58:11Z,107.4204,20.01698,4,1.71,90.5,1078.0,0.815,5.04,in_window,"107.4033,107.4369","20.0055,20.0272",16.27,high,34.44,True,
S1A_IW_GRDH_1SD_20230823_E053,S1A_IW_GRDH_1SDV_20230823T105811_20230823T105836_050002_0603FB_632B,2023-08-23T10:58:11Z,108.26603,20.00981,1,0.37,90.4,,0.988,5.13,in_window,"108.2659,108.2660","20.0084,20.0113",4.07,low,56.2,True,
S1A_IW_GRDH_1SD_20230823_E055,S1A_IW_GRDH_1SDV_20230823T105811_20230823T105836_050002_0603FB_632B,2023-08-23T10:58:11Z,108.1623,20.00697,1,0.42,91.0,,0.983,5.09,in_window,"108.1623,108.1625","20.0053,20.0084",1.33,low,45.85,True,
S1A_IW_GRDH_1SD_20230823_E056,S1A_IW_GRDH_1SDV_20230823T105811_20230823T105836_050002_0603FB_632B,2023-08-23T10:58:11Z,108.0513,20.04202,3,1.1,83.7,323.0,0.974,5.01,in_window,"108.0488,108.0522","20.0353,20.0480",2.71,high,33.61,True,
S1A_IW_GRDH_1SD_20230823_E063,S1A_IW_GRDH_1SDV_20230823T105811_20230823T105836_050002_0603FB_632B,2023-08-23T10:58:11Z,107.25287,20.04137,1,0.36,90.5,,0.945,5.01,in_window,"107.2527,107.2529","20.0399,20.0429",0.53,low,50.59,True,
S1A_IW_GRDH_1SD_20230823_E070,S1A_IW_GRDH_1SDV_20230823T105811_20230823T105836_050002_0603FB_632B,2023-08-23T10:58:11Z,106.92773,20.05273,1,0.37,0.0,,0.986,4.98,in_window,"106.9260,106.9294","20.0527,20.0527",2.78,low,42.38,True,
S1A_IW_GRDH_1SD_20230823_E077,S1A_IW_GRDH_1SDV_20230823T105811_20230823T105836_050002_0603FB_632B,2023-08-23T10:58:11Z,108.37817,20.08036,2,1.01,43.1,399.0,0.984,5.06,in_window,"108.3750,108.3797","20.0785,20.0838",2.62,medium,66.49,True,
S1A_IW_GRDH_1SD_20230823_E078,S1A_IW_GRDH_1SDV_20230823T105811_20230823T105836_050002_0603FB_632B,2023-08-23T10:58:11Z,108.63514,20.07839,2,0.69,89.7,,0.963,5.17,in_window,"108.6349,108.6353","20.0745,20.0818",1.86,medium,63.28,True,
S1A_IW_GRDH_1SD_20230823_E086,S1A_IW_GRDH_1SDV_20230823T105811_20230823T105836_050002_0603FB_632B,2023-08-23T10:58:11Z,107.58637,20.10498,2,0.84,90.4,,0.89,5.05,in_window,"107.5859,107.5866","20.0953,20.1133",2.54,medium,15.01,False,nearshore
S1A_IW_GRDH_1SD_20230823_E087,S1A_IW_GRDH_1SDV_20230823T105811_20230823T105836_050002_0603FB_632B,2023-08-23T10:58:11Z,107.45285,20.10334,1,0.37,91.1,,0.937,5.07,in_window,"107.4527,107.4529","20.1021,20.1048",2.15,low,28.88,True,
S1A_IW_GRDH_1SD_20230823_E090,S1A_IW_GRDH_1SDV_20230823T105811_20230823T105836_050002_0603FB_632B,2023-08-23T10:58:11Z,108.08381,20.10491,2,0.68,46.5,238.0,0.98,4.93,in_window,"108.0820,108.0844","20.1017,20.1071",3.56,medium,35.59,True,
S1A_IW_GRDH_1SD_20230823_E091,S1A_IW_GRDH_1SDV_20230823T105811_20230823T105836_050002_0603FB_632B,2023-08-23T10:58:11Z,107.80065,20.14516,1,0.43,90.0,,0.911,4.95,in_window,"107.8006,107.8006","20.1433,20.1471",4.72,low,5.79,False,nearshore
S1A_IW_GRDH_1SD_20230823_E092,S1A_IW_GRDH_1SDV_20230823T105811_20230823T105836_050002_0603FB_632B,2023-08-23T10:58:11Z,106.5687,20.11679,1,0.59,89.4,,0.965,4.42,in_window,"106.5685,106.5687","20.1146,20.1187",0.9,low,12.02,False,nearshore
S1A_IW_GRDH_1SD_20230823_E093,S1A_IW_GRDH_1SDV_20230823T105811_20230823T105836_050002_0603FB_632B,2023-08-23T10:58:11Z,107.1795,20.11424,1,0.39,178.2,,0.972,5.01,in_window,"107.1780,107.1813","20.1139,20.1143",1.36,low,57.35,True,
S1A_IW_GRDH_1SD_20230823_E094,S1A_IW_GRDH_1SDV_20230823T105811_20230823T105836_050002_0603FB_632B,2023-08-23T10:58:11Z,106.78762,20.12113,1,0.47,115.4,,0.971,4.98,in_window,"106.7863,106.7880","20.1204,20.1228",1.32,low,25.89,True,
S1A_IW_GRDH_1SD_20230823_E096,S1A_IW_GRDH_1SDV_20230823T105811_20230823T105836_050002_0603FB_632B,2023-08-23T10:58:11Z,107.72431,20.12403,4,6.42,89.6,740.0,0.973,4.99,in_window,"107.7134,107.7302","20.1151,20.1488",13.82,high,0.65,False,nearshore
S1A_IW_GRDH_1SD_20230823_E097,S1A_IW_GRDH_1SDV_20230823T105811_20230823T105836_050002_0603FB_632B,2023-08-23T10:58:11Z,108.5963,20.14151,3,1.4,89.9,,0.975,5.01,in_window,"108.5959,108.5966","20.1340,20.1492",2.51,medium,70.3,True,
S1A_IW_GRDH_1SD_20230823_E098,S1A_IW_GRDH_1SDV_20230823T105811_20230823T105836_050002_0603FB_632B,2023-08-23T10:58:11Z,108.19463,20.13713,1,0.53,89.7,,0.982,4.92,in_window,"108.1946,108.1948","20.1352,20.1391",1.66,low,46.97,True,
S1A_IW_GRDH_1SD_20230823_E099,S1A_IW_GRDH_1SDV_20230823T105811_20230823T105836_050002_0603FB_632B,2023-08-23T10:58:11Z,108.12489,20.1417,1,0.65,89.7,,0.976,4.89,in_window,"108.1249,108.1250","20.1396,20.1440",3.93,low,39.68,True,
S1A_IW_GRDH_1SD_20230823_E100,S1A_IW_GRDH_1SDV_20230823T105811_20230823T105836_050002_0603FB_632B,2023-08-23T10:58:11Z,108.01256,20.19021,5,2.86,179.9,1419.0,0.972,4.81,in_window,"107.9822,108.0456","20.1547,20.2216",22.07,high,28.48,True,
S1A_IW_GRDH_1SD_20230823_E101,S1A_IW_GRDH_1SDV_20230823T105811_20230823T105836_050002_0603FB_632B,2023-08-23T10:58:11Z,108.2359,20.14618,1,0.31,86.3,,0.986,4.93,in_window,"108.2356,108.2361","20.1452,20.1470",1.92,low,51.29,True,
S1A_IW_GRDH_1SD_20230823_E102,S1A_IW_GRDH_1SDV_20230823T105811_20230823T105836_050002_0603FB_632B,2023-08-23T10:58:11Z,108.52637,20.14702,1,0.35,10.4,,0.994,5.01,in_window,"108.5249,108.5273","20.1464,20.1472",1.29,low,76.91,True,
S1A_IW_GRDH_1SD_20230823_E107,S1A_IW_GRDH_1SDV_20230823T105811_20230823T105836_050002_0603FB_632B,2023-08-23T10:58:11Z,107.77037,20.22027,6,15.56,107.5,287.0,0.983,4.94,in_window,"107.7597,107.7781","20.1742,20.2703",36.91,high,9.28,True,
S1A_IW_GRDH_1SD_20230823_E113,S1A_IW_GRDH_1SDV_20230823T105811_20230823T105836_050002_0603FB_632B,2023-08-23T10:58:11Z,108.48774,20.21721,7,21.29,116.9,505.0,0.983,4.86,in_window,"108.4589,108.4949","20.1949,20.2527",16.69,high,78.1,True,
S1A_IW_GRDH_1SD_20230823_E116,S1A_IW_GRDH_1SDV_20230823T105811_20230823T105836_050002_0603FB_632B,2023-08-23T10:58:11Z,108.12622,20.18168,1,0.34,88.6,,0.954,4.84,in_window,"108.1262,108.1267","20.1805,20.1830",0.47,low,40.08,True,
S1A_IW_GRDH_1SD_20230823_E118,S1A_IW_GRDH_1SDV_20230823T105811_20230823T105836_050002_0603FB_632B,2023-08-23T10:58:11Z,107.83938,20.18894,1,0.44,89.7,,0.979,4.91,in_window,"107.8392,107.8394","20.1870,20.1907",3.7,low,11.22,False,nearshore
S1A_IW_GRDH_1SD_20230823_E119,S1A_IW_GRDH_1SDV_20230823T105811_20230823T105836_050002_0603FB_632B,2023-08-23T10:58:11Z,107.91375,20.18279,1,0.43,74.7,,0.945,4.87,in_window,"107.9133,107.9147","20.1817,20.1840",0.25,low,18.22,False,nearshore
S1A_IW_GRDH_1SD_20230823_E124,S1A_IW_GRDH_1SDV_20230823T105811_20230823T105836_050002_0603FB_632B,2023-08-23T10:58:11Z,108.1525,20.28932,30,75.02,10.2,308.0,0.973,4.67,in_window,"108.0851,108.2219","20.2153,20.3554",109.94,high,45.66,True,
S1A_IW_GRDH_1SD_20230823_E128,S1A_IW_GRDH_1SDV_20230823T105811_20230823T105836_050002_0603FB_632B,2023-08-23T10:58:11Z,108.13114,20.21351,1,0.37,84.1,,0.995,4.8,in_window,"108.1306,108.1314","20.2122,20.2145",2.92,low,41.15,True,
S1A_IW_GRDH_1SD_20230823_E131,S1A_IW_GRDH_1SDV_20230823T105811_20230823T105836_050002_0603FB_632B,2023-08-23T10:58:11Z,107.00206,20.27028,6,5.86,80.0,353.0,0.983,5.01,in_window,"106.9944,107.0098","20.2434,20.2840",24.73,high,42.84,True,
S1A_IW_GRDH_1SD_20230823_E137,S1A_IW_GRDH_1SDV_20230823T105811_20230823T105836_050002_0603FB_632B,2023-08-23T10:58:11Z,108.24886,20.25467,1,0.42,90.6,,0.965,4.77,in_window,"108.2487,108.2489","20.2534,20.2561",8.9,low,54.16,True,
S1A_IW_GRDH_1SD_20230823_E138,S1A_IW_GRDH_1SDV_20230823T105811_20230823T105836_050002_0603FB_632B,2023-08-23T10:58:11Z,108.00614,20.40468,37,125.35,137.2,297.0,0.983,4.5,in_window,"107.9755,108.0229","20.2379,20.4596",73.12,high,40.01,True,
S1A_IW_GRDH_1SD_20230823_E139,S1A_IW_GRDH_1SDV_20230823T105811_20230823T105836_050002_0603FB_632B,2023-08-23T10:58:11Z,108.05778,20.24459,1,0.33,88.5,,0.979,4.75,in_window,"108.0578,108.0579","20.2435,20.2459",1.46,low,34.65,True,
S1A_IW_GRDH_1SD_20230823_E140,S1A_IW_GRDH_1SDV_20230823T105811_20230823T105836_050002_0603FB_632B,2023-08-23T10:58:11Z,108.08614,20.24624,1,0.39,90.1,,0.972,4.75,in_window,"108.0861,108.0863","20.2447,20.2478",2.92,low,37.52,True,
S1A_IW_GRDH_1SD_20230823_E141,S1A_IW_GRDH_1SDV_20230823T105811_20230823T105836_050002_0603FB_632B,2023-08-23T10:58:11Z,108.27391,20.34908,36,174.34,4.9,420.0,0.979,4.49,in_window,"108.2330,108.3364","20.2732,20.4247",62.09,high,59.92,False,blob_invalid
S1A_IW_GRDH_1SD_20230823_E142,S1A_IW_GRDH_1SDV_20230823T105811_20230823T105836_050002_0603FB_632B,2023-08-23T10:58:11Z,107.83093,20.31839,29,131.72,17.2,311.0,0.977,4.8,in_window,"107.7843,107.8638","20.2600,20.3799",70.0,high,21.68,True,
S1A_IW_GRDH_1SD_20230823_E146,S1A_IW_GRDH_1SDV_20230823T105811_20230823T105836_050002_0603FB_632B,2023-08-23T10:58:11Z,107.60623,20.47711,132,685.47,92.0,313.0,0.977,4.84,in_window,"107.4250,107.7687","20.2609,20.6276",396.65,high,30.62,False,blob_invalid
S1A_IW_GRDH_1SD_20230823_E150,S1A_IW_GRDH_1SDV_20230823T105811_20230823T105836_050002_0603FB_632B,2023-08-23T10:58:11Z,106.77971,20.29556,2,0.96,90.5,985.0,0.985,4.86,in_window,"106.7761,106.7856","20.2828,20.3052",13.6,medium,19.7,False,nearshore
S1A_IW_GRDH_1SD_20230823_E151,S1A_IW_GRDH_1SDV_20230823T105811_20230823T105836_050002_0603FB_632B,2023-08-23T10:58:11Z,108.23947,20.31724,2,0.77,44.2,755.0,0.917,4.59,in_window,"108.2339,108.2460","20.3159,20.3186",6.34,medium,55.26,True,
S1A_IW_GRDH_1SD_20230823_E156,S1A_IW_GRDH_1SDV_20230823T105811_20230823T105836_050002_0603FB_632B,2023-08-23T10:58:11Z,107.22117,20.28746,1,0.41,28.6,,0.968,5.01,in_window,"107.2205,107.2226","20.2871,20.2886",0.62,low,49.59,True,
S1A_IW_GRDH_1SD_20230823_E158,S1A_IW_GRDH_1SDV_20230823T105811_20230823T105836_050002_0603FB_632B,2023-08-23T10:58:11Z,106.86019,20.35398,4,2.3,90.0,364.0,0.991,4.75,in_window,"106.8567,106.8637","20.3236,20.3784",16.88,high,28.76,True,
S1A_IW_GRDH_1SD_20230823_E160,S1A_IW_GRDH_1SDV_20230823T105811_20230823T105836_050002_0603FB_632B,2023-08-23T10:58:11Z,108.41788,20.31401,1,0.4,89.9,,0.966,4.58,in_window,"108.4179,108.4181","20.3124,20.3157",3.77,low,72.92,True,
S1A_IW_GRDH_1SD_20230823_E170,S1A_IW_GRDH_1SDV_20230823T105811_20230823T105836_050002_0603FB_632B,2023-08-23T10:58:11Z,106.64137,20.36396,4,2.23,89.9,,0.981,4.05,in_window,"106.6412,106.6417","20.3493,20.3835",5.72,medium,6.3,False,nearshore
S1A_IW_GRDH_1SD_20230823_E177,S1A_IW_GRDH_1SDV_20230823T105811_20230823T105836_050002_0603FB_632B,2023-08-23T10:58:11Z,107.13129,20.38394,3,2.26,89.7,1191.0,0.982,4.89,in_window,"107.1232,107.1459","20.3685,20.4019",21.31,high,36.52,True,
S1A_IW_GRDH_1SD_20230823_E187,S1A_IW_GRDH_1SDV_20230823T105811_20230823T105836_050002_0603FB_632B,2023-08-23T10:58:11Z,106.97483,20.4018,1,0.36,89.6,,0.955,4.83,in_window,"106.9747,106.9749","20.4005,20.4031",2.08,low,34.26,True,
S1A_IW_GRDH_1SD_20230823_E192,S1A_IW_GRDH_1SDV_20230823T105811_20230823T105836_050002_0603FB_632B,2023-08-23T10:58:11Z,106.84948,20.44768,4,3.6,90.0,236.0,0.988,4.47,in_window,"106.8410,106.8542","20.4251,20.4737",17.93,high,25.82,True,
S1A_IW_GRDH_1SD_20230823_E194,S1A_IW_GRDH_1SDV_20230823T105811_20230823T105836_050002_0603FB_632B,2023-08-23T10:58:11Z,107.79047,20.4256,1,0.7,0.0,,0.96,4.73,in_window,"107.7872,107.7938","20.4256,20.4256",4.31,low,31.96,True,
S1A_IW_GRDH_1SD_20230823_E196,S1A_IW_GRDH_1SDV_20230823T105811_20230823T105836_050002_0603FB_632B,2023-08-23T10:58:11Z,107.44046,20.42224,2,0.87,90.5,,0.983,4.93,in_window,"107.4402,107.4409","20.4187,20.4254",2.17,medium,32.34,True,
S1A_IW_GRDH_1SD_20230823_E197,S1A_IW_GRDH_1SDV_20230823T105811_20230823T105836_050002_0603FB_632B,2023-08-23T10:58:11Z,108.189,20.42497,1,0.46,0.0,,0.986,4.33,in_window,"108.1869,108.1911","20.4250,20.4250",1.92,low,56.09,True,
S1A_IW_GRDH_1SD_20230823_E199,S1A_IW_GRDH_1SDV_20230823T105811_20230823T105836_050002_0603FB_632B,2023-08-23T10:58:11Z,108.62781,20.42266,2,0.73,80.4,,0.989,3.85,in_window,"108.6266,108.6281","20.4203,20.4244",1.54,medium,82.4,True,
S1A_IW_GRDH_1SD_20230823_E201,S1A_IW_GRDH_1SDV_20230823T105811_20230823T105836_050002_0603FB_632B,2023-08-23T10:58:11Z,106.91934,20.44474,3,1.52,90.0,400.0,0.881,4.64,in_window,"106.9153,106.9264","20.4232,20.4569",14.1,high,28.35,True,
S1A_IW_GRDH_1SD_20230823_E203,S1A_IW_GRDH_1SDV_20230823T105811_20230823T105836_050002_0603FB_632B,2023-08-23T10:58:11Z,106.63556,20.42391,2,0.82,0.4,,0.961,3.81,in_window,"106.6312,106.6407","20.4232,20.4243",1.73,medium,4.52,False,nearshore
S1A_IW_GRDH_1SD_20230823_E206,S1A_IW_GRDH_1SDV_20230823T105811_20230823T105836_050002_0603FB_632B,2023-08-23T10:58:11Z,108.45699,20.44524,1,0.39,90.0,,0.942,4.12,in_window,"108.4570,108.4570","20.4435,20.4469",1.36,low,81.72,True,
S1A_IW_GRDH_1SD_20230823_E208,S1A_IW_GRDH_1SDV_20230823T105811_20230823T105836_050002_0603FB_632B,2023-08-23T10:58:11Z,108.12419,20.55816,14,63.04,82.4,341.0,0.981,4.1,in_window,"108.0941,108.1651","20.4585,20.5954",58.45,high,56.87,True,
S1A_IW_GRDH_1SD_20230823_E209,S1A_IW_GRDH_1SDV_20230823T105811_20230823T105836_050002_0603FB_632B,2023-08-23T10:58:11Z,108.49595,20.49707,6,34.4,70.4,488.0,0.98,3.92,in_window,"108.4880,108.5119","20.4876,20.5293",17.95,high,85.49,True,
S1A_IW_GRDH_1SD_20230823_E211,S1A_IW_GRDH_1SDV_20230823T105811_20230823T105836_050002_0603FB_632B,2023-08-23T10:58:11Z,108.55805,20.45493,1,0.35,88.6,,0.984,3.9,in_window,"108.5580,108.5582","20.4538,20.4563",2.21,low,84.25,True,
S1A_IW_GRDH_1SD_20230823_E212,S1A_IW_GRDH_1SDV_20230823T105811_20230823T105836_050002_0603FB_632B,2023-08-23T10:58:11Z,106.9678,20.47581,2,1.04,90.0,128.0,0.94,4.72,in_window,"106.9670,106.9684","20.4707,20.4808",10.79,medium,26.56,True,
S1A_IW_GRDH_1SD_20230823_E214,S1A_IW_GRDH_1SDV_20230823T105811_20230823T105836_050002_0603FB_632B,2023-08-23T10:58:11Z,107.8628,20.46389,1,0.4,179.4,,0.967,4.6,in_window,"107.8610,107.8645","20.4639,20.4641",5.1,low,37.88,True,
S1A_IW_GRDH_1SD_20230823_E215,S1A_IW_GRDH_1SDV_20230823T105811_20230823T105836_050002_0603FB_632B,2023-08-23T10:58:11Z,108.05436,20.47615,2,0.87,90.4,,0.989,4.33,in_window,"108.0543,108.0545","20.4553,20.4948",7.77,medium,49.26,True,
S1A_IW_GRDH_1SD_20230823_E216,S1A_IW_GRDH_1SDV_20230823T105811_20230823T105836_050002_0603FB_632B,2023-08-23T10:58:11Z,107.98416,20.45998,2,1.16,10.3,237.0,0.993,4.43,in_window,"107.9800,107.9879","20.4578,20.4616",3.73,medium,43.32,True,
S1A_IW_GRDH_1SD_20230823_E218,S1A_IW_GRDH_1SDV_20230823T105811_20230823T105836_050002_0603FB_632B,2023-08-23T10:58:11Z,108.30748,20.45817,1,0.31,47.7,,0.961,4.18,in_window,"108.3066,108.3079","20.4574,20.4587",0.61,low,68.52,True,
S1A_IW_GRDH_1SD_20230823_E219,S1A_IW_GRDH_1SDV_20230823T105811_20230823T105836_050002_0603FB_632B,2023-08-23T10:58:11Z,107.18669,20.49476,6,4.28,85.2,201.0,0.961,4.78,in_window,"107.1862,107.1907","20.4678,20.5222",8.44,high,27.32,True,
S1A_IW_GRDH_1SD_20230823_E220,S1A_IW_GRDH_1SDV_20230823T105811_20230823T105836_050002_0603FB_632B,2023-08-23T10:58:11Z,107.40099,20.45893,1,0.32,0.0,,0.983,4.88,in_window,"107.3995,107.4025","20.4589,20.4589",1.97,low,28.77,True,
S1A_IW_GRDH_1SD_20230823_E222,S1A_IW_GRDH_1SDV_20230823T105811_20230823T105836_050002_0603FB_632B,2023-08-23T10:58:11Z,106.58783,20.53279,2,1.62,44.6,259.0,0.704,3.23,in_window,"106.5852,106.5943","20.5285,20.5406",21.52,medium,1.21,False,nearshore
S1A_IW_GRDH_1SD_20230823_E225,S1A_IW_GRDH_1SDV_20230823T105811_20230823T105836_050002_0603FB_632B,2023-08-23T10:58:11Z,107.4787,20.48127,1,1.16,90.0,,0.989,4.9,in_window,"107.4786,107.4787","20.4760,20.4864",11.87,low,25.93,True,
S1A_IW_GRDH_1SD_20230823_E226,S1A_IW_GRDH_1SDV_20230823T105811_20230823T105836_050002_0603FB_632B,2023-08-23T10:58:11Z,107.91769,20.53345,10,22.17,89.9,1031.0,0.989,4.41,in_window,"107.8707,108.0120","20.4909,20.5806",83.67,high,47.11,True,
S1A_IW_GRDH_1SD_20230823_E229,S1A_IW_GRDH_1SDV_20230823T105811_20230823T105836_050002_0603FB_632B,2023-08-23T10:58:11Z,107.2183,20.5108,3,0.99,90.1,,0.985,4.73,in_window,"107.2179,107.2189","20.4957,20.5252",4.89,medium,26.37,True,
S1A_IW_GRDH_1SD_20230823_E230,S1A_IW_GRDH_1SDV_20230823T105811_20230823T105836_050002_0603FB_632B,2023-08-23T10:58:11Z,108.31082,20.5018,2,0.86,89.8,930.0,0.97,4.05,in_window,"108.3071,108.3161","20.4914,20.5154",12.84,medium,71.4,True,
S1A_IW_GRDH_1SD_20230823_E231,S1A_IW_GRDH_1SDV_20230823T105811_20230823T105836_050002_0603FB_632B,2023-08-23T10:58:11Z,107.39388,20.52829,1,1.18,180.0,,0.987,4.75,in_window,"107.3884,107.3994","20.5282,20.5283",10.13,low,21.48,True,
S1A_IW_GRDH_1SD_20230823_E232,S1A_IW_GRDH_1SDV_20230823T105811_20230823T105836_050002_0603FB_632B,2023-08-23T10:58:11Z,106.67967,20.49142,1,0.36,89.3,,0.975,3.77,in_window,"106.6797,106.6799","20.4900,20.4930",1.5,low,9.97,False,nearshore
S1A_IW_GRDH_1SD_20230823_E238,S1A_IW_GRDH_1SDV_20230823T105811_20230823T105836_050002_0603FB_632B,2023-08-23T10:58:11Z,106.84868,20.52829,1,0.33,179.4,,0.995,4.2,in_window,"106.8473,106.8502","20.5281,20.5283",5.65,low,17.1,False,nearshore
S1A_IW_GRDH_1SD_20230823_E239,S1A_IW_GRDH_1SDV_20230823T105811_20230823T105836_050002_0603FB_632B,2023-08-23T10:58:11Z,106.96566,20.54704,3,2.1,81.3,331.0,0.985,4.44,in_window,"106.9607,106.9669","20.5376,20.5613",11.53,high,19.31,True,
S1A_IW_GRDH_1SD_20230823_E241,S1A_IW_GRDH_1SDV_20230823T105811_20230823T105836_050002_0603FB_632B,2023-08-23T10:58:11Z,108.39781,20.55949,2,0.84,135.9,726.0,0.985,3.76,in_window,"108.3934,108.4012","20.5555,20.5612",10.8,medium,76.27,True,
S1A_IW_GRDH_1SD_20230823_E245,S1A_IW_GRDH_1SDV_20230823T105811_20230823T105836_050002_0603FB_632B,2023-08-23T10:58:11Z,106.78797,20.52639,1,0.36,89.1,,0.966,4.05,in_window,"106.7879,106.7881","20.5251,20.5278",1.1,low,16.82,False,nearshore
S1A_IW_GRDH_1SD_20230823_E247,S1A_IW_GRDH_1SDV_20230823T105811_20230823T105836_050002_0603FB_632B,2023-08-23T10:58:11Z,107.10706,20.52864,1,0.33,139.6,,0.976,4.64,in_window,"107.1059,107.1075","20.5283,20.5296",0.96,low,20.44,True,
S1A_IW_GRDH_1SD_20230823_E248,S1A_IW_GRDH_1SDV_20230823T105811_20230823T105836_050002_0603FB_632B,2023-08-23T10:58:11Z,107.31905,20.5318,2,0.71,90.0,,0.976,4.71,in_window,"107.3189,107.3191","20.5264,20.5368",1.43,medium,24.56,True,
S1A_IW_GRDH_1SD_20230823_E251,S1A_IW_GRDH_1SDV_20230823T105811_20230823T105836_050002_0603FB_632B,2023-08-23T10:58:11Z,107.80979,20.55564,2,0.68,89.4,,0.898,4.51,in_window,"107.8091,107.8104","20.5456,20.5674",2.34,medium,40.08,True,
S1A_IW_GRDH_1SD_20230823_E252,S1A_IW_GRDH_1SDV_20230823T105811_20230823T105836_050002_0603FB_632B,2023-08-23T10:58:11Z,108.0545,20.57525,2,0.76,89.4,496.0,0.975,4.14,in_window,"108.0523,108.0571","20.5617,20.5906",6.61,medium,51.5,True,
S1A_IW_GRDH_1SD_20230823_E253,S1A_IW_GRDH_1SDV_20230823T105811_20230823T105836_050002_0603FB_632B,2023-08-23T10:58:11Z,107.9796,20.55938,2,0.69,90.1,106.0,0.988,4.27,in_window,"107.9791,107.9801","20.5528,20.5654",5.59,medium,48.69,True,
S1A_IW_GRDH_1SD_20230823_E254,S1A_IW_GRDH_1SDV_20230823T105811_20230823T105836_050002_0603FB_632B,2023-08-23T10:58:11Z,106.86505,20.55753,2,0.62,80.8,,0.989,4.09,in_window,"106.8642,106.8653","20.5553,20.5592",1.7,medium,14.64,False,nearshore
S1A_IW_GRDH_1SD_20230823_E256,S1A_IW_GRDH_1SDV_20230823T105811_20230823T105836_050002_0603FB_632B,2023-08-23T10:58:11Z,107.94361,20.5729,3,2.56,90.3,,0.985,4.3,in_window,"107.9435,107.9437","20.5589,20.5855",9.98,medium,45.65,True,
S1A_IW_GRDH_1SD_20230823_E261,S1A_IW_GRDH_1SDV_20230823T105811_20230823T105836_050002_0603FB_632B,2023-08-23T10:58:11Z,106.9002,20.57425,2,0.79,89.7,,0.963,4.1,in_window,"106.9000,106.9006","20.5669,20.5812",1.2,medium,15.09,False,nearshore
S1A_IW_GRDH_1SD_20230823_E263,S1A_IW_GRDH_1SDV_20230823T105811_20230823T105836_050002_0603FB_632B,2023-08-23T10:58:11Z,107.29557,20.60117,1,0.39,0.0,,0.976,4.46,in_window,"107.2938,107.2974","20.6012,20.6012",2.89,low,20.66,True,
S1A_IW_GRDH_1SD_20230823_E265,S1A_IW_GRDH_1SDV_20230823T105811_20230823T105836_050002_0603FB_632B,2023-08-23T10:58:11Z,106.94036,20.5905,1,0.36,90.0,,0.987,4.16,in_window,"106.9404,106.9404","20.5889,20.5921",3.09,low,16.73,False,nearshore
S1A_IW_GRDH_1SD_20230823_E268,S1A_IW_GRDH_1SDV_20230823T105811_20230823T105836_050002_0603FB_632B,2023-08-23T10:58:11Z,108.42334,20.61797,5,2.08,90.4,326.0,0.983,3.54,in_window,"108.4144,108.4428","20.5905,20.6665",14.62,high,74.41,True,
S1A_IW_GRDH_1SD_20230823_E269,S1A_IW_GRDH_1SDV_20230823T105811_20230823T105836_050002_0603FB_632B,2023-08-23T10:58:11Z,107.68111,20.62881,1,0.33,90.3,,0.984,4.46,in_window,"107.6810,107.6811","20.6277,20.6299",9.74,low,24.4,True,
S1A_IW_GRDH_1SD_20230823_E270,S1A_IW_GRDH_1SDV_20230823T105811_20230823T105836_050002_0603FB_632B,2023-08-23T10:58:11Z,108.51866,20.59165,1,0.31,88.7,,0.979,3.44,in_window,"108.5186,108.5188","20.5907,20.5927",2.46,low,76.89,True,
S1A_IW_GRDH_1SD_20230823_E271,S1A_IW_GRDH_1SDV_20230823T105811_20230823T105836_050002_0603FB_632B,2023-08-23T10:58:11Z,106.82467,20.59739,1,0.3,0.0,,0.991,3.81,in_window,"106.8233,106.8260","20.5974,20.5974",0.94,low,9.08,False,nearshore
S1A_IW_GRDH_1SD_20230823_E277,S1A_IW_GRDH_1SDV_20230823T105811_20230823T105836_050002_0603FB_632B,2023-08-23T10:58:11Z,106.96794,20.67709,9,5.23,90.0,310.0,0.989,3.77,in_window,"106.9619,106.9705","20.6068,20.7380",19.67,high,7.23,True,
S1A_IW_GRDH_1SD_20230823_E278,S1A_IW_GRDH_1SDV_20230823T105811_20230823T105836_050002_0603FB_632B,2023-08-23T10:58:11Z,108.49253,20.68414,9,4.42,90.1,785.0,0.971,3.24,in_window,"108.4779,108.5185","20.6284,20.7252",24.7,high,73.35,True,
S1A_IW_GRDH_1SD_20230823_E279,S1A_IW_GRDH_1SDV_20230823T105811_20230823T105836_050002_0603FB_632B,2023-08-23T10:58:11Z,106.85903,20.62193,1,0.36,85.8,,0.989,3.77,in_window,"106.8586,106.8592","20.6209,20.6228",0.87,low,8.29,False,nearshore
S1A_IW_GRDH_1SD_20230823_E282,S1A_IW_GRDH_1SDV_20230823T105811_20230823T105836_050002_0603FB_632B,2023-08-23T10:58:11Z,107.56902,20.65724,6,2.28,90.8,680.0,0.884,4.45,in_window,"107.5471,107.5837","20.6342,20.6868",16.2,high,12.79,True,
S1A_IW_GRDH_1SD_20230823_E284,S1A_IW_GRDH_1SDV_20230823T105811_20230823T105836_050002_0603FB_632B,2023-08-23T10:58:11Z,108.01753,20.63042,1,0.3,80.3,,0.979,4.1,in_window,"108.0169,108.0178","20.6293,20.6311",3.42,low,44.31,True,
S1A_IW_GRDH_1SD_20230823_E285,S1A_IW_GRDH_1SDV_20230823T105811_20230823T105836_050002_0603FB_632B,2023-08-23T10:58:11Z,108.3802,20.65703,4,2.58,89.8,401.0,0.985,3.5,in_window,"108.3779,108.3823","20.6332,20.6804",17.37,high,68.22,True,
S1A_IW_GRDH_1SD_20230823_E296,S1A_IW_GRDH_1SDV_20230823T105811_20230823T105836_050002_0603FB_632B,2023-08-23T10:58:11Z,108.59527,20.65376,2,0.76,89.4,1300.0,0.976,3.03,in_window,"108.5878,108.6009","20.6405,20.6705",6.82,medium,66.34,True,
S1A_IW_GRDH_1SD_20230823_E297,S1A_IW_GRDH_1SDV_20230823T105811_20230823T105836_050002_0603FB_632B,2023-08-23T10:58:11Z,108.16367,20.69926,3,1.17,90.1,,0.975,3.77,in_window,"108.1635,108.1638","20.6903,20.7077",5.92,medium,47.58,True,
S1A_IW_GRDH_1SD_20230823_E300,S1A_IW_GRDH_1SDV_20230823T105811_20230823T105836_050002_0603FB_632B,2023-08-23T10:58:11Z,108.0888,20.66654,2,0.95,52.7,308.0,0.972,3.93,in_window,"108.0857,108.0906","20.6645,20.6692",1.79,medium,44.94,True,
S1A_IW_GRDH_1SD_20230823_E301,S1A_IW_GRDH_1SDV_20230823T105811_20230823T105836_050002_0603FB_632B,2023-08-23T10:58:11Z,107.35845,20.6649,1,0.34,89.9,,0.955,4.32,in_window,"107.3584,107.3586","20.6635,20.6663",0.87,low,11.28,False,nearshore
S1A_IW_GRDH_1SD_20230823_E303,S1A_IW_GRDH_1SDV_20230823T105811_20230823T105836_050002_0603FB_632B,2023-08-23T10:58:11Z,107.80213,20.67187,1,0.61,89.6,,0.986,4.28,in_window,"107.8020,107.8022","20.6695,20.6741",2.57,low,30.14,True,
S1A_IW_GRDH_1SD_20230823_E308,S1A_IW_GRDH_1SDV_20230823T105811_20230823T105836_050002_0603FB_632B,2023-08-23T10:58:11Z,108.12882,20.70621,1,0.33,90.0,,0.981,3.81,in_window,"108.1288,108.1288","20.7048,20.7077",6.89,low,44.41,True,
S1A_IW_GRDH_1SD_20230823_E315,S1A_IW_GRDH_1SDV_20230823T105811_20230823T105836_050002_0603FB_632B,2023-08-23T10:58:11Z,108.44756,20.70606,1,0.32,90.3,,0.95,3.28,in_window,"108.4474,108.4476","20.7048,20.7074",1.21,low,71.24,True,
S1A_IW_GRDH_1SD_20230823_E316,S1A_IW_GRDH_1SDV_20230823T105811_20230823T105836_050002_0603FB_632B,2023-08-23T10:58:11Z,108.33804,20.74114,6,2.89,95.7,174.0,0.972,3.39,in_window,"108.3169,108.3451","20.7165,20.7553",20.29,high,59.39,True,
S1A_IW_GRDH_1SD_20230823_E318,S1A_IW_GRDH_1SDV_20230823T105811_20230823T105836_050002_0603FB_632B,2023-08-23T10:58:11Z,107.94542,20.71795,1,0.41,89.7,,0.742,4.03,in_window,"107.9454,107.9456","20.7163,20.7196",1.16,low,32.04,True,
S1A_IW_GRDH_1SD_20230823_E332,S1A_IW_GRDH_1SDV_20230823T105811_20230823T105836_050002_0603FB_632B,2023-08-23T10:58:11Z,107.90304,20.7646,1,0.33,146.3,,0.978,3.95,in_window,"107.9019,107.9035","20.7642,20.7656",7.68,low,25.24,True,
S1A_IW_GRDH_1SD_20230823_E336,S1A_IW_GRDH_1SDV_20230823T105811_20230823T105836_050002_0603FB_632B,2023-08-23T10:58:11Z,108.2751,20.7905,2,1.31,90.0,1592.0,0.911,3.43,in_window,"108.2715,108.2868","20.7796,20.7979",9.8,medium,50.94,True,
S1A_IW_GRDH_1SD_20230823_E337,S1A_IW_GRDH_1SDV_20230823T105811_20230823T105836_050002_0603FB_632B,2023-08-23T10:58:11Z,108.16455,20.76839,1,0.32,90.8,,0.986,3.64,in_window,"108.1645,108.1647","20.7670,20.7696",1.83,low,42.86,True,
S1A_IW_GRDH_1SD_20230823_E338,S1A_IW_GRDH_1SDV_20230823T105811_20230823T105836_050002_0603FB_632B,2023-08-23T10:58:11Z,108.19684,20.77409,1,0.43,90.5,,0.988,3.58,in_window,"108.1967,108.1969","20.7726,20.7757",0.91,low,45.1,True,
S1A_IW_GRDH_1SD_20230823_E343,S1A_IW_GRDH_1SDV_20230823T105811_20230823T105836_050002_0603FB_632B,2023-08-23T10:58:11Z,108.20707,20.82122,1,0.62,89.9,,0.772,3.46,in_window,"108.2070,108.2072","20.8190,20.8235",4.61,low,43.08,True,
S1A_IW_GRDH_1SD_20230823_E345,S1A_IW_GRDH_1SDV_20230823T105811_20230823T105836_050002_0603FB_632B,2023-08-23T10:58:11Z,108.12592,20.80413,1,0.43,90.0,,0.983,3.6,in_window,"108.1259,108.1261","20.8025,20.8058",2.02,low,37.22,True,
S1A_IW_GRDH_1SD_20230823_E349,S1A_IW_GRDH_1SDV_20230823T105811_20230823T105836_050002_0603FB_632B,2023-08-23T10:58:11Z,108.38374,20.80773,1,0.36,90.6,,0.974,3.28,in_window,"108.3836,108.3838","20.8065,20.8091",0.84,low,60.29,True,
S1A_IW_GRDH_1SD_20230823_E351,S1A_IW_GRDH_1SDV_20230823T105811_20230823T105836_050002_0603FB_632B,2023-08-23T10:58:11Z,108.08895,20.83747,1,0.31,90.0,,0.711,3.56,in_window,"108.0890,108.0890","20.8361,20.8388",0.32,low,31.89,True,
S1A_IW_GRDH_1SD_20230823_E352,S1A_IW_GRDH_1SDV_20230823T105811_20230823T105836_050002_0603FB_632B,2023-08-23T10:58:11Z,108.38223,20.84026,1,0.34,10.0,,0.997,3.28,in_window,"108.3817,108.3833","20.8396,20.8411",1.87,low,58.84,True,
S1A_IW_GRDH_1SD_20230823_E354,S1A_IW_GRDH_1SDV_20230823T105811_20230823T105836_050002_0603FB_632B,2023-08-23T10:58:11Z,108.04653,20.86957,1,0.34,89.3,,0.961,3.51,in_window,"108.0464,108.0465","20.8681,20.8709",3.01,low,26.21,True,
S1A_IW_GRDH_1SD_20230823_E355,S1A_IW_GRDH_1SDV_20230823T105811_20230823T105836_050002_0603FB_632B,2023-08-23T10:58:11Z,108.34788,20.87479,1,0.32,88.4,,0.988,3.3,in_window,"108.3479,108.3480","20.8738,20.8760",4.42,low,54.22,True,
S1A_IW_GRDH_1SD_20230823_E366,S1A_IW_GRDH_1SDV_20230823T105811_20230823T105836_050002_0603FB_632B,2023-08-23T10:58:11Z,108.57997,20.91609,4,1.6,44.5,179.0,0.943,3.24,in_window,"108.5723,108.5906","20.9113,20.9251",10.63,high,55.19,True,
S1A_IW_GRDH_1SD_20230823_E370,S1A_IW_GRDH_1SDV_20230823T105811_20230823T105836_050002_0603FB_632B,2023-08-23T10:58:11Z,108.50158,20.91699,1,0.41,90.9,,0.979,3.39,in_window,"108.5015,108.5019","20.9152,20.9185",8.67,low,63.14,True,
S1A_IW_GRDH_1SD_20230823_E373,S1A_IW_GRDH_1SDV_20230823T105811_20230823T105836_050002_0603FB_632B,2023-08-23T10:58:11Z,108.16821,20.94255,1,0.3,90.0,,0.97,3.3,in_window,"108.1682,108.1682","20.9412,20.9439",1.91,low,34.09,True,
S1A_IW_GRDH_1SD_20230823_E379,S1A_IW_GRDH_1SDV_20230823T105811_20230823T105836_050002_0603FB_632B,2023-08-23T10:58:11Z,108.30156,20.97297,2,0.77,135.6,,0.984,3.31,in_window,"108.2975,108.3034","20.9702,20.9769",8.23,medium,44.02,True,
S1A_IW_GRDH_1SD_20230823_E380,S1A_IW_GRDH_1SDV_20230823T105811_20230823T105836_050002_0603FB_632B,2023-08-23T10:58:11Z,107.81177,20.96143,1,0.43,89.8,,0.82,3.19,in_window,"107.8118,107.8119","20.9596,20.9633",2.56,low,3.03,False,nearshore
S1A_IW_GRDH_1SD_20230823_E390,S1A_IW_GRDH_1SDV_20230823T105811_20230823T105836_050002_0603FB_632B,2023-08-23T10:58:11Z,108.47047,21.03737,1,0.39,90.0,,0.754,3.62,in_window,"108.4705,108.4705","21.0357,21.0391",2.2,low,55.54,True,
S1A_IW_GRDH_1SD_20230823_E395,S1A_IW_GRDH_1SDV_20230823T105811_20230823T105836_050002_0603FB_632B,2023-08-23T10:58:11Z,107.87454,21.05494,1,0.5,41.0,,0.977,2.84,in_window,"107.8736,107.8759","21.0539,21.0561",2.12,low,3.06,False,nearshore
S1A_IW_GRDH_1SD_20230823_E402,S1A_IW_GRDH_1SDV_20230823T105811_20230823T105836_050002_0603FB_632B,2023-08-23T10:58:11Z,107.94454,21.09666,1,0.4,89.5,,0.977,2.74,in_window,"107.9444,107.9446","21.0951,21.0981",1.17,low,11.59,False,nearshore
S1A_IW_GRDH_1SD_20230823_E403,S1A_IW_GRDH_1SDV_20230823T105811_20230823T105836_050002_0603FB_632B,2023-08-23T10:58:11Z,108.34375,21.11298,1,0.47,85.7,,0.985,3.44,in_window,"108.3431,108.3440","21.1112,21.1144",1.99,low,40.13,True,
S1A_IW_GRDH_1SD_20230823_E406,S1A_IW_GRDH_1SDV_20230823T105811_20230823T105836_050002_0603FB_632B,2023-08-23T10:58:11Z,108.2276,21.13514,6,33.7,91.0,281.0,0.971,3.14,in_window,"108.2183,108.2385","21.1128,21.1509",18.44,high,27.93,True,
S1A_IW_GRDH_1SD_20230823_E407,S1A_IW_GRDH_1SDV_20230823T105811_20230823T105836_050002_0603FB_632B,2023-08-23T10:58:11Z,108.0174,21.11808,2,0.65,89.7,,0.995,2.75,in_window,"108.0172,108.0176","21.1141,21.1214",1.57,medium,12.93,False,nearshore
S1A_IW_GRDH_1SD_20230823_E411,S1A_IW_GRDH_1SDV_20230823T105811_20230823T105836_050002_0603FB_632B,2023-08-23T10:58:11Z,107.98313,21.14662,3,1.37,89.9,,0.96,2.61,in_window,"107.9829,107.9834","21.1381,21.1548",5.79,medium,9.04,False,nearshore
S1A_IW_GRDH_1SD_20230823_E412,S1A_IW_GRDH_1SDV_20230823T105811_20230823T105836_050002_0603FB_632B,2023-08-23T10:58:11Z,108.37754,21.14137,1,1.13,90.0,,0.98,3.55,in_window,"108.3775,108.3775","21.1363,21.1465",6.73,low,42.6,True,
S1A_IW_GRDH_1SD_20230823_E413,S1A_IW_GRDH_1SDV_20230823T105811_20230823T105836_050002_0603FB_632B,2023-08-23T10:58:11Z,108.18156,21.15857,2,0.77,90.3,,0.666,3.03,in_window,"108.1813,108.1820","21.1375,21.1901",10.39,medium,22.48,True,
S1A_IW_GRDH_1SD_20230823_E414,S1A_IW_GRDH_1SDV_20230823T105811_20230823T105836_050002_0603FB_632B,2023-08-23T10:58:11Z,108.34439,21.14739,2,0.62,90.5,,0.983,3.47,in_window,"108.3441,108.3446","21.1415,21.1530",2.65,medium,39.08,True,
S1A_IW_GRDH_1SD_20230823_E416,S1A_IW_GRDH_1SDV_20230823T105811_20230823T105836_050002_0603FB_632B,2023-08-23T10:58:11Z,108.07602,21.17864,7,3.6,1.2,292.0,0.975,2.74,in_window,"108.0392,108.1054","21.1575,21.1870",22.6,high,11.54,True,
S1A_IW_GRDH_1SD_20230823_E417,S1A_IW_GRDH_1SDV_20230823T105811_20230823T105836_050002_0603FB_632B,2023-08-23T10:58:11Z,108.27481,21.20935,10,6.67,99.8,494.0,0.956,3.28,in_window,"108.2265,108.3081","21.1780,21.2555",41.31,high,30.7,True,
S1A_IW_GRDH_1SD_20230823_E422,S1A_IW_GRDH_1SDV_20230823T105811_20230823T105836_050002_0603FB_632B,2023-08-23T10:58:11Z,108.4814,21.20777,1,0.69,90.0,,0.967,3.96,in_window,"108.4814,108.4814","21.2047,21.2109",7.05,low,39.06,True,
S1A_IW_GRDH_1SD_20230823_E423,S1A_IW_GRDH_1SDV_20230823T105811_20230823T105836_050002_0603FB_632B,2023-08-23T10:58:11Z,108.12912,21.22356,2,0.68,89.8,,0.976,2.84,in_window,"108.1287,108.1295","21.2167,21.2302",2.77,medium,15.38,False,nearshore
S1A_IW_GRDH_1SD_20230823_E425,S1A_IW_GRDH_1SDV_20230823T105811_20230823T105836_050002_0603FB_632B,2023-08-23T10:58:11Z,108.45378,21.24151,1,0.74,90.0,,0.921,3.95,in_window,"108.4538,108.4538","21.2382,21.2448",4.17,low,35.05,True,
S1A_IW_GRDH_1SD_20230823_E427,S1A_IW_GRDH_1SDV_20230823T105811_20230823T105836_050002_0603FB_632B,2023-08-23T10:58:11Z,108.20444,21.27052,1,0.46,89.8,,0.976,3.01,in_window,"108.2044,108.2046","21.2690,21.2721",1.04,low,23.53,True,
S1A_IW_GRDH_1SD_20230823_E001,S1A_IW_GRDH_1SDV_20230823T105836_20230823T105901_050002_0603FB_C19A,2023-08-23T10:58:36Z,107.67193,21.31219,3,2.05,90.0,,0.975,2.06,in_window,"107.6516,107.7119","21.2937,21.3547",19.26,medium,2.62,False,scene_fp
S1A_IW_GRDH_1SD_20230823_E002,S1A_IW_GRDH_1SDV_20230823T105836_20230823T105901_050002_0603FB_C19A,2023-08-23T10:58:36Z,107.92418,21.31218,3,3.17,0.0,1221.0,0.938,2.19,in_window,"107.8922,107.9401","21.3097,21.3318",37.79,high,6.38,False,scene_fp
S1A_IW_GRDH_1SD_20230823_E003,S1A_IW_GRDH_1SDV_20230823T105836_20230823T105901_050002_0603FB_C19A,2023-08-23T10:58:36Z,108.05765,21.32202,11,7.44,90.2,1236.0,0.954,2.38,in_window,"108.0149,108.1289","21.2965,21.3452",64.34,high,10.4,False,scene_fp
S1A_IW_GRDH_1SD_20230823_E004,S1A_IW_GRDH_1SDV_20230823T105836_20230823T105901_050002_0603FB_C19A,2023-08-23T10:58:36Z,108.2287,21.31748,6,2.77,90.0,1001.0,0.744,2.91,in_window,"108.2150,108.2498","21.2929,21.3492",16.75,high,20.34,False,scene_fp
S1A_IW_GRDH_1SD_20230825_E003,S1A_IW_GRDH_1SDV_20230825T104131_20230825T104200_050031_0604FA_DC8D,2023-08-25T10:41:31Z,111.28771,19.01191,3,2.66,6.3,1701.0,0.852,4.23,in_window,"111.2686,111.3080","19.0006,19.0298",20.98,medium,72.26,True,
S1A_IW_GRDH_1SD_20230825_E004,S1A_IW_GRDH_1SDV_20230825T104131_20230825T104200_050031_0604FA_DC8D,2023-08-25T10:41:31Z,110.89834,19.00264,1,0.33,135.4,,0.982,3.75,in_window,"110.8972,110.8987","19.0023,19.0037",2.57,low,35.33,True,
S1A_IW_GRDH_1SD_20230825_E005,S1A_IW_GRDH_1SDV_20230825T104131_20230825T104200_050031_0604FA_DC8D,2023-08-25T10:41:31Z,111.89497,19.63251,2528,12633.3,92.2,160.0,0.968,3.28,in_window,"110.9295,112.8922","19.0013,20.4385",12486.67,medium,90.0,False,blob_invalid
S1A_IW_GRDH_1SD_20230825_E006,S1A_IW_GRDH_1SDV_20230825T104131_20230825T104200_050031_0604FA_DC8D,2023-08-25T10:41:31Z,111.3468,19.03394,1,0.42,90.0,,0.965,4.11,in_window,"111.3468,111.3468","19.0321,19.0358",4.51,low,74.49,True,
S1A_IW_GRDH_1SD_20230825_E007,S1A_IW_GRDH_1SDV_20230825T104131_20230825T104200_050031_0604FA_DC8D,2023-08-25T10:41:31Z,111.00339,19.02824,4,1.64,90.2,387.0,0.971,3.93,in_window,"110.9984,111.0065","19.0009,19.0422",6.91,high,45.67,True,
S1A_IW_GRDH_1SD_20230825_E012,S1A_IW_GRDH_1SDV_20230825T104131_20230825T104200_050031_0604FA_DC8D,2023-08-25T10:41:31Z,111.84602,19.10746,32,110.7,85.5,459.0,0.969,3.27,in_window,"111.7991,111.9461","19.0664,19.2431",193.66,high,103.44,True,
S1A_IW_GRDH_1SD_20230825_E014,S1A_IW_GRDH_1SDV_20230825T104131_20230825T104200_050031_0604FA_DC8D,2023-08-25T10:41:31Z,111.50926,19.07793,1,0.32,90.0,,0.957,3.85,in_window,"111.5093,111.5093","19.0765,19.0793",1.97,low,79.74,True,
S1A_IW_GRDH_1SD_20230825_E016,S1A_IW_GRDH_1SDV_20230825T104131_20230825T104200_050031_0604FA_DC8D,2023-08-25T10:41:31Z,112.06224,19.06824,1,0.32,0.0,,0.98,2.98,in_window,"112.0608,112.0637","19.0682,19.0682",10.35,low,124.83,True,
S1A_IW_GRDH_1SD_20230825_E017,S1A_IW_GRDH_1SDV_20230825T104131_20230825T104200_050031_0604FA_DC8D,2023-08-25T10:41:31Z,110.8614,19.12633,1,0.75,90.0,,0.918,2.84,in_window,"110.8614,110.8614","19.1229,19.1297",10.69,low,27.61,True,
S1A_IW_GRDH_1SD_20230825_E018,S1A_IW_GRDH_1SDV_20230825T104131_20230825T104200_050031_0604FA_DC8D,2023-08-25T10:41:31Z,112.12048,19.07329,1,0.53,104.1,,0.989,2.94,in_window,"112.1203,112.1217","19.0717,19.0744",1.34,low,129.84,True,
S1A_IW_GRDH_1SD_20230825_E021,S1A_IW_GRDH_1SDV_20230825T104131_20230825T104200_050031_0604FA_DC8D,2023-08-25T10:41:31Z,111.6177,19.07901,1,0.42,26.5,,0.994,3.64,in_window,"111.6162,111.6184","19.0780,19.0793",1.85,low,87.17,True,
S1A_IW_GRDH_1SD_20230825_E022,S1A_IW_GRDH_1SDV_20230825T104131_20230825T104200_050031_0604FA_DC8D,2023-08-25T10:41:31Z,111.99316,19.08311,1,0.5,90.0,,0.87,3.05,in_window,"111.9932,111.9932","19.0809,19.0854",6.64,low,117.79,True,
S1A_IW_GRDH_1SD_20230825_E023,S1A_IW_GRDH_1SDV_20230825T104131_20230825T104200_050031_0604FA_DC8D,2023-08-25T10:41:31Z,111.51482,19.11275,5,2.0,90.0,1441.0,0.953,3.85,in_window,"111.5089,111.5366","19.0869,19.1287",16.89,high,77.14,True,
S1A_IW_GRDH_1SD_20230825_E026,S1A_IW_GRDH_1SDV_20230825T104131_20230825T104200_050031_0604FA_DC8D,2023-08-25T10:41:31Z,112.8005,19.12956,10,12.63,99.3,722.0,0.92,2.51,in_window,"112.7778,112.8326","19.1123,19.1865",40.58,high,193.22,True,
S1A_IW_GRDH_1SD_20230825_E027,S1A_IW_GRDH_1SDV_20230825T104131_20230825T104200_050031_0604FA_DC8D,2023-08-25T10:41:31Z,112.5566,19.11384,1,0.39,0.0,,0.958,2.72,in_window,"112.5548,112.5584","19.1138,19.1138",2.71,low,169.59,True,
S1A_IW_GRDH_1SD_20230825_E032,S1A_IW_GRDH_1SDV_20230825T104131_20230825T104200_050031_0604FA_DC8D,2023-08-25T10:41:31Z,110.61455,19.14009,2,0.8,89.7,219.0,0.935,1.31,low,"110.6131,110.6155","19.1331,19.1482",4.78,low,3.54,False,nearshore
S1A_IW_GRDH_1SD_20230825_E035,S1A_IW_GRDH_1SDV_20230825T104131_20230825T104200_050031_0604FA_DC8D,2023-08-25T10:41:31Z,111.09537,19.14295,1,0.55,0.0,,0.712,3.69,in_window,"111.0928,111.0978","19.1429,19.1430",2.79,low,47.56,True,
S1A_IW_GRDH_1SD_20230825_E036,S1A_IW_GRDH_1SDV_20230825T104131_20230825T104200_050031_0604FA_DC8D,2023-08-25T10:41:31Z,110.9727,19.14631,1,0.41,93.3,,0.981,3.29,in_window,"110.9726,110.9731","19.1449,19.1474",3.15,low,37.19,True,
S1A_IW_GRDH_1SD_20230825_E042,S1A_IW_GRDH_1SDV_20230825T104131_20230825T104200_050031_0604FA_DC8D,2023-08-25T10:41:31Z,110.93331,19.18441,1,0.46,70.7,,0.98,2.89,in_window,"110.9330,110.9344","19.1836,19.1858",1.92,low,31.44,True,
S1A_IW_GRDH_1SD_20230825_E043,S1A_IW_GRDH_1SDV_20230825T104131_20230825T104200_050031_0604FA_DC8D,2023-08-25T10:41:31Z,110.64535,19.20454,3,1.86,105.1,476.0,0.928,0.95,low,"110.6424,110.6460","19.1919,19.2224",8.66,low,3.48,False,nearshore
S1A_IW_GRDH_1SD_20230825_E051,S1A_IW_GRDH_1SDV_20230825T104131_20230825T104200_050031_0604FA_DC8D,2023-08-25T10:41:31Z,110.83645,19.19951,1,0.44,90.0,,0.984,2.21,in_window,"110.8364,110.8364","19.1976,19.2014",5.57,low,22.24,True,
S1A_IW_GRDH_1SD_20230825_E054,S1A_IW_GRDH_1SDV_20230825T104131_20230825T104200_050031_0604FA_DC8D,2023-08-25T10:41:31Z,111.80509,19.2369,4,1.47,89.7,840.0,0.964,3.44,in_window,"111.7993,111.8177","19.2178,19.2558",19.62,high,92.21,True,
S1A_IW_GRDH_1SD_20230825_E055,S1A_IW_GRDH_1SDV_20230825T104131_20230825T104200_050031_0604FA_DC8D,2023-08-25T10:41:31Z,112.40988,19.22035,1,0.3,89.7,,0.973,2.78,in_window,"112.4097,112.4099","19.2192,19.2215",1.81,low,151.23,True,
S1A_IW_GRDH_1SD_20230825_E059,S1A_IW_GRDH_1SDV_20230825T104131_20230825T104200_050031_0604FA_DC8D,2023-08-25T10:41:31Z,111.83342,19.21902,1,0.31,0.0,,0.974,3.38,in_window,"111.8320,111.8348","19.2190,19.2190",6.68,low,95.77,True,
S1A_IW_GRDH_1SD_20230825_E060,S1A_IW_GRDH_1SDV_20230825T104131_20230825T104200_050031_0604FA_DC8D,2023-08-25T10:41:31Z,111.29396,19.23551,2,0.72,89.6,,0.955,3.9,in_window,"111.2937,111.2943","19.2190,19.2549",6.09,medium,52.52,True,
S1A_IW_GRDH_1SD_20230825_E062,S1A_IW_GRDH_1SDV_20230825T104131_20230825T104200_050031_0604FA_DC8D,2023-08-25T10:41:31Z,112.23036,19.24926,1,0.42,90.0,,0.963,2.94,in_window,"112.2302,112.2304","19.2476,19.2509",1.16,low,132.41,True,
S1A_IW_GRDH_1SD_20230825_E070,S1A_IW_GRDH_1SDV_20230825T104131_20230825T104200_050031_0604FA_DC8D,2023-08-25T10:41:31Z,110.82383,19.28779,2,1.15,90.1,,0.973,1.51,low,"110.8237,110.8239","19.2818,19.2936",5.28,low,16.11,False,nearshore
S1A_IW_GRDH_1SD_20230825_E071,S1A_IW_GRDH_1SDV_20230825T104131_20230825T104200_050031_0604FA_DC8D,2023-08-25T10:41:31Z,111.14857,19.32198,1,0.45,90.6,,0.977,3.04,in_window,"111.1484,111.1486","19.3206,19.3235",15.77,low,37.2,True,
S1A_IW_GRDH_1SD_20230825_E077,S1A_IW_GRDH_1SDV_20230825T104131_20230825T104200_050031_0604FA_DC8D,2023-08-25T10:41:31Z,112.84794,19.32777,1,0.33,87.4,,0.983,2.36,in_window,"112.8477,112.8482","19.3267,19.3290",3.29,low,192.84,True,
S1A_IW_GRDH_1SD_20230825_E078,S1A_IW_GRDH_1SDV_20230825T104131_20230825T104200_050031_0604FA_DC8D,2023-08-25T10:41:31Z,112.79738,19.31438,1,0.33,90.0,,0.974,2.39,in_window,"112.7974,112.7974","19.3129,19.3158",6.19,low,187.92,True,
S1A_IW_GRDH_1SD_20230825_E079,S1A_IW_GRDH_1SDV_20230825T104131_20230825T104200_050031_0604FA_DC8D,2023-08-25T10:41:31Z,110.84939,19.42392,8,6.25,81.3,1345.0,0.941,0.87,low,"110.8222,110.8891","19.3237,19.4649",53.92,low,8.53,False,nearshore
S1A_IW_GRDH_1SD_20230825_E081,S1A_IW_GRDH_1SDV_20230825T104131_20230825T104200_050031_0604FA_DC8D,2023-08-25T10:41:31Z,112.26135,19.31994,1,0.36,135.6,,0.981,2.86,in_window,"112.2609,112.2625","19.3188,19.3203",3.49,low,133.17,True,
S1A_IW_GRDH_1SD_20230825_E083,S1A_IW_GRDH_1SDV_20230825T104131_20230825T104200_050031_0604FA_DC8D,2023-08-25T10:41:31Z,111.90673,19.35691,1,0.34,89.4,,0.98,3.27,in_window,"111.9066,111.9068","19.3558,19.3579",5.98,low,96.52,True,
S1A_IW_GRDH_1SD_20230825_E084,S1A_IW_GRDH_1SDV_20230825T104131_20230825T104200_050031_0604FA_DC8D,2023-08-25T10:41:31Z,111.40188,19.3524,1,0.46,89.7,,0.971,3.53,in_window,"111.4019,111.4020","19.3507,19.3542",2.51,low,50.02,True,
S1A_IW_GRDH_1SD_20230825_E085,S1A_IW_GRDH_1SDV_20230825T104131_20230825T104200_050031_0604FA_DC8D,2023-08-25T10:41:31Z,110.82803,19.35168,1,0.31,88.3,,0.973,1.15,low,"110.8280,110.8282","19.3507,19.3529",10.32,low,11.45,False,nearshore
S1A_IW_GRDH_1SD_20230825_E086,S1A_IW_GRDH_1SDV_20230825T104131_20230825T104200_050031_0604FA_DC8D,2023-08-25T10:41:31Z,110.86072,19.35806,3,1.55,74.9,228.0,0.986,1.3,low,"110.8604,110.8624","19.3512,19.3644",8.53,low,13.46,False,nearshore
S1A_IW_GRDH_1SD_20230825_E087,S1A_IW_GRDH_1SDV_20230825T104131_20230825T104200_050031_0604FA_DC8D,2023-08-25T10:41:31Z,111.15041,19.35207,1,0.39,90.2,,0.995,2.88,in_window,"111.1504,111.1506","19.3506,19.3535",2.9,low,34.21,True,
S1A_IW_GRDH_1SD_20230825_E088,S1A_IW_GRDH_1SDV_20230825T104131_20230825T104200_050031_0604FA_DC8D,2023-08-25T10:41:31Z,110.72178,19.39126,1,0.32,0.0,,0.973,0.33,low,"110.7203,110.7232","19.3913,19.3913",4.76,low,2.74,False,nearshore
S1A_IW_GRDH_1SD_20230825_E091,S1A_IW_GRDH_1SDV_20230825T104131_20230825T104200_050031_0604FA_DC8D,2023-08-25T10:41:31Z,110.756,19.40926,1,0.34,89.3,,0.666,0.39,low,"110.7558,110.7562","19.4082,19.4102",12.49,low,1.87,False,nearshore
S1A_IW_GRDH_1SD_20230825_E092,S1A_IW_GRDH_1SDV_20230825T104131_20230825T104200_050031_0604FA_DC8D,2023-08-25T10:41:31Z,112.24145,19.44673,7,4.3,101.0,348.0,0.961,2.81,in_window,"112.2307,112.2650","19.4246,19.4643",19.95,high,128.07,True,
S1A_IW_GRDH_1SD_20230825_E093,S1A_IW_GRDH_1SDV_20230825T104131_20230825T104200_050031_0604FA_DC8D,2023-08-25T10:41:31Z,110.81981,19.51808,10,4.49,90.0,506.0,0.916,0.34,low,"110.7943,110.8572","19.4624,19.5969",47.53,low,1.69,False,nearshore
S1A_IW_GRDH_1SD_20230825_E094,S1A_IW_GRDH_1SDV_20230825T104131_20230825T104200_050031_0604FA_DC8D,2023-08-25T10:41:31Z,112.65453,19.45279,1,0.31,90.8,,0.979,2.28,in_window,"112.6545,112.6547","19.4515,19.4540",5.28,low,170.74,True,
S1A_IW_GRDH_1SD_20230825_E095,S1A_IW_GRDH_1SDV_20230825T104131_20230825T104200_050031_0604FA_DC8D,2023-08-25T10:41:31Z,110.88279,19.4759,8,5.84,90.2,1647.0,0.94,0.74,low,"110.8573,110.8998","19.4663,19.4973",26.51,low,6.96,False,nearshore
S1A_IW_GRDH_1SD_20230825_E097,S1A_IW_GRDH_1SDV_20230825T104131_20230825T104200_050031_0604FA_DC8D,2023-08-25T10:41:31Z,112.44683,19.49564,1,0.37,88.9,,0.986,2.38,in_window,"112.4467,112.4469","19.4942,19.4969",1.77,low,148.61,True,
S1A_IW_GRDH_1SD_20230825_E098,S1A_IW_GRDH_1SDV_20230825T104131_20230825T104200_050031_0604FA_DC8D,2023-08-25T10:41:31Z,112.6655,19.49606,1,0.38,120.7,,0.958,2.21,in_window,"112.6645,112.6658","19.4955,19.4971",0.53,low,171.36,True,
S1A_IW_GRDH_1SD_20230825_E100,S1A_IW_GRDH_1SDV_20230825T104131_20230825T104200_050031_0604FA_DC8D,2023-08-25T10:41:31Z,112.59443,19.52135,1,0.5,89.1,,0.987,2.23,in_window,"112.5944,112.5946","19.5198,19.5232",0.76,low,163.71,True,
S1A_IW_GRDH_1SD_20230825_E102,S1A_IW_GRDH_1SDV_20230825T104131_20230825T104200_050031_0604FA_DC8D,2023-08-25T10:41:31Z,112.63082,19.52638,1,0.31,88.9,,0.974,2.21,in_window,"112.6308,112.6310","19.5254,19.5275",1.04,low,167.46,True,
S1A_IW_GRDH_1SD_20230825_E104,S1A_IW_GRDH_1SDV_20230825T104131_20230825T104200_050031_0604FA_DC8D,2023-08-25T10:41:31Z,112.40802,19.52839,1,0.48,89.5,,0.989,2.45,in_window,"112.4078,112.4082","19.5265,19.5302",0.51,low,144.21,True,
S1A_IW_GRDH_1SD_20230825_E105,S1A_IW_GRDH_1SDV_20230825T104131_20230825T104200_050031_0604FA_DC8D,2023-08-25T10:41:31Z,112.72713,19.58541,3,2.31,90.1,334.0,0.984,2.19,in_window,"112.7264,112.7298","19.5557,19.6283",23.17,high,177.15,True,
S1A_IW_GRDH_1SD_20230825_E107,S1A_IW_GRDH_1SDV_20230825T104131_20230825T104200_050031_0604FA_DC8D,2023-08-25T10:41:31Z,111.57807,19.57865,3,2.44,90.0,572.0,0.98,3.37,in_window,"111.5763,111.5888","19.5630,19.5919",22.21,high,57.28,True,
S1A_IW_GRDH_1SD_20230825_E114,S1A_IW_GRDH_1SDV_20230825T104131_20230825T104200_050031_0604FA_DC8D,2023-08-25T10:41:31Z,112.69588,19.63142,1,0.32,87.3,,0.993,2.2,in_window,"112.6956,112.6961","19.6302,19.6325",3.84,low,173.78,True,
S1A_IW_GRDH_1SD_20230825_E115,S1A_IW_GRDH_1SDV_20230825T104131_20230825T104200_050031_0604FA_DC8D,2023-08-25T10:41:31Z,112.51224,19.63307,1,0.54,87.4,,0.993,2.23,in_window,"112.5121,112.5124","19.6314,19.6351",0.8,low,154.57,True,
S1A_IW_GRDH_1SD_20230825_E117,S1A_IW_GRDH_1SDV_20230825T104131_20230825T104200_050031_0604FA_DC8D,2023-08-25T10:41:31Z,112.87826,19.68725,2,0.76,90.3,131.0,0.968,2.23,in_window,"112.8775,112.8789","19.6684,19.7027",4.34,medium,192.91,True,
S1A_IW_GRDH_1SD_20230825_E118,S1A_IW_GRDH_1SDV_20230825T104131_20230825T104200_050031_0604FA_DC8D,2023-08-25T10:41:31Z,112.83998,19.70171,3,1.04,90.1,,0.991,2.23,in_window,"112.8398,112.8402","19.6952,19.7079",2.9,medium,188.96,True,
S1A_IW_GRDH_1SD_20230825_E119,S1A_IW_GRDH_1SDV_20230825T104131_20230825T104200_050031_0604FA_DC8D,2023-08-25T10:41:31Z,112.65915,19.70446,2,1.01,92.9,138.0,0.973,2.22,in_window,"112.6579,112.6599","19.6985,19.7098",2.53,medium,170.07,True,
S1A_IW_GRDH_1SD_20230825_E125,S1A_IW_GRDH_1SDV_20230825T104131_20230825T104200_050031_0604FA_DC8D,2023-08-25T10:41:31Z,112.58577,19.73834,1,0.31,0.0,,0.97,2.24,in_window,"112.5844,112.5872","19.7383,19.7383",1.3,low,162.6,True,
S1A_IW_GRDH_1SD_20230825_E127,S1A_IW_GRDH_1SDV_20230825T104131_20230825T104200_050031_0604FA_DC8D,2023-08-25T10:41:31Z,112.69969,19.77321,1,0.35,75.1,,0.978,2.25,in_window,"112.6994,112.7005","19.7725,19.7745",1.55,low,174.77,True,
S1A_IW_GRDH_1SD_20230825_E128,S1A_IW_GRDH_1SDV_20230825T104131_20230825T104200_050031_0604FA_DC8D,2023-08-25T10:41:31Z,112.87977,19.8065,3,1.13,89.9,,0.972,2.29,in_window,"112.8796,112.8799","19.8020,19.8117",5.35,medium,193.86,True,
S1A_IW_GRDH_1SD_20230825_E130,S1A_IW_GRDH_1SDV_20230825T104131_20230825T104200_050031_0604FA_DC8D,2023-08-25T10:41:31Z,112.80472,19.83894,2,0.77,90.1,161.0,0.97,2.29,in_window,"112.8039,112.8056","19.8305,19.8478",6.73,medium,186.43,True,
S1A_IW_GRDH_1SD_20230825_E131,S1A_IW_GRDH_1SDV_20230825T104131_20230825T104200_050031_0604FA_DC8D,2023-08-25T10:41:31Z,112.7008,19.83797,2,0.86,103.6,,0.989,2.27,in_window,"112.6994,112.7011","19.8358,19.8411",9.12,medium,175.63,True,
S1A_IW_GRDH_1SD_20230825_E135,S1A_IW_GRDH_1SDV_20230825T104131_20230825T104200_050031_0604FA_DC8D,2023-08-25T10:41:31Z,112.7705,19.87069,2,0.65,89.0,,0.974,2.3,in_window,"112.7701,112.7709","19.8637,19.8774",2.72,medium,183.33,True,
S1A_IW_GRDH_1SD_20230825_E137,S1A_IW_GRDH_1SDV_20230825T104131_20230825T104200_050031_0604FA_DC8D,2023-08-25T10:41:31Z,112.83696,19.87137,1,0.31,90.0,,0.972,2.31,in_window,"112.8370,112.8370","19.8700,19.8727",2.93,low,188.72,True,
S1A_IW_GRDH_1SD_20230825_E138,S1A_IW_GRDH_1SDV_20230825T104131_20230825T104200_050031_0604FA_DC8D,2023-08-25T10:41:31Z,112.51566,19.87967,2,0.7,90.0,,0.976,2.3,in_window,"112.5156,112.5157","19.8765,19.8828",7.62,medium,157.13,True,
S1A_IW_GRDH_1SD_20230825_E139,S1A_IW_GRDH_1SDV_20230825T104131_20230825T104200_050031_0604FA_DC8D,2023-08-25T10:41:31Z,112.60907,19.937,8,6.48,90.4,2613.0,0.94,2.35,in_window,"112.5543,112.6592","19.8940,19.9720",56.42,medium,167.89,False,blob_invalid
S1A_IW_GRDH_1SD_20230825_E141,S1A_IW_GRDH_1SDV_20230825T104131_20230825T104200_050031_0604FA_DC8D,2023-08-25T10:41:31Z,112.51919,19.94151,2,0.82,89.3,,0.99,2.36,in_window,"112.5192,112.5194","19.9382,19.9452",4.87,medium,158.78,True,
S1A_IW_GRDH_1SD_20230825_E142,S1A_IW_GRDH_1SDV_20230825T104131_20230825T104200_050031_0604FA_DC8D,2023-08-25T10:41:31Z,112.73453,20.06757,21,11.22,89.4,253.0,0.955,2.51,in_window,"112.6974,112.7744","19.9417,20.1604",62.87,high,167.06,True,
S1A_IW_GRDH_1SD_20230825_E143,S1A_IW_GRDH_1SDV_20230825T104131_20230825T104200_050031_0604FA_DC8D,2023-08-25T10:41:31Z,112.76884,19.94582,1,0.31,91.4,,0.994,2.37,in_window,"112.7687,112.7689","19.9448,19.9470",1.4,low,180.44,True,
S1A_IW_GRDH_1SD_20230825_E144,S1A_IW_GRDH_1SDV_20230825T104131_20230825T104200_050031_0604FA_DC8D,2023-08-25T10:41:31Z,112.78926,20.03148,9,3.86,89.7,1045.0,0.943,2.47,in_window,"112.7680,112.8501","19.9532,20.1218",62.16,high,170.95,True,
S1A_IW_GRDH_1SD_20230825_E148,S1A_IW_GRDH_1SDV_20230825T104131_20230825T104200_050031_0604FA_DC8D,2023-08-25T10:41:31Z,111.18377,20.01556,1,0.31,90.2,,0.969,2.55,in_window,"111.1836,111.1838","20.0143,20.0168",1.44,low,25.56,True,
S1A_IW_GRDH_1SD_20230825_E152,S1A_IW_GRDH_1SDV_20230825T104131_20230825T104200_050031_0604FA_DC8D,2023-08-25T10:41:31Z,111.90045,20.06033,2,1.02,130.5,540.0,0.928,3.01,in_window,"111.9000,111.9026","20.0555,20.0655",2.57,medium,98.96,True,
S1A_IW_GRDH_1SD_20230825_E156,S1A_IW_GRDH_1SDV_20230825T104131_20230825T104200_050031_0604FA_DC8D,2023-08-25T10:41:31Z,111.55341,20.09911,2,1.33,44.6,,0.979,2.94,in_window,"111.5493,111.5690","20.0845,20.1080",11.16,medium,65.23,True,
S1A_IW_GRDH_1SD_20230825_E157,S1A_IW_GRDH_1SDV_20230825T104131_20230825T104200_050031_0604FA_DC8D,2023-08-25T10:41:31Z,112.8795,20.08423,1,0.42,160.9,,0.983,2.48,in_window,"112.8785,112.8805","20.0834,20.0849",1.97,low,165.38,True,
S1A_IW_GRDH_1SD_20230825_E160,S1A_IW_GRDH_1SDV_20230825T104131_20230825T104200_050031_0604FA_DC8D,2023-08-25T10:41:31Z,111.06504,20.1324,7,3.88,90.0,575.0,0.878,2.02,in_window,"111.0483,111.0816","20.1124,20.1738",27.53,high,20.13,True,
S1A_IW_GRDH_1SD_20230825_E161,S1A_IW_GRDH_1SDV_20230825T104131_20230825T104200_050031_0604FA_DC8D,2023-08-25T10:41:31Z,112.02636,20.12162,1,0.3,90.0,,0.98,2.81,in_window,"112.0264,112.0264","20.1203,20.1229",5.54,low,113.35,True,
S1A_IW_GRDH_1SD_20230825_E165,S1A_IW_GRDH_1SDV_20230825T104131_20230825T104200_050031_0604FA_DC8D,2023-08-25T10:41:31Z,111.18555,20.11909,1,0.35,158.9,,0.985,2.39,in_window,"111.1842,111.1861","20.1189,20.1199",2.23,low,29.62,True,
S1A_IW_GRDH_1SD_20230825_E167,S1A_IW_GRDH_1SDV_20230825T104131_20230825T104200_050031_0604FA_DC8D,2023-08-25T10:41:31Z,111.00981,20.13519,3,2.07,90.0,126.0,0.98,1.85,low,"111.0092,111.0106","20.1240,20.1471",5.09,low,16.5,False,nearshore
S1A_IW_GRDH_1SD_20230825_E169,S1A_IW_GRDH_1SDV_20230825T104131_20230825T104200_050031_0604FA_DC8D,2023-08-25T10:41:31Z,112.87698,20.11823,1,0.63,89.5,,0.976,2.51,in_window,"112.8765,112.8772","20.1162,20.1202",1.03,low,161.62,True,
S1A_IW_GRDH_1SD_20230825_E172,S1A_IW_GRDH_1SDV_20230825T104131_20230825T104200_050031_0604FA_DC8D,2023-08-25T10:41:31Z,111.97178,20.16583,5,2.0,89.6,704.0,0.988,2.74,in_window,"111.9653,111.9817","20.1174,20.2321",23.41,high,109.21,True,
S1A_IW_GRDH_1SD_20230825_E176,S1A_IW_GRDH_1SDV_20230825T104131_20230825T104200_050031_0604FA_DC8D,2023-08-25T10:41:31Z,111.14662,20.1799,4,2.41,90.0,539.0,0.98,2.22,in_window,"111.1443,111.1567","20.1385,20.2221",16.74,high,30.05,True,
S1A_IW_GRDH_1SD_20230825_E177,S1A_IW_GRDH_1SDV_20230825T104131_20230825T104200_050031_0604FA_DC8D,2023-08-25T10:41:31Z,112.87859,20.14758,1,0.33,113.4,,0.984,2.52,in_window,"112.8778,112.8788","20.1470,20.1485",3.31,low,158.39,True,
S1A_IW_GRDH_1SD_20230825_E179,S1A_IW_GRDH_1SDV_20230825T104131_20230825T104200_050031_0604FA_DC8D,2023-08-25T10:41:31Z,111.19336,20.1701,3,2.28,89.8,153.0,0.989,2.33,in_window,"111.1919,111.1937","20.1582,20.1864",13.57,high,33.28,True,
S1A_IW_GRDH_1SD_20230825_E182,S1A_IW_GRDH_1SDV_20230825T104131_20230825T104200_050031_0604FA_DC8D,2023-08-25T10:41:31Z,111.66947,20.18969,2,0.7,89.4,2412.0,0.985,2.77,in_window,"111.6574,111.6804","20.1812,20.1979",6.12,medium,79.8,False,blob_invalid
S1A_IW_GRDH_1SD_20230825_E184,S1A_IW_GRDH_1SDV_20230825T104131_20230825T104200_050031_0604FA_DC8D,2023-08-25T10:41:31Z,112.03838,20.15547,1,0.36,89.6,,0.965,2.74,in_window,"112.0384,112.0386","20.1541,20.1569",0.75,low,115.55,True,
S1A_IW_GRDH_1SD_20230825_E185,S1A_IW_GRDH_1SDV_20230825T104131_20230825T104200_050031_0604FA_DC8D,2023-08-25T10:41:31Z,111.71858,20.18365,3,1.05,90.0,,0.823,2.78,in_window,"111.7181,111.7189","20.1671,20.2061",6.3,medium,84.5,True,
S1A_IW_GRDH_1SD_20230825_E186,S1A_IW_GRDH_1SDV_20230825T104131_20230825T104200_050031_0604FA_DC8D,2023-08-25T10:41:31Z,112.11167,20.19725,2,0.94,90.0,128.0,0.992,2.67,in_window,"112.1111,112.1123","20.1897,20.2049",12.46,medium,124.21,True,
S1A_IW_GRDH_1SD_20230825_E187,S1A_IW_GRDH_1SDV_20230825T104131_20230825T104200_050031_0604FA_DC8D,2023-08-25T10:41:31Z,110.66271,20.17967,2,0.65,90.0,,0.734,1.32,low,"110.6623,110.6631","20.1720,20.1879",5.77,low,2.39,False,nearshore
S1A_IW_GRDH_1SD_20230825_E189,S1A_IW_GRDH_1SDV_20230825T104131_20230825T104200_050031_0604FA_DC8D,2023-08-25T10:41:31Z,111.55517,20.18421,1,0.42,0.0,,0.842,2.81,in_window,"111.5532,111.5571","20.1842,20.1842",3.66,low,68.2,True,
S1A_IW_GRDH_1SD_20230825_E190,S1A_IW_GRDH_1SDV_20230825T104131_20230825T104200_050031_0604FA_DC8D,2023-08-25T10:41:31Z,111.83764,20.20305,1,0.84,90.0,,0.979,2.7,in_window,"111.8376,111.8376","20.1993,20.2068",9.46,low,97.03,True,
S1A_IW_GRDH_1SD_20230825_E191,S1A_IW_GRDH_1SDV_20230825T104131_20230825T104200_050031_0604FA_DC8D,2023-08-25T10:41:31Z,110.90661,20.18989,1,0.3,77.3,,0.978,1.68,low,"110.9063,110.9073","20.1893,20.1910",4.77,low,19.72,False,nearshore
S1A_IW_GRDH_1SD_20230825_E192,S1A_IW_GRDH_1SDV_20230825T104131_20230825T104200_050031_0604FA_DC8D,2023-08-25T10:41:31Z,111.94147,20.18918,3,1.06,94.3,,0.991,2.7,in_window,"111.9413,111.9423","20.1846,20.1932",1.11,medium,106.95,True,
S1A_IW_GRDH_1SD_20230825_E193,S1A_IW_GRDH_1SDV_20230825T104131_20230825T104200_050031_0604FA_DC8D,2023-08-25T10:41:31Z,112.03925,20.19906,2,0.92,90.0,226.0,0.975,2.67,in_window,"112.0386,112.0407","20.1888,20.2061",8.25,medium,117.04,True,
S1A_IW_GRDH_1SD_20230825_E194,S1A_IW_GRDH_1SDV_20230825T104131_20230825T104200_050031_0604FA_DC8D,2023-08-25T10:41:31Z,111.58692,20.19694,1,0.4,1.2,,0.978,2.78,in_window,"111.5854,111.5887","20.1968,20.1972",3.86,low,71.8,True,
S1A_IW_GRDH_1SD_20230825_E195,S1A_IW_GRDH_1SDV_20230825T104131_20230825T104200_050031_0604FA_DC8D,2023-08-25T10:41:31Z,111.75729,20.20136,2,1.11,89.9,215.0,0.792,2.73,in_window,"111.7561,111.7582","20.1956,20.2074",2.67,medium,88.95,True,
S1A_IW_GRDH_1SD_20230825_E197,S1A_IW_GRDH_1SDV_20230825T104131_20230825T104200_050031_0604FA_DC8D,2023-08-25T10:41:31Z,112.1942,20.23989,2,0.69,91.0,123.0,0.985,2.68,in_window,"112.1931,112.1954","20.2230,20.2558",4.18,medium,133.86,True,
S1A_IW_GRDH_1SD_20230825_E198,S1A_IW_GRDH_1SDV_20230825T104131_20230825T104200_050031_0604FA_DC8D,2023-08-25T10:41:31Z,111.1808,20.25233,3,1.06,90.0,,0.972,2.26,in_window,"111.1805,111.1810","20.2459,20.2596",8.14,medium,38.03,True,
S1A_IW_GRDH_1SD_20230825_E200,S1A_IW_GRDH_1SDV_20230825T104131_20230825T104200_050031_0604FA_DC8D,2023-08-25T10:41:31Z,111.00622,20.22617,1,0.3,90.0,,0.899,1.95,low,"111.0062,111.0062","20.2249,20.2275",0.6,low,25.31,True,
S1A_IW_GRDH_1SD_20230825_E201,S1A_IW_GRDH_1SDV_20230825T104131_20230825T104200_050031_0604FA_DC8D,2023-08-25T10:41:31Z,110.87813,20.22384,3,1.36,0.0,409.0,0.97,1.68,low,"110.8630,110.8888","20.2227,20.2267",8.37,low,21.65,True,
S1A_IW_GRDH_1SD_20230825_E205,S1A_IW_GRDH_1SDV_20230825T104131_20230825T104200_050031_0604FA_DC8D,2023-08-25T10:41:31Z,110.60138,20.392,30,51.08,91.5,421.0,0.955,1.09,low,"110.5720,110.6731","20.2639,20.5153",155.17,low,10.16,False,nearshore
S1A_IW_GRDH_1SD_20230825_E206,S1A_IW_GRDH_1SDV_20230825T104131_20230825T104200_050031_0604FA_DC8D,2023-08-25T10:41:31Z,112.01802,20.2495,3,0.89,88.3,119.0,0.979,2.6,in_window,"112.0174,112.0192","20.2426,20.2548",7.4,high,116.58,True,
S1A_IW_GRDH_1SD_20230825_E209,S1A_IW_GRDH_1SDV_20230825T104131_20230825T104200_050031_0604FA_DC8D,2023-08-25T10:41:31Z,112.76624,20.26552,2,1.05,89.7,,0.929,2.77,in_window,"112.7661,112.7662","20.2572,20.2722",8.32,medium,145.1,True,
S1A_IW_GRDH_1SD_20230825_E210,S1A_IW_GRDH_1SDV_20230825T104131_20230825T104200_050031_0604FA_DC8D,2023-08-25T10:41:31Z,112.15715,20.25808,1,0.74,96.2,,0.975,2.65,in_window,"112.1559,112.1573","20.2560,20.2610",1.8,low,130.76,True,
S1A_IW_GRDH_1SD_20230825_E211,S1A_IW_GRDH_1SDV_20230825T104131_20230825T104200_050031_0604FA_DC8D,2023-08-25T10:41:31Z,111.2232,20.25195,1,0.3,90.0,,0.971,2.32,in_window,"111.2232,111.2234","20.2509,20.2530",2.12,low,41.29,True,
S1A_IW_GRDH_1SD_20230825_E212,S1A_IW_GRDH_1SDV_20230825T104131_20230825T104200_050031_0604FA_DC8D,2023-08-25T10:41:31Z,112.04463,20.26569,1,0.42,89.6,,0.978,2.59,in_window,"112.0445,112.0447","20.2642,20.2671",1.73,low,119.77,True,
S1A_IW_GRDH_1SD_20230825_E213,S1A_IW_GRDH_1SDV_20230825T104131_20230825T104200_050031_0604FA_DC8D,2023-08-25T10:41:31Z,110.83192,20.31757,13,21.04,83.1,371.0,0.969,1.59,low,"110.8049,110.8736","20.2700,20.3352",30.23,low,23.44,True,
S1A_IW_GRDH_1SD_20230825_E214,S1A_IW_GRDH_1SDV_20230825T104131_20230825T104200_050031_0604FA_DC8D,2023-08-25T10:41:31Z,112.8069,20.2583,1,0.4,86.3,,0.968,2.71,in_window,"112.8064,112.8069","20.2566,20.2596",1.82,low,145.88,True,
S1A_IW_GRDH_1SD_20230825_E215,S1A_IW_GRDH_1SDV_20230825T104131_20230825T104200_050031_0604FA_DC8D,2023-08-25T10:41:31Z,111.03849,20.27655,1,0.55,90.0,,0.882,2.0,low,"111.0385,111.0385","20.2741,20.2790",5.03,low,31.74,True,
S1A_IW_GRDH_1SD_20230825_E217,S1A_IW_GRDH_1SDV_20230825T104131_20230825T104200_050031_0604FA_DC8D,2023-08-25T10:41:31Z,111.76298,20.27993,1,0.76,90.0,,0.976,2.56,in_window,"111.7630,111.7630","20.2765,20.2834",5.79,low,92.2,True,
S1A_IW_GRDH_1SD_20230825_E218,S1A_IW_GRDH_1SDV_20230825T104131_20230825T104200_050031_0604FA_DC8D,2023-08-25T10:41:31Z,111.11254,20.31347,3,1.77,90.3,290.0,0.941,2.06,in_window,"111.1075,111.1150","20.2909,20.3302",24.07,high,38.91,True,
S1A_IW_GRDH_1SD_20230825_E220,S1A_IW_GRDH_1SDV_20230825T104131_20230825T104200_050031_0604FA_DC8D,2023-08-25T10:41:31Z,112.44907,20.28398,1,0.31,91.7,,0.988,2.8,in_window,"112.4489,112.4491","20.2831,20.2851",1.24,low,145.3,True,
S1A_IW_GRDH_1SD_20230825_E221,S1A_IW_GRDH_1SDV_20230825T104131_20230825T104200_050031_0604FA_DC8D,2023-08-25T10:41:31Z,111.25717,20.2889,2,0.82,89.8,,0.987,2.32,in_window,"111.2569,111.2574","20.2812,20.2954",3.08,medium,46.65,True,
S1A_IW_GRDH_1SD_20230825_E224,S1A_IW_GRDH_1SDV_20230825T104131_20230825T104200_050031_0604FA_DC8D,2023-08-25T10:41:31Z,111.20997,20.28622,1,0.38,90.2,,0.975,2.24,in_window,"111.2099,111.2101","20.2848,20.2876",2.62,low,42.84,True,
S1A_IW_GRDH_1SD_20230825_E227,S1A_IW_GRDH_1SDV_20230825T104131_20230825T104200_050031_0604FA_DC8D,2023-08-25T10:41:31Z,110.93474,20.29464,1,0.37,89.8,,0.984,1.78,low,"110.9346,110.9347","20.2931,20.2962",4.56,low,30.44,True,
S1A_IW_GRDH_1SD_20230825_E229,S1A_IW_GRDH_1SDV_20230825T104131_20230825T104200_050031_0604FA_DC8D,2023-08-25T10:41:31Z,112.66162,20.29194,1,0.31,89.6,,0.993,2.82,in_window,"112.6615,112.6617","20.2909,20.2929",0.78,low,142.79,True,
S1A_IW_GRDH_1SD_20230825_E232,S1A_IW_GRDH_1SDV_20230825T104131_20230825T104200_050031_0604FA_DC8D,2023-08-25T10:41:31Z,112.0477,20.32004,1,0.34,0.0,,0.987,2.57,in_window,"112.0462,112.0492","20.3200,20.3200",5.14,low,121.86,True,
S1A_IW_GRDH_1SD_20230825_E233,S1A_IW_GRDH_1SDV_20230825T104131_20230825T104200_050031_0604FA_DC8D,2023-08-25T10:41:31Z,111.68918,20.32723,2,0.61,75.8,,0.978,2.54,in_window,"111.6888,111.6903","20.3251,20.3302",1.31,medium,87.06,True,
S1A_IW_GRDH_1SD_20230825_E237,S1A_IW_GRDH_1SDV_20230825T104131_20230825T104200_050031_0604FA_DC8D,2023-08-25T10:41:31Z,112.15805,20.32697,1,0.34,89.6,,0.96,2.65,in_window,"112.1579,112.1581","20.3255,20.3283",0.99,low,133.11,True,
S1A_IW_GRDH_1SD_20230825_E242,S1A_IW_GRDH_1SDV_20230825T104131_20230825T104200_050031_0604FA_DC8D,2023-08-25T10:41:31Z,110.75341,20.36323,1,0.33,88.4,,0.993,1.43,low,"110.7532,110.7534","20.3619,20.3643",3.21,low,23.45,True,
S1A_IW_GRDH_1SD_20230825_E244,S1A_IW_GRDH_1SDV_20230825T104131_20230825T104200_050031_0604FA_DC8D,2023-08-25T10:41:31Z,112.25649,20.35159,2,0.95,0.0,,0.966,2.75,in_window,"112.2458,112.2665","20.3514,20.3518",5.05,medium,140.59,True,
S1A_IW_GRDH_1SD_20230825_E247,S1A_IW_GRDH_1SDV_20230825T104131_20230825T104200_050031_0604FA_DC8D,2023-08-25T10:41:31Z,111.62115,20.39672,12,9.67,151.2,218.0,0.978,2.53,in_window,"111.5908,111.6621","20.3729,20.4286",53.4,high,84.44,True,
S1A_IW_GRDH_1SD_20230825_E248,S1A_IW_GRDH_1SDV_20230825T104131_20230825T104200_050031_0604FA_DC8D,2023-08-25T10:41:31Z,111.22913,20.37976,2,0.82,44.5,226.0,0.567,2.21,in_window,"111.2245,111.2325","20.3768,20.3809",3.31,medium,51.91,True,
S1A_IW_GRDH_1SD_20230825_E251,S1A_IW_GRDH_1SDV_20230825T104131_20230825T104200_050031_0604FA_DC8D,2023-08-25T10:41:31Z,111.16223,20.48946,26,53.4,89.8,602.0,0.98,2.22,in_window,"111.0788,111.2156","20.3742,20.5363",105.17,high,58.53,True,
S1A_IW_GRDH_1SD_20230825_E259,S1A_IW_GRDH_1SDV_20230825T104131_20230825T104200_050031_0604FA_DC8D,2023-08-25T10:41:31Z,111.5058,20.38911,1,0.31,89.2,,0.972,2.55,in_window,"111.5058,111.5060","20.3880,20.3903",4.48,low,73.95,True,
S1A_IW_GRDH_1SD_20230825_E261,S1A_IW_GRDH_1SDV_20230825T104131_20230825T104200_050031_0604FA_DC8D,2023-08-25T10:41:31Z,112.77307,20.40543,2,0.87,90.0,,0.961,2.8,in_window,"112.7730,112.7732","20.4009,20.4103",9.58,medium,129.62,True,
S1A_IW_GRDH_1SD_20230825_E263,S1A_IW_GRDH_1SDV_20230825T104131_20230825T104200_050031_0604FA_DC8D,2023-08-25T10:41:31Z,110.93422,20.39663,1,0.38,80.4,,0.983,1.73,low,"110.9340,110.9348","20.3957,20.3977",1.39,low,37.19,True,
S1A_IW_GRDH_1SD_20230825_E268,S1A_IW_GRDH_1SDV_20230825T104131_20230825T104200_050031_0604FA_DC8D,2023-08-25T10:41:31Z,112.59087,20.39483,1,0.31,48.4,,0.953,2.91,in_window,"112.5905,112.5919","20.3945,20.3958",0.41,low,132.43,True,
S1A_IW_GRDH_1SD_20230825_E270,S1A_IW_GRDH_1SDV_20230825T104131_20230825T104200_050031_0604FA_DC8D,2023-08-25T10:41:31Z,112.81148,20.47353,6,3.86,71.0,615.0,0.844,2.75,in_window,"112.7963,112.8362","20.4277,20.5001",24.56,high,122.1,True,
S1A_IW_GRDH_1SD_20230825_E271,S1A_IW_GRDH_1SDV_20230825T104131_20230825T104200_050031_0604FA_DC8D,2023-08-25T10:41:31Z,111.07923,20.43836,3,1.86,89.1,132.0,0.963,2.03,in_window,"111.0786,111.0811","20.4130,20.4577",16.26,high,49.97,True,
S1A_IW_GRDH_1SD_20230825_E272,S1A_IW_GRDH_1SDV_20230825T104131_20230825T104200_050031_0604FA_DC8D,2023-08-25T10:41:31Z,112.66632,20.41851,2,0.65,44.6,546.0,0.958,2.89,in_window,"112.6647,112.6695","20.4152,20.4204",5.7,medium,128.81,True,
S1A_IW_GRDH_1SD_20230825_E277,S1A_IW_GRDH_1SDV_20230825T104131_20230825T104200_050031_0604FA_DC8D,2023-08-25T10:41:31Z,112.73349,20.42961,1,0.4,91.0,,0.959,2.86,in_window,"112.7332,112.7335","20.4281,20.4313",1.47,low,127.07,True,
S1A_IW_GRDH_1SD_20230825_E280,S1A_IW_GRDH_1SDV_20230825T104131_20230825T104200_050031_0604FA_DC8D,2023-08-25T10:41:31Z,112.04896,20.43095,2,0.72,45.4,101.0,0.985,2.64,in_window,"112.0483,112.0510","20.4296,20.4334",1.83,medium,126.14,True,
S1A_IW_GRDH_1SD_20230825_E281,S1A_IW_GRDH_1SDV_20230825T104131_20230825T104200_050031_0604FA_DC8D,2023-08-25T10:41:31Z,110.68281,20.45473,1,0.89,90.0,,0.967,1.19,low,"110.6828,110.6828","20.4507,20.4587",5.39,low,15.76,False,nearshore
S1A_IW_GRDH_1SD_20230825_E282,S1A_IW_GRDH_1SDV_20230825T104131_20230825T104200_050031_0604FA_DC8D,2023-08-25T10:41:31Z,112.19254,20.42761,1,0.37,89.0,,0.949,2.77,in_window,"112.1919,112.1929","20.4265,20.4285",0.26,low,130.74,True,
S1A_IW_GRDH_1SD_20230825_E283,S1A_IW_GRDH_1SDV_20230825T104131_20230825T104200_050031_0604FA_DC8D,2023-08-25T10:41:31Z,112.33215,20.42786,1,0.31,89.3,,0.956,2.88,in_window,"112.3321,112.3323","20.4267,20.4292",0.77,low,130.84,True,
S1A_IW_GRDH_1SD_20230825_E285,S1A_IW_GRDH_1SDV_20230825T104131_20230825T104200_050031_0604FA_DC8D,2023-08-25T10:41:31Z,110.9731,20.43069,1,0.33,89.3,,0.983,1.84,low,"110.9729,110.9731","20.4293,20.4320",0.52,low,42.73,True,
S1A_IW_GRDH_1SD_20230825_E290,S1A_IW_GRDH_1SDV_20230825T104131_20230825T104200_050031_0604FA_DC8D,2023-08-25T10:41:31Z,112.12129,20.43476,3,1.03,103.0,,0.986,2.71,in_window,"112.1206,112.1221","20.4309,20.4386",0.7,medium,128.2,True,
S1A_IW_GRDH_1SD_20230825_E293,S1A_IW_GRDH_1SDV_20230825T104131_20230825T104200_050031_0604FA_DC8D,2023-08-25T10:41:31Z,111.76289,20.45757,1,0.33,0.0,,0.974,2.58,in_window,"111.7614,111.7644","20.4576,20.4576",1.37,low,100.61,True,
S1A_IW_GRDH_1SD_20230825_E299,S1A_IW_GRDH_1SDV_20230825T104131_20230825T104200_050031_0604FA_DC8D,2023-08-25T10:41:31Z,111.79461,20.60134,83,279.09,94.9,251.0,0.978,3.05,in_window,"111.6806,111.8980","20.4872,20.7203",319.35,high,104.09,True,
S1A_IW_GRDH_1SD_20230825_E301,S1A_IW_GRDH_1SDV_20230825T104131_20230825T104200_050031_0604FA_DC8D,2023-08-25T10:41:31Z,111.54529,20.46224,1,0.33,66.0,,0.975,2.57,in_window,"111.5444,111.5457","20.4612,20.4627",0.8,low,82.14,True,
S1A_IW_GRDH_1SD_20230825_E303,S1A_IW_GRDH_1SDV_20230825T104131_20230825T104200_050031_0604FA_DC8D,2023-08-25T10:41:31Z,112.73487,20.47879,3,1.16,104.6,555.0,0.979,2.87,in_window,"112.7322,112.7360","20.4660,20.4970",5.77,high,121.63,True,
S1A_IW_GRDH_1SD_20230825_E310,S1A_IW_GRDH_1SDV_20230825T104131_20230825T104200_050031_0604FA_DC8D,2023-08-25T10:41:31Z,111.43664,20.49864,1,0.3,81.6,,0.99,2.55,in_window,"111.4362,111.4368","20.4978,20.4993",2.52,low,76.21,True,
S1A_IW_GRDH_1SD_20230825_E316,S1A_IW_GRDH_1SDV_20230825T104131_20230825T104200_050031_0604FA_DC8D,2023-08-25T10:41:31Z,112.22656,20.5251,3,1.55,89.8,,0.952,2.98,in_window,"112.2262,112.2271","20.5166,20.5338",3.2,medium,121.44,True,
S1A_IW_GRDH_1SD_20230825_E317,S1A_IW_GRDH_1SDV_20230825T104131_20230825T104200_050031_0604FA_DC8D,2023-08-25T10:41:31Z,112.32002,20.55809,2,1.17,90.0,1977.0,0.934,3.07,in_window,"112.3126,112.3319","20.5507,20.5669",14.33,medium,116.89,True,
S1A_IW_GRDH_1SD_20230825_E318,S1A_IW_GRDH_1SDV_20230825T104131_20230825T104200_050031_0604FA_DC8D,2023-08-25T10:41:31Z,111.47856,20.57029,1,0.41,89.6,,0.98,2.85,in_window,"111.4784,111.4786","20.5687,20.5718",5.01,low,84.95,True,
S1A_IW_GRDH_1SD_20230825_E319,S1A_IW_GRDH_1SDV_20230825T104131_20230825T104200_050031_0604FA_DC8D,2023-08-25T10:41:31Z,111.65692,20.55799,3,1.46,89.1,272.0,0.98,2.87,in_window,"111.6560,111.6606","20.5312,20.5725",7.95,high,97.86,True,
S1A_IW_GRDH_1SD_20230825_E320,S1A_IW_GRDH_1SDV_20230825T104131_20230825T104200_050031_0604FA_DC8D,2023-08-25T10:41:31Z,110.71901,20.53519,7,12.75,97.0,248.0,0.968,1.24,low,"110.7143,110.7246","20.5290,20.5527",7.12,low,20.33,True,
S1A_IW_GRDH_1SD_20230825_E321,S1A_IW_GRDH_1SDV_20230825T104131_20230825T104200_050031_0604FA_DC8D,2023-08-25T10:41:31Z,111.54872,20.53334,1,0.41,171.1,,0.982,2.76,in_window,"111.5477,111.5504","20.5326,20.5335",3.32,low,87.4,True,
S1A_IW_GRDH_1SD_20230825_E329,S1A_IW_GRDH_1SDV_20230825T104131_20230825T104200_050031_0604FA_DC8D,2023-08-25T10:41:31Z,112.74412,20.55866,7,2.85,89.6,2983.0,0.945,2.87,in_window,"112.7046,112.7694","20.5405,20.5669",24.37,medium,112.77,False,blob_invalid
S1A_IW_GRDH_1SD_20230825_E334,S1A_IW_GRDH_1SDV_20230825T104131_20230825T104200_050031_0604FA_DC8D,2023-08-25T10:41:31Z,111.5381,20.56726,1,0.77,179.9,,0.987,2.87,in_window,"111.5345,111.5416","20.5673,20.5673",4.72,low,89.11,True,
S1A_IW_GRDH_1SD_20230825_E335,S1A_IW_GRDH_1SDV_20230825T104131_20230825T104200_050031_0604FA_DC8D,2023-08-25T10:41:31Z,110.75263,20.56761,1,0.3,8.4,,0.982,1.31,low,"110.7518,110.7539","20.5675,20.5682",2.2,low,24.89,True,
S1A_IW_GRDH_1SD_20230825_E340,S1A_IW_GRDH_1SDV_20230825T104131_20230825T104200_050031_0604FA_DC8D,2023-08-25T10:41:31Z,111.63378,20.59649,3,1.04,0.0,1246.0,0.963,3.04,in_window,"111.6099,111.6816","20.5877,20.6011",11.43,high,98.7,True,
S1A_IW_GRDH_1SD_20230825_E341,S1A_IW_GRDH_1SDV_20230825T104131_20230825T104200_050031_0604FA_DC8D,2023-08-25T10:41:31Z,111.12188,20.62872,10,7.66,90.3,733.0,0.924,2.42,in_window,"111.0791,111.1434","20.6057,20.6583",38.93,high,60.91,True,
S1A_IW_GRDH_1SD_20230825_E344,S1A_IW_GRDH_1SDV_20230825T104131_20230825T104200_050031_0604FA_DC8D,2023-08-25T10:41:31Z,111.42578,20.5952,1,0.33,0.0,,0.981,2.87,in_window,"111.4243,111.4273","20.5952,20.5952",6.68,low,83.36,True,
S1A_IW_GRDH_1SD_20230825_E345,S1A_IW_GRDH_1SDV_20230825T104131_20230825T104200_050031_0604FA_DC8D,2023-08-25T10:41:31Z,111.64822,20.6646,23,50.78,83.9,778.0,0.972,3.31,in_window,"111.5559,111.7110","20.6013,20.7192",144.46,high,94.48,True,
S1A_IW_GRDH_1SD_20230825_E348,S1A_IW_GRDH_1SDV_20230825T104131_20230825T104200_050031_0604FA_DC8D,2023-08-25T10:41:31Z,110.82454,20.61776,2,1.96,90.0,,0.98,1.53,low,"110.8243,110.8246","20.6021,20.6307",11.14,low,34.0,True,
S1A_IW_GRDH_1SD_20230825_E349,S1A_IW_GRDH_1SDV_20230825T104131_20230825T104200_050031_0604FA_DC8D,2023-08-25T10:41:31Z,112.37432,20.60351,1,0.31,91.1,,0.989,3.12,in_window,"112.3742,112.3744","20.6025,20.6047",1.15,low,110.97,True,
S1A_IW_GRDH_1SD_20230825_E353,S1A_IW_GRDH_1SDV_20230825T104131_20230825T104200_050031_0604FA_DC8D,2023-08-25T10:41:31Z,112.72802,20.60241,1,0.53,0.0,,0.967,2.88,in_window,"112.7255,112.7305","20.6024,20.6024",1.77,low,108.02,True,
S1A_IW_GRDH_1SD_20230825_E356,S1A_IW_GRDH_1SDV_20230825T104131_20230825T104200_050031_0604FA_DC8D,2023-08-25T10:41:31Z,112.15226,20.62772,1,0.59,89.4,,0.988,3.14,in_window,"112.1522,112.1524","20.6257,20.6301",2.54,low,108.3,True,
S1A_IW_GRDH_1SD_20230825_E357,S1A_IW_GRDH_1SDV_20230825T104131_20230825T104200_050031_0604FA_DC8D,2023-08-25T10:41:31Z,110.85923,20.64455,3,1.0,89.1,344.0,0.985,1.66,low,"110.8582,110.8613","20.6334,20.6612",11.28,low,38.25,True,
S1A_IW_GRDH_1SD_20230825_E359,S1A_IW_GRDH_1SDV_20230825T104131_20230825T104200_050031_0604FA_DC8D,2023-08-25T10:41:31Z,112.88162,20.63646,1,0.35,89.8,,0.97,2.58,in_window,"112.8816,112.8818","20.6350,20.6379",1.66,low,104.5,True,
S1A_IW_GRDH_1SD_20230825_E361,S1A_IW_GRDH_1SDV_20230825T104131_20230825T104200_050031_0604FA_DC8D,2023-08-25T10:41:31Z,111.87303,20.64602,1,0.34,6.5,,0.976,3.22,in_window,"111.8721,111.8745","20.6459,20.6466",5.62,low,100.97,True,
S1A_IW_GRDH_1SD_20230825_E364,S1A_IW_GRDH_1SDV_20230825T104131_20230825T104200_050031_0604FA_DC8D,2023-08-25T10:41:31Z,110.75729,20.65865,1,0.72,89.8,,0.938,1.35,low,"110.7573,110.7575","20.6556,20.6619",2.73,low,29.5,True,
S1A_IW_GRDH_1SD_20230825_E366,S1A_IW_GRDH_1SDV_20230825T104131_20230825T104200_050031_0604FA_DC8D,2023-08-25T10:41:31Z,112.23047,20.69718,1,0.34,90.0,,0.982,3.27,in_window,"112.2305,112.2305","20.6957,20.6987",9.2,low,103.69,True,
S1A_IW_GRDH_1SD_20230825_E368,S1A_IW_GRDH_1SDV_20230825T104131_20230825T104200_050031_0604FA_DC8D,2023-08-25T10:41:31Z,112.65646,20.67281,1,0.37,88.8,,0.978,2.96,in_window,"112.6563,112.6565","20.6714,20.6740",0.78,low,101.01,True,
S1A_IW_GRDH_1SD_20230825_E370,S1A_IW_GRDH_1SDV_20230825T104131_20230825T104200_050031_0604FA_DC8D,2023-08-25T10:41:31Z,111.36473,20.67142,1,0.35,13.0,,0.993,3.07,in_window,"111.3639,111.3661","20.6713,20.6722",0.92,low,81.8,True,
S1A_IW_GRDH_1SD_20230825_E371,S1A_IW_GRDH_1SDV_20230825T104131_20230825T104200_050031_0604FA_DC8D,2023-08-25T10:41:31Z,112.12063,20.6764,1,0.52,90.0,,0.813,3.26,in_window,"112.1206,112.1206","20.6741,20.6787",0.69,low,102.22,True,
S1A_IW_GRDH_1SD_20230825_E374,S1A_IW_GRDH_1SDV_20230825T104131_20230825T104200_050031_0604FA_DC8D,2023-08-25T10:41:31Z,111.34761,20.70661,3,1.87,0.0,,0.945,3.23,in_window,"111.3375,111.3572","20.7064,20.7069",20.42,medium,78.84,True,
S1A_IW_GRDH_1SD_20230825_E375,S1A_IW_GRDH_1SDV_20230825T104131_20230825T104200_050031_0604FA_DC8D,2023-08-25T10:41:31Z,111.05239,20.70771,1,0.34,88.9,,0.988,2.36,in_window,"111.0524,111.0526","20.7065,20.7091",3.78,low,50.29,True,
S1A_IW_GRDH_1SD_20230825_E380,S1A_IW_GRDH_1SDV_20230825T104131_20230825T104200_050031_0604FA_DC8D,2023-08-25T10:41:31Z,112.08976,20.7094,1,0.39,89.9,,0.964,3.37,in_window,"112.0896,112.0898","20.7078,20.7110",0.84,low,97.87,True,
S1A_IW_GRDH_1SD_20230825_E381,S1A_IW_GRDH_1SDV_20230825T104131_20230825T104200_050031_0604FA_DC8D,2023-08-25T10:41:31Z,111.29121,20.70655,1,0.3,166.3,,0.962,3.12,in_window,"111.2901,111.2919","20.7064,20.7072",0.63,low,73.25,True,
S1A_IW_GRDH_1SD_20230827_E001,S1A_IW_GRDH_1SDV_20230827T102534_20230827T102604_050060_060605_AA37,2023-08-27T10:25:34Z,114.73714,21.52768,1617,5494.5,89.5,147.0,0.967,2.5,in_window,"114.2783,115.2245","20.8397,22.1807",7988.07,medium,73.06,False,blob_invalid
S1A_IW_GRDH_1SD_20230827_E003,S1A_IW_GRDH_1SDV_20230827T102534_20230827T102604_050060_060605_AA37,2023-08-27T10:25:34Z,115.61296,20.94078,9,10.68,78.8,1374.0,0.973,2.66,in_window,"115.5741,115.6464","20.9174,20.9985",56.06,high,183.56,True,
S1A_IW_GRDH_1SD_20230827_E004,S1A_IW_GRDH_1SDV_20230827T102534_20230827T102604_050060_060605_AA37,2023-08-27T10:25:34Z,115.77079,20.92989,9,14.39,86.6,587.0,0.973,2.76,in_window,"115.7555,115.8055","20.9153,20.9518",23.3,high,193.31,True,
S1A_IW_GRDH_1SD_20230827_E005,S1A_IW_GRDH_1SDV_20230827T102534_20230827T102604_050060_060605_AA37,2023-08-27T10:25:34Z,115.48932,20.97117,10,10.13,90.0,477.0,0.972,2.68,in_window,"115.4699,115.5186","20.9282,21.0084",77.4,high,171.78,True,
S1A_IW_GRDH_1SD_20230827_E006,S1A_IW_GRDH_1SDV_20230827T102534_20230827T102604_050060_060605_AA37,2023-08-27T10:25:34Z,115.68378,20.91911,2,0.67,92.4,,0.968,2.7,in_window,"115.6833,115.6840","20.9164,20.9216",2.11,medium,190.71,True,
S1A_IW_GRDH_1SD_20230827_E007,S1A_IW_GRDH_1SDV_20230827T102534_20230827T102604_050060_060605_AA37,2023-08-27T10:25:34Z,115.25825,20.92778,1,1.04,0.0,,0.977,3.03,in_window,"115.2533,115.2632","20.9278,20.9278",10.68,low,158.91,True,
S1A_IW_GRDH_1SD_20230827_E008,S1A_IW_GRDH_1SDV_20230827T102534_20230827T102604_050060_060605_AA37,2023-08-27T10:25:34Z,115.90293,20.92106,1,0.39,90.5,,0.991,2.66,in_window,"115.9029,115.9031","20.9198,20.9223",2.54,low,196.21,True,
S1A_IW_GRDH_1SD_20230827_E011,S1A_IW_GRDH_1SDV_20230827T102534_20230827T102604_050060_060605_AA37,2023-08-27T10:25:34Z,115.22462,20.95507,2,1.0,135.2,1572.0,0.969,3.0,in_window,"115.2145,115.2436","20.9501,20.9589",9.4,medium,154.35,True,
S1A_IW_GRDH_1SD_20230827_E013,S1A_IW_GRDH_1SDV_20230827T102534_20230827T102604_050060_060605_AA37,2023-08-27T10:25:34Z,115.87449,20.99647,10,26.77,82.7,312.0,0.984,2.71,in_window,"115.8610,115.9117","20.9720,21.0036",22.36,high,187.49,True,
S1A_IW_GRDH_1SD_20230827_E015,S1A_IW_GRDH_1SDV_20230827T102534_20230827T102604_050060_060605_AA37,2023-08-27T10:25:34Z,115.9971,21.1082,261,759.65,91.3,216.0,0.971,2.79,in_window,"115.7930,116.3074","20.9674,21.4923",1144.79,high,178.06,False,blob_invalid
S1A_IW_GRDH_1SD_20230827_E016,S1A_IW_GRDH_1SDV_20230827T102534_20230827T102604_050060_060605_AA37,2023-08-27T10:25:34Z,116.46263,21.05819,17,22.56,89.9,733.0,0.976,2.09,in_window,"116.4240,116.4911","20.9802,21.1795",75.43,high,198.22,True,
S1A_IW_GRDH_1SD_20230827_E017,S1A_IW_GRDH_1SDV_20230827T102534_20230827T102604_050060_060605_AA37,2023-08-27T10:25:34Z,116.25043,20.9989,5,2.17,91.9,565.0,0.794,2.25,in_window,"116.2379,116.2617","20.9850,21.0101",9.13,high,197.64,True,
S1A_IW_GRDH_1SD_20230827_E018,S1A_IW_GRDH_1SDV_20230827T102534_20230827T102604_050060_060605_AA37,2023-08-27T10:25:34Z,116.55243,21.04194,8,5.71,89.1,761.0,0.956,2.02,in_window,"116.5254,116.5650","20.9937,21.0970",49.06,high,202.96,True,
S1A_IW_GRDH_1SD_20230827_E024,S1A_IW_GRDH_1SDV_20230827T102534_20230827T102604_050060_060605_AA37,2023-08-27T10:25:34Z,115.17964,21.05648,2,1.34,90.2,180.0,0.838,2.92,in_window,"115.1790,115.1809","21.0482,21.0640",24.33,medium,142.7,True,
S1A_IW_GRDH_1SD_20230827_E026,S1A_IW_GRDH_1SDV_20230827T102534_20230827T102604_050060_060605_AA37,2023-08-27T10:25:34Z,115.24882,21.06586,1,9.06,99.7,,0.977,2.94,in_window,"115.2406,115.2594","21.0557,21.0726",14.24,low,146.69,True,
S1A_IW_GRDH_1SD_20230827_E027,S1A_IW_GRDH_1SDV_20230827T102534_20230827T102604_050060_060605_AA37,2023-08-27T10:25:34Z,115.5046,21.03845,4,1.38,128.2,758.0,0.981,2.59,in_window,"115.5018,115.5073","21.0325,21.0569",8.0,high,167.92,True,
S1A_IW_GRDH_1SD_20230827_E028,S1A_IW_GRDH_1SDV_20230827T102534_20230827T102604_050060_060605_AA37,2023-08-27T10:25:34Z,115.61405,21.03242,1,0.36,84.9,,0.98,2.59,in_window,"115.6135,115.6143","21.0310,21.0334",1.51,low,177.07,True,
S1A_IW_GRDH_1SD_20230827_E030,S1A_IW_GRDH_1SDV_20230827T102534_20230827T102604_050060_060605_AA37,2023-08-27T10:25:34Z,115.54135,21.03668,1,0.39,107.9,,0.99,2.57,in_window,"115.5412,115.5422","21.0356,21.0373",5.52,low,170.94,True,
S1A_IW_GRDH_1SD_20230827_E031,S1A_IW_GRDH_1SDV_20230827T102534_20230827T102604_050060_060605_AA37,2023-08-27T10:25:34Z,115.71918,21.03279,1,0.4,0.0,,0.836,2.71,in_window,"115.7173,115.7210","21.0328,21.0328",0.89,low,181.47,True,
S1A_IW_GRDH_1SD_20230827_E034,S1A_IW_GRDH_1SDV_20230827T102534_20230827T102604_050060_060605_AA37,2023-08-27T10:25:34Z,116.62424,21.06558,3,1.31,90.0,1505.0,0.976,1.97,low,"116.6049,116.6365","21.0557,21.0693",5.62,low,202.34,True,
S1A_IW_GRDH_1SD_20230827_E035,S1A_IW_GRDH_1SDV_20230827T102534_20230827T102604_050060_060605_AA37,2023-08-27T10:25:34Z,115.54511,21.08559,2,0.71,85.0,294.0,0.984,2.5,in_window,"115.5444,115.5455","21.0664,21.1046",17.43,medium,167.77,True,
S1A_IW_GRDH_1SD_20230827_E038,S1A_IW_GRDH_1SDV_20230827T102534_20230827T102604_050060_060605_AA37,2023-08-27T10:25:34Z,116.41504,21.10683,1,0.46,89.9,,0.979,2.17,in_window,"116.4149,116.4150","21.1050,21.1087",4.18,low,191.5,True,
S1A_IW_GRDH_1SD_20230827_E040,S1A_IW_GRDH_1SDV_20230827T102534_20230827T102604_050060_060605_AA37,2023-08-27T10:25:34Z,115.60789,21.10819,1,0.3,89.7,,0.974,2.51,in_window,"115.6077,115.6079","21.1071,21.1092",6.51,low,171.39,True,
S1A_IW_GRDH_1SD_20230827_E041,S1A_IW_GRDH_1SDV_20230827T102534_20230827T102604_050060_060605_AA37,2023-08-27T10:25:34Z,115.5861,21.13031,5,1.78,76.1,606.0,0.986,2.47,in_window,"115.5775,115.6117","21.0973,21.1729",16.44,high,168.09,True,
S1A_IW_GRDH_1SD_20230827_E042,S1A_IW_GRDH_1SDV_20230827T102534_20230827T102604_050060_060605_AA37,2023-08-27T10:25:34Z,115.25067,21.09694,1,0.35,89.1,,0.974,2.9,in_window,"115.2507,115.2508","21.0957,21.0984",2.2,low,144.3,True,
S1A_IW_GRDH_1SD_20230827_E044,S1A_IW_GRDH_1SDV_20230827T102534_20230827T102604_050060_060605_AA37,2023-08-27T10:25:34Z,116.33651,21.10271,1,0.31,0.0,,0.983,2.27,in_window,"116.3351,116.3379","21.1027,21.1027",3.4,low,189.45,True,
S1A_IW_GRDH_1SD_20230827_E049,S1A_IW_GRDH_1SDV_20230827T102534_20230827T102604_050060_060605_AA37,2023-08-27T10:25:34Z,116.6027,21.16933,1,0.59,90.0,,0.973,1.94,low,"116.6027,116.6027","21.1667,21.1720",18.13,low,190.69,True,
S1A_IW_GRDH_1SD_20230827_E050,S1A_IW_GRDH_1SDV_20230827T102534_20230827T102604_050060_060605_AA37,2023-08-27T10:25:34Z,115.75596,21.16616,5,2.88,89.9,167.0,0.97,2.73,in_window,"115.7530,115.7574","21.1371,21.1851",18.69,high,167.17,True,
S1A_IW_GRDH_1SD_20230827_E051,S1A_IW_GRDH_1SDV_20230827T102534_20230827T102604_050060_060605_AA37,2023-08-27T10:25:34Z,115.25181,21.16468,4,8.41,144.8,1840.0,0.983,2.82,in_window,"115.2449,115.2709","21.1360,21.1735",10.81,medium,139.04,True,
S1A_IW_GRDH_1SD_20230827_E054,S1A_IW_GRDH_1SDV_20230827T102534_20230827T102604_050060_060605_AA37,2023-08-27T10:25:34Z,116.52326,21.13798,1,0.53,0.0,,0.983,2.04,in_window,"116.5207,116.5258","21.1380,21.1380",4.47,low,191.92,True,
S1A_IW_GRDH_1SD_20230827_E055,S1A_IW_GRDH_1SDV_20230827T102534_20230827T102604_050060_060605_AA37,2023-08-27T10:25:34Z,114.40491,21.1353,1,0.5,3.8,,0.986,2.35,in_window,"114.4026,114.4066","21.1346,21.1354",1.75,low,99.85,True,
S1A_IW_GRDH_1SD_20230827_E056,S1A_IW_GRDH_1SDV_20230827T102534_20230827T102604_050060_060605_AA37,2023-08-27T10:25:34Z,115.14299,21.13574,1,0.35,91.4,,0.992,2.85,in_window,"115.1430,115.1432","21.1345,21.1368",1.86,low,133.55,True,
S1A_IW_GRDH_1SD_20230827_E057,S1A_IW_GRDH_1SDV_20230827T102534_20230827T102604_050060_060605_AA37,2023-08-27T10:25:34Z,115.6593,21.17298,1,0.33,0.0,,0.966,2.53,in_window,"115.6578,115.6608","21.1730,21.1730",3.47,low,165.58,True,
S1A_IW_GRDH_1SD_20230827_E059,S1A_IW_GRDH_1SDV_20230827T102534_20230827T102604_050060_060605_AA37,2023-08-27T10:25:34Z,115.32224,21.17615,1,0.48,90.2,,0.982,2.65,in_window,"115.3221,115.3223","21.1743,21.1780",7.21,low,143.55,True,
S1A_IW_GRDH_1SD_20230827_E060,S1A_IW_GRDH_1SDV_20230827T102534_20230827T102604_050060_060605_AA37,2023-08-27T10:25:34Z,116.33589,21.20714,4,1.64,98.9,590.0,0.98,2.37,in_window,"116.3348,116.3386","21.1711,21.2345",15.09,high,178.39,True,
S1A_IW_GRDH_1SD_20230827_E062,S1A_IW_GRDH_1SDV_20230827T102534_20230827T102604_050060_060605_AA37,2023-08-27T10:25:34Z,115.50231,21.17405,1,0.3,89.6,,0.984,2.38,in_window,"115.5021,115.5023","21.1728,21.1752",2.25,low,158.19,True,
S1A_IW_GRDH_1SD_20230827_E063,S1A_IW_GRDH_1SDV_20230827T102534_20230827T102604_050060_060605_AA37,2023-08-27T10:25:34Z,115.1327,21.17165,2,0.77,137.2,411.0,0.989,2.83,in_window,"115.1294,115.1344","21.1690,21.1731",4.66,medium,129.86,True,
S1A_IW_GRDH_1SD_20230827_E065,S1A_IW_GRDH_1SDV_20230827T102534_20230827T102604_050060_060605_AA37,2023-08-27T10:25:34Z,116.41547,21.22299,7,3.58,90.3,1852.0,0.937,2.24,in_window,"116.3791,116.4515","21.1814,21.2747",42.18,medium,179.4,True,
S1A_IW_GRDH_1SD_20230827_E069,S1A_IW_GRDH_1SDV_20230827T102534_20230827T102604_050060_060605_AA37,2023-08-27T10:25:34Z,115.47195,21.19894,1,0.32,89.0,,0.982,2.38,in_window,"115.4719,115.4721","21.1978,21.2002",1.32,low,153.99,True,
S1A_IW_GRDH_1SD_20230827_E070,S1A_IW_GRDH_1SDV_20230827T102534_20230827T102604_050060_060605_AA37,2023-08-27T10:25:34Z,115.1424,21.20219,1,0.39,89.8,,0.975,2.81,in_window,"115.1424,115.1426","21.2006,21.2038",1.53,low,128.07,True,
S1A_IW_GRDH_1SD_20230827_E071,S1A_IW_GRDH_1SDV_20230827T102534_20230827T102604_050060_060605_AA37,2023-08-27T10:25:34Z,115.20802,21.25998,5,2.64,89.8,2709.0,0.943,2.73,in_window,"115.1755,115.2291","21.2305,21.2787",32.83,medium,128.47,False,blob_invalid
S1A_IW_GRDH_1SD_20230827_E072,S1A_IW_GRDH_1SDV_20230827T102534_20230827T102604_050060_060605_AA37,2023-08-27T10:25:34Z,115.70307,21.21651,1,0.43,90.4,,0.848,2.59,in_window,"115.7029,115.7031","21.2148,21.2183",2.98,low,161.08,True,
S1A_IW_GRDH_1SD_20230827_E073,S1A_IW_GRDH_1SDV_20230827T102534_20230827T102604_050060_060605_AA37,2023-08-27T10:25:34Z,115.39586,21.23266,1,0.36,90.0,,0.951,2.45,in_window,"115.3959,115.3959","21.2311,21.2342",3.05,low,145.42,True,
S1A_IW_GRDH_1SD_20230827_E074,S1A_IW_GRDH_1SDV_20230827T102534_20230827T102604_050060_060605_AA37,2023-08-27T10:25:34Z,115.64454,21.22919,2,0.72,90.0,,0.949,2.47,in_window,"115.6445,115.6446","21.2259,21.2324",3.12,medium,159.29,True,
S1A_IW_GRDH_1SD_20230827_E075,S1A_IW_GRDH_1SDV_20230827T102534_20230827T102604_050060_060605_AA37,2023-08-27T10:25:34Z,115.35967,21.29991,5,4.05,85.0,444.0,0.946,2.43,in_window,"115.3514,115.3626","21.2313,21.3341",25.54,high,137.89,True,
S1A_IW_GRDH_1SD_20230827_E076,S1A_IW_GRDH_1SDV_20230827T102534_20230827T102604_050060_060605_AA37,2023-08-27T10:25:34Z,116.48029,21.26333,1,0.53,90.0,,0.963,2.13,in_window,"116.4803,116.4803","21.2609,21.2657",8.04,low,177.4,True,
S1A_IW_GRDH_1SD_20230827_E079,S1A_IW_GRDH_1SDV_20230827T102534_20230827T102604_050060_060605_AA37,2023-08-27T10:25:34Z,116.58379,21.28216,5,2.44,84.2,448.0,0.918,1.97,low,"116.5603,116.6032","21.2414,21.3104",17.82,low,178.16,True,
S1A_IW_GRDH_1SD_20230827_E084,S1A_IW_GRDH_1SDV_20230827T102534_20230827T102604_050060_060605_AA37,2023-08-27T10:25:34Z,115.39095,21.27773,1,0.3,0.8,,0.993,2.41,in_window,"115.3900,115.3923","21.2775,21.2780",3.98,low,141.98,True,
S1A_IW_GRDH_1SD_20230827_E085,S1A_IW_GRDH_1SDV_20230827T102534_20230827T102604_050060_060605_AA37,2023-08-27T10:25:34Z,115.69412,21.27683,2,1.24,44.2,353.0,0.983,2.54,in_window,"115.6891,115.6999","21.2764,21.2792",4.1,medium,154.36,True,
S1A_IW_GRDH_1SD_20230827_E086,S1A_IW_GRDH_1SDV_20230827T102534_20230827T102604_050060_060605_AA37,2023-08-27T10:25:34Z,115.55501,21.31586,8,4.68,90.3,904.0,0.907,2.29,in_window,"115.5413,115.5767","21.2908,21.3642",36.11,high,149.53,True,
S1A_IW_GRDH_1SD_20230827_E087,S1A_IW_GRDH_1SDV_20230827T102534_20230827T102604_050060_060605_AA37,2023-08-27T10:25:34Z,115.65276,21.27696,1,0.3,4.8,,0.969,2.45,in_window,"115.6517,115.6541","21.2769,21.2773",0.79,low,154.06,True,
S1A_IW_GRDH_1SD_20230827_E088,S1A_IW_GRDH_1SDV_20230827T102534_20230827T102604_050060_060605_AA37,2023-08-27T10:25:34Z,116.43019,21.31083,1,0.79,0.0,,0.985,2.25,in_window,"116.4264,116.4339","21.3108,21.3108",9.14,low,170.88,True,
S1A_IW_GRDH_1SD_20230827_E090,S1A_IW_GRDH_1SDV_20230827T102534_20230827T102604_050060_060605_AA37,2023-08-27T10:25:34Z,115.42268,21.41376,14,8.06,90.0,409.0,0.963,2.27,in_window,"115.3931,115.4665","21.3378,21.4770",87.09,high,136.38,True,
S1A_IW_GRDH_1SD_20230827_E094,S1A_IW_GRDH_1SDV_20230827T102534_20230827T102604_050060_060605_AA37,2023-08-27T10:25:34Z,116.23328,21.31023,1,0.62,144.7,,0.987,2.6,in_window,"116.2324,116.2356","21.3084,21.3108",1.91,low,164.44,True,
S1A_IW_GRDH_1SD_20230827_E097,S1A_IW_GRDH_1SDV_20230827T102534_20230827T102604_050060_060605_AA37,2023-08-27T10:25:34Z,116.63119,21.37479,3,1.42,90.2,628.0,0.971,1.94,low,"116.6267,116.6330","21.3596,21.4037",21.43,low,169.95,True,
S1A_IW_GRDH_1SD_20230827_E098,S1A_IW_GRDH_1SDV_20230827T102534_20230827T102604_050060_060605_AA37,2023-08-27T10:25:34Z,116.41354,21.3443,2,0.79,89.5,,0.982,2.3,in_window,"116.4132,116.4139","21.3351,21.3539",3.39,medium,166.8,True,
S1A_IW_GRDH_1SD_20230827_E100,S1A_IW_GRDH_1SDV_20230827T102534_20230827T102604_050060_060605_AA37,2023-08-27T10:25:34Z,115.27348,21.49959,82,425.9,34.6,239.0,0.978,2.29,in_window,"115.1570,115.3564","21.3366,21.6770",280.29,high,118.12,True,
S1A_IW_GRDH_1SD_20230827_E101,S1A_IW_GRDH_1SDV_20230827T102534_20230827T102604_050060_060605_AA37,2023-08-27T10:25:34Z,115.7675,21.40624,2,0.73,89.9,2028.0,0.914,2.6,in_window,"115.7557,115.7754","21.3801,21.4250",25.12,medium,140.99,False,blob_invalid
S1A_IW_GRDH_1SD_20230827_E102,S1A_IW_GRDH_1SDV_20230827T102534_20230827T102604_050060_060605_AA37,2023-08-27T10:25:34Z,116.08824,21.34487,2,0.78,89.7,,0.967,2.74,in_window,"116.0878,116.0886","21.3412,21.3486",1.12,medium,155.87,True,
S1A_IW_GRDH_1SD_20230827_E103,S1A_IW_GRDH_1SDV_20230827T102534_20230827T102604_050060_060605_AA37,2023-08-27T10:25:34Z,116.12207,21.37249,1,0.79,89.9,,0.972,2.7,in_window,"116.1220,116.1221","21.3689,21.3760",6.44,low,154.28,True,
S1A_IW_GRDH_1SD_20230827_E105,S1A_IW_GRDH_1SDV_20230827T102534_20230827T102604_050060_060605_AA37,2023-08-27T10:25:34Z,115.60894,21.40167,6,3.07,90.2,1734.0,0.958,2.34,in_window,"115.5759,115.6434","21.3660,21.4471",24.57,medium,140.1,True,
S1A_IW_GRDH_1SD_20230827_E109,S1A_IW_GRDH_1SDV_20230827T102534_20230827T102604_050060_060605_AA37,2023-08-27T10:25:34Z,116.56147,21.48077,1,0.34,88.8,,0.95,2.17,in_window,"116.5613,116.5615","21.4793,21.4820",13.03,low,156.51,True,
S1A_IW_GRDH_1SD_20230827_E111,S1A_IW_GRDH_1SDV_20230827T102534_20230827T102604_050060_060605_AA37,2023-08-27T10:25:34Z,115.72356,21.40141,2,1.04,90.2,,0.92,2.54,in_window,"115.7234,115.7236","21.3968,21.4061",3.84,medium,140.94,True,
S1A_IW_GRDH_1SD_20230827_E115,S1A_IW_GRDH_1SDV_20230827T102534_20230827T102604_050060_060605_AA37,2023-08-27T10:25:34Z,116.0791,21.4134,1,0.32,0.0,,0.976,2.71,in_window,"116.0776,116.0806","21.4134,21.4134",3.66,low,148.43,True,
S1A_IW_GRDH_1SD_20230827_E120,S1A_IW_GRDH_1SDV_20230827T102534_20230827T102604_050060_060605_AA37,2023-08-27T10:25:34Z,115.83649,21.44887,1,0.6,179.2,,0.992,2.61,in_window,"115.8337,115.8390","21.4489,21.4492",5.92,low,137.58,True,
S1A_IW_GRDH_1SD_20230827_E121,S1A_IW_GRDH_1SDV_20230827T102534_20230827T102604_050060_060605_AA37,2023-08-27T10:25:34Z,116.09208,21.45096,2,0.66,136.0,526.0,0.989,2.68,in_window,"116.0899,116.0960","21.4496,21.4536",4.69,medium,145.06,True,
S1A_IW_GRDH_1SD_20230827_E122,S1A_IW_GRDH_1SDV_20230827T102534_20230827T102604_050060_060605_AA37,2023-08-27T10:25:34Z,116.35332,21.46361,1,0.3,90.0,,0.993,2.45,in_window,"116.3533,116.3533","21.4623,21.4649",12.09,low,152.21,True,
S1A_IW_GRDH_1SD_20230827_E123,S1A_IW_GRDH_1SDV_20230827T102534_20230827T102604_050060_060605_AA37,2023-08-27T10:25:34Z,115.87997,21.45943,4,2.71,87.1,271.0,0.935,2.63,in_window,"115.8687,115.9044","21.4462,21.4691",20.36,high,137.42,True,
S1A_IW_GRDH_1SD_20230827_E128,S1A_IW_GRDH_1SDV_20230827T102534_20230827T102604_050060_060605_AA37,2023-08-27T10:25:34Z,115.83771,21.61794,41,40.06,95.1,432.0,0.955,2.56,in_window,"115.7319,115.9161","21.4472,21.7607",265.18,high,119.34,True,
S1A_IW_GRDH_1SD_20230827_E130,S1A_IW_GRDH_1SDV_20230827T102534_20230827T102604_050060_060605_AA37,2023-08-27T10:25:34Z,115.72282,21.45173,1,0.36,90.6,,0.96,2.49,in_window,"115.7226,115.7228","21.4504,21.4532",0.88,low,135.4,True,
S1A_IW_GRDH_1SD_20230827_E135,S1A_IW_GRDH_1SDV_20230827T102534_20230827T102604_050060_060605_AA37,2023-08-27T10:25:34Z,116.4881,21.48019,1,0.43,90.2,,0.985,2.31,in_window,"116.4881,116.4883","21.4785,21.4818",10.94,low,154.35,True,
S1A_IW_GRDH_1SD_20230827_E137,S1A_IW_GRDH_1SDV_20230827T102534_20230827T102604_050060_060605_AA37,2023-08-27T10:25:34Z,116.16163,21.48334,2,0.61,89.8,,0.974,2.62,in_window,"116.1614,116.1619","21.4799,21.4867",1.34,medium,144.03,True,
S1A_IW_GRDH_1SD_20230827_E138,S1A_IW_GRDH_1SDV_20230827T102534_20230827T102604_050060_060605_AA37,2023-08-27T10:25:34Z,116.20769,21.48359,1,0.81,0.0,,0.954,2.6,in_window,"116.2038,116.2115","21.4836,21.4836",5.56,low,145.25,True,
S1A_IW_GRDH_1SD_20230827_E139,S1A_IW_GRDH_1SDV_20230827T102534_20230827T102604_050060_060605_AA37,2023-08-27T10:25:34Z,115.11984,21.50143,4,1.47,166.0,882.0,0.932,2.46,in_window,"115.1022,115.1374","21.4867,21.5174",12.45,high,104.5,True,
S1A_IW_GRDH_1SD_20230827_E140,S1A_IW_GRDH_1SDV_20230827T102534_20230827T102604_050060_060605_AA37,2023-08-27T10:25:34Z,116.58496,21.51814,3,1.1,90.5,2271.0,0.987,2.14,in_window,"116.5691,116.5921","21.5110,21.5264",10.09,medium,153.39,False,blob_invalid
S1A_IW_GRDH_1SD_20230827_E141,S1A_IW_GRDH_1SDV_20230827T102534_20230827T102604_050060_060605_AA37,2023-08-27T10:25:34Z,116.38362,21.51145,1,0.32,90.4,,0.957,2.44,in_window,"116.3836,116.3838","21.5101,21.5127",0.89,low,148.43,True,
S1A_IW_GRDH_1SD_20230827_E142,S1A_IW_GRDH_1SDV_20230827T102534_20230827T102604_050060_060605_AA37,2023-08-27T10:25:34Z,116.41227,21.51792,2,0.82,68.0,,0.987,2.41,in_window,"116.4105,116.4128","21.5149,21.5196",4.45,medium,148.37,True,
S1A_IW_GRDH_1SD_20230827_E144,S1A_IW_GRDH_1SDV_20230827T102534_20230827T102604_050060_060605_AA37,2023-08-27T10:25:34Z,116.04538,21.55167,2,0.93,90.1,,0.973,2.67,in_window,"116.0452,116.0455","21.5465,21.5559",5.13,medium,132.9,True,
S1A_IW_GRDH_1SD_20230827_E146,S1A_IW_GRDH_1SDV_20230827T102534_20230827T102604_050060_060605_AA37,2023-08-27T10:25:34Z,116.56982,21.55433,2,0.68,89.5,354.0,0.978,2.17,in_window,"116.5683,116.5716","21.5468,21.5630",4.87,medium,149.09,True,
S1A_IW_GRDH_1SD_20230827_E147,S1A_IW_GRDH_1SDV_20230827T102534_20230827T102604_050060_060605_AA37,2023-08-27T10:25:34Z,116.45007,21.58831,1,0.34,98.8,,0.977,2.36,in_window,"116.4494,116.4509","21.5876,21.5891",8.93,low,141.77,True,
S1A_IW_GRDH_1SD_20230827_E149,S1A_IW_GRDH_1SDV_20230827T102534_20230827T102604_050060_060605_AA37,2023-08-27T10:25:34Z,116.41122,21.70137,66,153.4,87.2,460.0,0.968,2.39,in_window,"116.2687,116.5581","21.5643,21.7836",278.98,high,128.65,True,
S1A_IW_GRDH_1SD_20230827_E154,S1A_IW_GRDH_1SDV_20230827T102534_20230827T102604_050060_060605_AA37,2023-08-27T10:25:34Z,115.30336,21.60429,1,1.28,90.0,,0.974,2.21,in_window,"115.3033,115.3035","21.5985,21.6099",17.46,low,112.66,True,
S1A_IW_GRDH_1SD_20230827_E156,S1A_IW_GRDH_1SDV_20230827T102534_20230827T102604_050060_060605_AA37,2023-08-27T10:25:34Z,116.20383,21.60903,2,0.71,90.4,839.0,0.986,2.59,in_window,"116.1997,116.2079","21.5999,21.6181",5.01,medium,131.85,True,
S1A_IW_GRDH_1SD_20230827_E158,S1A_IW_GRDH_1SDV_20230827T102534_20230827T102604_050060_060605_AA37,2023-08-27T10:25:34Z,116.55712,21.61411,1,0.47,90.4,,0.971,2.2,in_window,"116.5571,116.5573","21.6121,21.6160",3.44,low,142.42,True,
S1A_IW_GRDH_1SD_20230827_E161,S1A_IW_GRDH_1SDV_20230827T102534_20230827T102604_050060_060605_AA37,2023-08-27T10:25:34Z,115.53821,21.62305,1,0.34,70.3,,0.987,2.18,in_window,"115.5379,115.5390","21.6225,21.6240",1.86,low,115.55,True,
S1A_IW_GRDH_1SD_20230827_E162,S1A_IW_GRDH_1SDV_20230827T102534_20230827T102604_050060_060605_AA37,2023-08-27T10:25:34Z,116.23444,21.62804,2,1.15,90.0,,0.975,2.57,in_window,"116.2343,116.2345","21.6213,21.6342",2.5,medium,130.86,True,
S1A_IW_GRDH_1SD_20230827_E164,S1A_IW_GRDH_1SDV_20230827T102534_20230827T102604_050060_060605_AA37,2023-08-27T10:25:34Z,116.17542,22.04172,329,388.68,88.8,200.0,0.949,2.53,in_window,"115.9043,116.4084","21.6619,22.5165",1999.84,high,86.09,False,blob_invalid
S1A_IW_GRDH_1SD_20230827_E165,S1A_IW_GRDH_1SDV_20230827T102534_20230827T102604_050060_060605_AA37,2023-08-27T10:25:34Z,115.43333,21.6553,2,1.12,89.6,,0.99,2.15,in_window,"115.4330,115.4337","21.6505,21.6603",1.92,medium,112.5,True,
S1A_IW_GRDH_1SD_20230827_E169,S1A_IW_GRDH_1SDV_20230827T102534_20230827T102604_050060_060605_AA37,2023-08-27T10:25:34Z,116.08792,21.69396,2,0.76,89.8,,0.973,2.64,in_window,"116.0877,116.0880","21.6908,21.6971",5.1,medium,119.58,True,
S1A_IW_GRDH_1SD_20230827_E173,S1A_IW_GRDH_1SDV_20230827T102534_20230827T102604_050060_060605_AA37,2023-08-27T10:25:34Z,116.01255,21.70197,3,2.28,160.9,731.0,0.905,2.69,in_window,"116.0088,116.0154","21.6923,21.7120",8.06,high,116.23,True,
S1A_IW_GRDH_1SD_20230827_E174,S1A_IW_GRDH_1SDV_20230827T102534_20230827T102604_050060_060605_AA37,2023-08-27T10:25:34Z,115.14249,21.69247,2,0.64,92.5,,0.976,2.32,in_window,"115.1415,115.1431","21.6899,21.6953",1.38,medium,96.09,True,
S1A_IW_GRDH_1SD_20230827_E176,S1A_IW_GRDH_1SDV_20230827T102534_20230827T102604_050060_060605_AA37,2023-08-27T10:25:34Z,115.75965,21.72792,2,1.45,90.0,,0.971,2.5,in_window,"115.7596,115.7599","21.7199,21.7393",6.74,medium,105.76,True,
S1A_IW_GRDH_1SD_20230827_E179,S1A_IW_GRDH_1SDV_20230827T102534_20230827T102604_050060_060605_AA37,2023-08-27T10:25:34Z,116.633,21.7554,1,0.41,90.0,,0.966,2.14,in_window,"116.6330,116.6330","21.7536,21.7572",9.06,low,130.89,True,
S1A_IW_GRDH_1SD_20230827_E183,S1A_IW_GRDH_1SDV_20230827T102534_20230827T102604_050060_060605_AA37,2023-08-27T10:25:34Z,115.79943,21.75676,2,0.84,89.6,,0.976,2.52,in_window,"115.7992,115.7995","21.7526,21.7610",2.26,medium,103.49,True,
S1A_IW_GRDH_1SD_20230827_E184,S1A_IW_GRDH_1SDV_20230827T102534_20230827T102604_050060_060605_AA37,2023-08-27T10:25:34Z,116.30111,21.7619,1,0.51,93.2,,0.979,2.5,in_window,"116.3005,116.3012","21.7605,21.7637",13.21,low,119.59,True,
S1A_IW_GRDH_1SD_20230827_E186,S1A_IW_GRDH_1SDV_20230827T102534_20230827T102604_050060_060605_AA37,2023-08-27T10:25:34Z,115.71604,21.76226,1,0.32,0.0,,0.978,2.42,in_window,"115.7146,115.7175","21.7623,21.7623",2.1,low,101.26,True,
S1A_IW_GRDH_1SD_20230827_E187,S1A_IW_GRDH_1SDV_20230827T102534_20230827T102604_050060_060605_AA37,2023-08-27T10:25:34Z,115.5887,21.76313,1,0.39,144.0,,0.977,2.2,in_window,"115.5874,115.5893","21.7627,21.7642",4.32,low,100.1,True,
S1A_IW_GRDH_1SD_20230827_E188,S1A_IW_GRDH_1SDV_20230827T102534_20230827T102604_050060_060605_AA37,2023-08-27T10:25:34Z,115.55616,21.76691,1,0.4,90.0,,0.566,2.16,in_window,"115.5562,115.5562","21.7651,21.7687",0.89,low,99.66,True,
S1A_IW_GRDH_1SD_20230827_E192,S1A_IW_GRDH_1SDV_20230827T102534_20230827T102604_050060_060605_AA37,2023-08-27T10:25:34Z,115.82548,21.80954,2,1.39,90.0,157.0,0.972,2.52,in_window,"115.8244,115.8259","21.7849,21.8222",11.74,medium,98.5,True,
S1A_IW_GRDH_1SD_20230827_E193,S1A_IW_GRDH_1SDV_20230827T102534_20230827T102604_050060_060605_AA37,2023-08-27T10:25:34Z,115.32381,21.79339,2,0.68,107.2,145.0,0.971,2.16,in_window,"115.3222,115.3244","21.7891,21.7986",2.58,medium,94.64,True,
S1A_IW_GRDH_1SD_20230827_E194,S1A_IW_GRDH_1SDV_20230827T102534_20230827T102604_050060_060605_AA37,2023-08-27T10:25:34Z,115.46469,21.79588,1,0.37,89.4,,0.991,2.11,in_window,"115.4645,115.4647","21.7945,21.7972",4.64,low,96.73,True,
S1A_IW_GRDH_1SD_20230827_E200,S1A_IW_GRDH_1SDV_20230827T102534_20230827T102604_050060_060605_AA37,2023-08-27T10:25:34Z,114.59557,21.8211,3,1.4,103.2,427.0,0.939,2.7,in_window,"114.5929,114.5964","21.8127,21.8288",3.28,high,39.4,True,
S1A_IW_GRDH_1SD_20230827_E201,S1A_IW_GRDH_1SDV_20230827T102534_20230827T102604_050060_060605_AA37,2023-08-27T10:25:34Z,115.24125,21.82225,1,0.31,90.0,,0.977,2.22,in_window,"115.2413,115.2413","21.8209,21.8236",17.68,low,87.95,True,
S1A_IW_GRDH_1SD_20230827_E202,S1A_IW_GRDH_1SDV_20230827T102534_20230827T102604_050060_060605_AA37,2023-08-27T10:25:34Z,115.34306,21.83727,1,0.3,90.0,,0.574,2.17,in_window,"115.3431,115.3431","21.8360,21.8386",3.77,low,91.4,True,
S1A_IW_GRDH_1SD_20230827_E204,S1A_IW_GRDH_1SDV_20230827T102534_20230827T102604_050060_060605_AA37,2023-08-27T10:25:34Z,116.63978,21.84867,3,1.03,89.6,462.0,0.978,2.15,in_window,"116.6363,116.6451","21.8272,21.8613",14.85,high,121.55,True,
S1A_IW_GRDH_1SD_20230827_E206,S1A_IW_GRDH_1SDV_20230827T102534_20230827T102604_050060_060605_AA37,2023-08-27T10:25:34Z,116.33854,21.82761,2,0.91,91.9,175.0,0.978,2.46,in_window,"116.3372,116.3393","21.8231,21.8326",2.79,medium,113.27,True,
S1A_IW_GRDH_1SD_20230827_E208,S1A_IW_GRDH_1SDV_20230827T102534_20230827T102604_050060_060605_AA37,2023-08-27T10:25:34Z,115.49734,21.82946,1,0.36,94.5,,0.983,2.1,in_window,"115.4973,115.4979","21.8279,21.8306",2.23,low,92.82,True,
S1A_IW_GRDH_1SD_20230827_E209,S1A_IW_GRDH_1SDV_20230827T102534_20230827T102604_050060_060605_AA37,2023-08-27T10:25:34Z,116.30767,21.83091,1,0.32,97.3,,0.978,2.49,in_window,"116.3071,116.3081","21.8303,21.8319",2.14,low,112.23,True,
S1A_IW_GRDH_1SD_20230827_E212,S1A_IW_GRDH_1SDV_20230827T102534_20230827T102604_050060_060605_AA37,2023-08-27T10:25:34Z,115.28884,21.86099,2,1.24,89.5,,0.973,2.22,in_window,"115.2885,115.2891","21.8557,21.8674",2.36,medium,86.32,True,
S1A_IW_GRDH_1SD_20230827_E215,S1A_IW_GRDH_1SDV_20230827T102534_20230827T102604_050060_060605_AA37,2023-08-27T10:25:34Z,116.45819,21.8801,4,1.75,89.9,767.0,0.981,2.36,in_window,"116.4523,116.4601","21.8588,21.8929",13.54,high,111.24,True,
S1A_IW_GRDH_1SD_20230827_E216,S1A_IW_GRDH_1SDV_20230827T102534_20230827T102604_050060_060605_AA37,2023-08-27T10:25:34Z,116.51886,21.86639,2,0.89,140.3,1391.0,0.93,2.3,in_window,"116.5082,116.5296","21.8647,21.8671",7.62,medium,114.96,True,
S1A_IW_GRDH_1SD_20230827_E217,S1A_IW_GRDH_1SDV_20230827T102534_20230827T102604_050060_060605_AA37,2023-08-27T10:25:34Z,115.17146,21.86441,1,0.44,78.6,,0.988,2.3,in_window,"115.1712,115.1723","21.8634,21.8658",4.12,low,80.84,True,
S1A_IW_GRDH_1SD_20230827_E218,S1A_IW_GRDH_1SDV_20230827T102534_20230827T102604_050060_060605_AA37,2023-08-27T10:25:34Z,115.79562,21.86328,2,0.67,71.0,348.0,0.98,2.48,in_window,"115.7943,115.7979","21.8602,21.8662",2.01,medium,91.95,True,
S1A_IW_GRDH_1SD_20230827_E222,S1A_IW_GRDH_1SDV_20230827T102534_20230827T102604_050060_060605_AA37,2023-08-27T10:25:34Z,116.41226,21.89373,1,0.41,89.7,,0.967,2.4,in_window,"116.4121,116.4123","21.8923,21.8951",0.8,low,108.26,True,
S1A_IW_GRDH_1SD_20230827_E224,S1A_IW_GRDH_1SDV_20230827T102534_20230827T102604_050060_060605_AA37,2023-08-27T10:25:34Z,114.32349,21.90065,1,0.54,0.0,,0.828,2.96,in_window,"114.3209,114.3261","21.9006,21.9006",3.28,low,15.89,False,nearshore
S1A_IW_GRDH_1SD_20230827_E227,S1A_IW_GRDH_1SDV_20230827T102534_20230827T102604_050060_060605_AA37,2023-08-27T10:25:34Z,116.64689,21.90057,1,0.36,178.7,,0.96,2.16,in_window,"116.6452,116.6483","21.9006,21.9008",0.98,low,115.96,True,
S1A_IW_GRDH_1SD_20230827_E228,S1A_IW_GRDH_1SDV_20230827T102534_20230827T102604_050060_060605_AA37,2023-08-27T10:25:34Z,115.57928,21.93541,2,0.59,110.5,,0.971,2.17,in_window,"115.5781,115.5795","21.9333,21.9383",1.87,medium,81.04,True,
S1A_IW_GRDH_1SD_20230827_E229,S1A_IW_GRDH_1SDV_20230827T102534_20230827T102604_050060_060605_AA37,2023-08-27T10:25:34Z,115.836,21.93969,4,3.81,85.6,180.0,0.987,2.48,in_window,"115.8319,115.8406","21.9287,21.9548",6.12,high,85.06,True,
S1A_IW_GRDH_1SD_20230827_E232,S1A_IW_GRDH_1SDV_20230827T102534_20230827T102604_050060_060605_AA37,2023-08-27T10:25:34Z,115.65768,21.93303,1,0.47,0.0,,0.921,2.27,in_window,"115.6555,115.6599","21.9330,21.9330",1.21,low,81.76,True,
S1A_IW_GRDH_1SD_20230827_E233,S1A_IW_GRDH_1SDV_20230827T102534_20230827T102604_050060_060605_AA37,2023-08-27T10:25:34Z,116.50366,22.01483,16,10.34,89.2,585.0,0.938,2.35,in_window,"116.4547,116.5548","21.9538,22.1211",74.51,high,99.19,True,
S1A_IW_GRDH_1SD_20230827_E242,S1A_IW_GRDH_1SDV_20230827T102534_20230827T102604_050060_060605_AA37,2023-08-27T10:25:34Z,115.95942,22.00576,2,0.65,89.4,453.0,0.954,2.57,in_window,"115.9568,115.9616","21.9956,22.0165",8.86,medium,83.1,True,
S1A_IW_GRDH_1SD_20230827_E243,S1A_IW_GRDH_1SDV_20230827T102534_20230827T102604_050060_060605_AA37,2023-08-27T10:25:34Z,115.28513,22.02385,3,1.21,98.3,147.0,0.9,2.33,in_window,"115.2794,115.2874","22.0010,22.0396",4.73,high,70.68,True,
S1A_IW_GRDH_1SD_20230827_E244,S1A_IW_GRDH_1SDV_20230827T102534_20230827T102604_050060_060605_AA37,2023-08-27T10:25:34Z,115.3403,21.99709,1,0.33,90.0,,0.731,2.25,in_window,"115.3403,115.3403","21.9956,21.9985",0.93,low,76.36,True,
S1A_IW_GRDH_1SD_20230827_E246,S1A_IW_GRDH_1SDV_20230827T102534_20230827T102604_050060_060605_AA37,2023-08-27T10:25:34Z,115.20907,22.00285,1,0.42,74.2,,0.977,2.35,in_window,"115.2087,115.2101","22.0020,22.0044",2.36,low,68.55,True,
S1A_IW_GRDH_1SD_20230827_E247,S1A_IW_GRDH_1SDV_20230827T102534_20230827T102604_050060_060605_AA37,2023-08-27T10:25:34Z,114.40722,22.10238,15,24.19,89.9,468.0,0.973,3.19,in_window,"114.3488,114.4394","22.0004,22.1394",88.09,high,10.83,True,
S1A_IW_GRDH_1SD_20230827_E251,S1A_IW_GRDH_1SDV_20230827T102534_20230827T102604_050060_060605_AA37,2023-08-27T10:25:34Z,115.31708,22.027,1,0.37,90.6,,0.968,2.29,in_window,"115.3170,115.3172","22.0258,22.0281",2.97,low,72.26,True,
S1A_IW_GRDH_1SD_20230827_E252,S1A_IW_GRDH_1SDV_20230827T102534_20230827T102604_050060_060605_AA37,2023-08-27T10:25:34Z,114.44707,22.03104,1,0.3,88.3,,0.991,3.21,in_window,"114.4470,114.4472","22.0301,22.0322",1.71,low,14.82,False,nearshore
S1A_IW_GRDH_1SD_20230827_E253,S1A_IW_GRDH_1SDV_20230827T102534_20230827T102604_050060_060605_AA37,2023-08-27T10:25:34Z,115.82918,22.03143,1,0.36,91.4,,0.977,2.42,in_window,"115.8289,115.8292","22.0301,22.0330",2.86,low,75.27,True,
S1A_IW_GRDH_1SD_20230827_E254,S1A_IW_GRDH_1SDV_20230827T102534_20230827T102604_050060_060605_AA37,2023-08-27T10:25:34Z,114.84949,22.03807,1,0.51,44.9,,0.988,2.78,in_window,"114.8488,114.8511","22.0371,22.0395",2.53,low,56.53,True,
S1A_IW_GRDH_1SD_20230827_E255,S1A_IW_GRDH_1SDV_20230827T102534_20230827T102604_050060_060605_AA37,2023-08-27T10:25:34Z,115.46969,22.03604,1,0.3,88.8,,0.974,2.14,in_window,"115.4696,115.4698","22.0352,22.0371",1.74,low,70.23,True,
S1A_IW_GRDH_1SD_20230827_E257,S1A_IW_GRDH_1SDV_20230827T102534_20230827T102604_050060_060605_AA37,2023-08-27T10:25:34Z,114.6665,22.072,2,0.7,89.3,,0.996,3.17,in_window,"114.6664,114.6668","22.0689,22.0748",2.67,medium,37.29,True,
S1A_IW_GRDH_1SD_20230827_E258,S1A_IW_GRDH_1SDV_20230827T102534_20230827T102604_050060_060605_AA37,2023-08-27T10:25:34Z,116.40446,22.0753,1,0.63,0.0,,0.881,2.41,in_window,"116.4015,116.4075","22.0753,22.0753",4.54,low,89.06,True,
S1A_IW_GRDH_1SD_20230827_E259,S1A_IW_GRDH_1SDV_20230827T102534_20230827T102604_050060_060605_AA37,2023-08-27T10:25:34Z,115.10403,22.06948,1,0.32,90.0,,0.973,2.45,in_window,"115.1040,115.1040","22.0681,22.0709",1.49,low,57.16,True,
S1A_IW_GRDH_1SD_20230827_E260,S1A_IW_GRDH_1SDV_20230827T102534_20230827T102604_050060_060605_AA37,2023-08-27T10:25:34Z,115.94098,22.06988,1,0.44,81.8,,0.985,2.48,in_window,"115.9402,115.9413","22.0684,22.0711",1.55,low,75.79,True,
S1A_IW_GRDH_1SD_20230827_E271,S1A_IW_GRDH_1SDV_20230827T102534_20230827T102604_050060_060605_AA37,2023-08-27T10:25:34Z,115.7743,22.09975,1,0.31,90.0,,0.525,2.3,in_window,"115.7743,115.7743","22.0984,22.1011",0.53,low,66.23,True,
S1A_IW_GRDH_1SD_20230827_E273,S1A_IW_GRDH_1SDV_20230827T102534_20230827T102604_050060_060605_AA37,2023-08-27T10:25:34Z,116.49349,22.20912,9,10.28,88.1,1003.0,0.929,2.44,in_window,"116.4592,116.5263","22.1215,22.2481",57.99,high,79.38,True,
S1A_IW_GRDH_1SD_20230827_E274,S1A_IW_GRDH_1SDV_20230827T102534_20230827T102604_050060_060605_AA37,2023-08-27T10:25:34Z,116.56141,22.10615,1,0.4,0.3,,0.98,2.33,in_window,"116.5596,116.5630","22.1060,22.1062",2.64,low,92.39,True,
S1A_IW_GRDH_1SD_20230827_E275,S1A_IW_GRDH_1SDV_20230827T102534_20230827T102604_050060_060605_AA37,2023-08-27T10:25:34Z,114.8896,22.11825,4,2.02,93.0,,0.95,2.89,in_window,"114.8836,114.9159","22.1075,22.1337",14.9,medium,47.47,True,
S1A_IW_GRDH_1SD_20230827_E277,S1A_IW_GRDH_1SDV_20230827T102534_20230827T102604_050060_060605_AA37,2023-08-27T10:25:34Z,116.59858,22.1056,1,0.39,179.1,,0.977,2.29,in_window,"116.5972,116.6003","22.1053,22.1058",3.12,low,92.83,True,
S1A_IW_GRDH_1SD_20230827_E278,S1A_IW_GRDH_1SDV_20230827T102534_20230827T102604_050060_060605_AA37,2023-08-27T10:25:34Z,114.52233,22.15915,2,0.95,89.6,214.0,0.966,3.47,in_window,"114.5213,114.5238","22.1474,22.1727",12.65,medium,21.44,True,
S1A_IW_GRDH_1SD_20230827_E282,S1A_IW_GRDH_1SDV_20230827T102534_20230827T102604_050060_060605_AA37,2023-08-27T10:25:34Z,115.89796,22.13014,1,0.42,90.2,,0.97,2.37,in_window,"115.8980,115.8981","22.1283,22.1319",3.66,low,68.42,True,
S1A_IW_GRDH_1SD_20230827_E283,S1A_IW_GRDH_1SDV_20230827T102534_20230827T102604_050060_060605_AA37,2023-08-27T10:25:34Z,115.43119,22.13642,2,0.66,90.6,,0.984,2.23,in_window,"115.4309,115.4315","22.1313,22.1418",1.86,medium,59.81,True,
S1A_IW_GRDH_1SD_20230827_E284,S1A_IW_GRDH_1SDV_20230827T102534_20230827T102604_050060_060605_AA37,2023-08-27T10:25:34Z,114.42309,22.15188,6,3.91,175.4,456.0,0.882,3.25,in_window,"114.4141,114.4387","22.1432,22.1585",15.71,high,14.29,True,
S1A_IW_GRDH_1SD_20230827_E285,S1A_IW_GRDH_1SDV_20230827T102534_20230827T102604_050060_060605_AA37,2023-08-27T10:25:34Z,116.60201,22.17826,11,10.72,88.8,1276.0,0.967,2.34,in_window,"116.5709,116.6450","22.1345,22.2051",79.11,high,84.9,True,
S1A_IW_GRDH_1SD_20230827_E286,S1A_IW_GRDH_1SDV_20230827T102534_20230827T102604_050060_060605_AA37,2023-08-27T10:25:34Z,114.95895,22.13884,1,0.59,95.8,,0.982,2.74,in_window,"114.9588,114.9600","22.1365,22.1405",1.78,low,45.67,True,
S1A_IW_GRDH_1SD_20230827_E288,S1A_IW_GRDH_1SDV_20230827T102534_20230827T102604_050060_060605_AA37,2023-08-27T10:25:34Z,115.0686,22.14124,1,0.32,179.2,,0.984,2.57,in_window,"115.0676,115.0700","22.1410,22.1414",1.75,low,48.42,True,
S1A_IW_GRDH_1SD_20230827_E291,S1A_IW_GRDH_1SDV_20230827T102534_20230827T102604_050060_060605_AA37,2023-08-27T10:25:34Z,115.1914,22.16416,1,0.56,90.0,,0.562,2.49,in_window,"115.1914,115.1914","22.1616,22.1667",1.55,low,52.33,True,
S1A_IW_GRDH_1SD_20230827_E293,S1A_IW_GRDH_1SDV_20230827T102534_20230827T102604_050060_060605_AA37,2023-08-27T10:25:34Z,114.65632,22.19047,5,2.33,91.8,1303.0,0.961,3.51,in_window,"114.6233,114.6881","22.1704,22.2119",21.34,high,32.5,True,
S1A_IW_GRDH_1SD_20230827_E296,S1A_IW_GRDH_1SDV_20230827T102534_20230827T102604_050060_060605_AA37,2023-08-27T10:25:34Z,115.66685,22.20939,3,2.17,0.4,698.0,0.893,2.18,in_window,"115.6524,115.6789","22.1983,22.2123",19.09,high,51.64,True,
S1A_IW_GRDH_1SD_20230827_E297,S1A_IW_GRDH_1SDV_20230827T102534_20230827T102604_050060_060605_AA37,2023-08-27T10:25:34Z,115.73147,22.17616,1,0.35,0.4,,0.986,2.2,in_window,"115.7303,115.7326","22.1760,22.1767",0.9,low,56.82,True,
S1A_IW_GRDH_1SD_20230827_E300,S1A_IW_GRDH_1SDV_20230827T102534_20230827T102604_050060_060605_AA37,2023-08-27T10:25:34Z,115.87335,22.18608,1,0.31,90.0,,0.694,2.29,in_window,"115.8734,115.8734","22.1847,22.1874",1.24,low,61.77,True,
S1A_IW_GRDH_1SD_20230827_E301,S1A_IW_GRDH_1SDV_20230827T102534_20230827T102604_050060_060605_AA37,2023-08-27T10:25:34Z,115.39607,22.22951,5,2.85,89.9,181.0,0.95,2.31,in_window,"115.3953,115.3978","22.1845,22.2757",15.17,high,50.66,True,
S1A_IW_GRDH_1SD_20230827_E303,S1A_IW_GRDH_1SDV_20230827T102534_20230827T102604_050060_060605_AA37,2023-08-27T10:25:34Z,116.41993,22.23528,10,5.73,46.9,768.0,0.926,2.43,in_window,"116.3940,116.4558","22.2011,22.2687",53.83,high,73.35,True,
S1A_IW_GRDH_1SD_20230827_E304,S1A_IW_GRDH_1SDV_20230827T102534_20230827T102604_050060_060605_AA37,2023-08-27T10:25:34Z,114.49002,22.32343,31,125.42,96.4,332.0,0.972,3.5,in_window,"114.3985,114.5574","22.2066,22.3799",150.48,high,11.5,True,
S1A_IW_GRDH_1SD_20230827_E305,S1A_IW_GRDH_1SDV_20230827T102534_20230827T102604_050060_060605_AA37,2023-08-27T10:25:34Z,114.92424,22.22699,8,3.93,90.6,476.0,0.904,3.04,in_window,"114.9018,114.9390","22.2007,22.2825",30.22,high,35.56,True,
S1A_IW_GRDH_1SD_20230827_E307,S1A_IW_GRDH_1SDV_20230827T102534_20230827T102604_050060_060605_AA37,2023-08-27T10:25:34Z,115.06789,22.23931,1,0.38,0.0,,0.977,2.71,in_window,"115.0661,115.0696","22.2393,22.2393",4.31,low,38.53,True,
S1A_IW_GRDH_1SD_20230827_E308,S1A_IW_GRDH_1SDV_20230827T102534_20230827T102604_050060_060605_AA37,2023-08-27T10:25:34Z,115.61553,22.20976,1,0.35,80.3,,0.981,2.18,in_window,"115.6149,115.6158","22.2085,22.2105",1.46,low,50.88,True,
S1A_IW_GRDH_1SD_20230827_E309,S1A_IW_GRDH_1SDV_20230827T102534_20230827T102604_050060_060605_AA37,2023-08-27T10:25:34Z,116.52987,22.22541,2,1.06,44.6,1836.0,0.942,2.43,in_window,"116.5280,116.5339","22.2148,22.2432",9.09,medium,79.03,True,
S1A_IW_GRDH_1SD_20230827_E312,S1A_IW_GRDH_1SDV_20230827T102534_20230827T102604_050060_060605_AA37,2023-08-27T10:25:34Z,115.54828,22.22961,1,0.75,90.1,,0.985,2.21,in_window,"115.5483,115.5484","22.2262,22.2329",11.62,low,48.49,True,
S1A_IW_GRDH_1SD_20230827_E314,S1A_IW_GRDH_1SDV_20230827T102534_20230827T102604_050060_060605_AA37,2023-08-27T10:25:34Z,115.43977,22.24387,2,0.9,89.4,1589.0,0.755,2.28,in_window,"115.4315,115.4469","22.2418,22.2462",4.21,medium,47.98,True,
S1A_IW_GRDH_1SD_20230827_E315,S1A_IW_GRDH_1SDV_20230827T102534_20230827T102604_050060_060605_AA37,2023-08-27T10:25:34Z,115.78546,22.24129,2,0.64,89.8,,0.959,2.16,in_window,"115.7852,115.7857","22.2341,22.2479",1.5,medium,52.09,True,
S1A_IW_GRDH_1SD_20230827_E317,S1A_IW_GRDH_1SDV_20230827T102534_20230827T102604_050060_060605_AA37,2023-08-27T10:25:34Z,115.02625,22.26078,1,0.7,0.0,,0.612,2.8,in_window,"115.0229,115.0296","22.2608,22.2608",5.07,low,34.51,True,
S1A_IW_GRDH_1SD_20230827_E319,S1A_IW_GRDH_1SDV_20230827T102534_20230827T102604_050060_060605_AA37,2023-08-27T10:25:34Z,114.70182,22.24466,2,0.83,101.2,136.0,0.989,3.66,in_window,"114.7013,114.7035","22.2416,22.2478",0.88,medium,29.84,True,
S1A_IW_GRDH_1SD_20230827_E320,S1A_IW_GRDH_1SDV_20230827T102534_20230827T102604_050060_060605_AA37,2023-08-27T10:25:34Z,115.17104,22.24568,1,0.35,89.3,,0.953,2.59,in_window,"115.1709,115.1711","22.2445,22.2468",0.71,low,43.72,True,
S1A_IW_GRDH_1SD_20230827_E325,S1A_IW_GRDH_1SDV_20230827T102534_20230827T102604_050060_060605_AA37,2023-08-27T10:25:34Z,114.31207,22.31639,18,8.87,90.3,413.0,0.947,2.71,in_window,"114.2776,114.3449","22.2696,22.3502",50.43,high,1.13,False,nearshore
S1A_IW_GRDH_1SD_20230827_E326,S1A_IW_GRDH_1SDV_20230827T102534_20230827T102604_050060_060605_AA37,2023-08-27T10:25:34Z,115.23788,22.27266,2,0.94,90.1,2233.0,0.814,2.47,in_window,"115.2290,115.2507","22.2642,22.2827",4.85,medium,46.15,False,blob_invalid
S1A_IW_GRDH_1SD_20230827_E328,S1A_IW_GRDH_1SDV_20230827T102534_20230827T102604_050060_060605_AA37,2023-08-27T10:25:34Z,114.80659,22.27377,1,0.45,0.0,,0.965,3.51,in_window,"114.8045,114.8087","22.2738,22.2738",8.73,low,31.68,True,
S1A_IW_GRDH_1SD_20230827_E331,S1A_IW_GRDH_1SDV_20230827T102534_20230827T102604_050060_060605_AA37,2023-08-27T10:25:34Z,115.46833,22.28126,1,0.53,9.5,,0.994,2.23,in_window,"115.4669,115.4691","22.2803,22.2823",1.86,low,43.36,True,
S1A_IW_GRDH_1SD_20230827_E335,S1A_IW_GRDH_1SDV_20230827T102534_20230827T102604_050060_060605_AA37,2023-08-27T10:25:34Z,115.7601,22.28772,1,0.3,73.6,,0.981,2.1,in_window,"115.7598,115.7608","22.2871,22.2887",1.15,low,46.32,True,
S1A_IW_GRDH_1SD_20230827_E337,S1A_IW_GRDH_1SDV_20230827T102534_20230827T102604_050060_060605_AA37,2023-08-27T10:25:34Z,116.44728,22.36753,15,10.08,1.5,654.0,0.874,2.36,in_window,"116.3716,116.5525","22.3064,22.4308",82.82,high,61.81,True,
S1A_IW_GRDH_1SD_20230827_E339,S1A_IW_GRDH_1SDV_20230827T102534_20230827T102604_050060_060605_AA37,2023-08-27T10:25:34Z,115.68514,22.30554,1,0.53,89.5,,0.98,2.11,in_window,"115.6851,115.6853","22.3035,22.3079",2.63,low,41.73,True,
S1A_IW_GRDH_1SD_20230827_E342,S1A_IW_GRDH_1SDV_20230827T102534_20230827T102604_050060_060605_AA37,2023-08-27T10:25:34Z,116.43262,22.32113,1,0.35,90.0,,0.634,2.38,in_window,"116.4326,116.4326","22.3196,22.3227",1.96,low,65.46,True,
S1A_IW_GRDH_1SD_20230827_E343,S1A_IW_GRDH_1SDV_20230827T102534_20230827T102604_050060_060605_AA37,2023-08-27T10:25:34Z,114.66493,22.31063,1,0.42,90.1,,0.978,3.65,in_window,"114.6649,114.6651","22.3092,22.3120",2.72,low,21.59,True,
S1A_IW_GRDH_1SD_20230827_E352,S1A_IW_GRDH_1SDV_20230827T102534_20230827T102604_050060_060605_AA37,2023-08-27T10:25:34Z,116.54867,22.43858,11,7.41,89.5,582.0,0.932,2.39,in_window,"116.5118,116.5937","22.3877,22.4733",72.9,high,55.66,True,
S1A_IW_GRDH_1SD_20230827_E353,S1A_IW_GRDH_1SDV_20230827T102534_20230827T102604_050060_060605_AA37,2023-08-27T10:25:34Z,114.74444,22.38625,6,26.76,164.0,1020.0,0.968,3.68,in_window,"114.7231,114.8059","22.3636,22.4115",64.62,high,19.37,True,
S1A_IW_GRDH_1SD_20230827_E354,S1A_IW_GRDH_1SDV_20230827T102534_20230827T102604_050060_060605_AA37,2023-08-27T10:25:34Z,114.85395,22.36182,5,2.31,97.3,1735.0,0.941,3.35,in_window,"114.8406,114.8828","22.3342,22.4002",14.49,medium,21.0,True,
S1A_IW_GRDH_1SD_20230827_E359,S1A_IW_GRDH_1SDV_20230827T102534_20230827T102604_050060_060605_AA37,2023-08-27T10:25:34Z,115.61664,22.35187,1,0.35,89.3,,0.977,2.09,in_window,"115.6165,115.6167","22.3505,22.3532",1.85,low,35.26,True,
S1A_IW_GRDH_1SD_20230827_E360,S1A_IW_GRDH_1SDV_20230827T102534_20230827T102604_050060_060605_AA37,2023-08-27T10:25:34Z,114.40986,22.34865,1,0.36,0.0,,0.952,3.1,in_window,"114.4082,114.4115","22.3486,22.3486",0.92,low,2.84,False,nearshore
S1A_IW_GRDH_1SD_20230827_E363,S1A_IW_GRDH_1SDV_20230827T102534_20230827T102604_050060_060605_AA37,2023-08-27T10:25:34Z,116.64497,22.3927,2,0.71,90.0,,0.982,2.39,in_window,"116.6449,116.6451","22.3878,22.3970",12.81,medium,62.45,True,
S1A_IW_GRDH_1SD_20230827_E364,S1A_IW_GRDH_1SDV_20230827T102534_20230827T102604_050060_060605_AA37,2023-08-27T10:25:34Z,115.82654,22.38003,2,0.7,90.2,143.0,0.971,2.05,in_window,"115.8258,115.8272","22.3740,22.3857",3.81,medium,40.51,True,
S1A_IW_GRDH_1SD_20230827_E365,S1A_IW_GRDH_1SDV_20230827T102534_20230827T102604_050060_060605_AA37,2023-08-27T10:25:34Z,115.21284,22.38076,1,0.33,90.0,,0.974,2.33,in_window,"115.2127,115.2129","22.3795,22.3820",2.48,low,36.63,True,
S1A_IW_GRDH_1SD_20230827_E366,S1A_IW_GRDH_1SDV_20230827T102534_20230827T102604_050060_060605_AA37,2023-08-27T10:25:34Z,116.34069,22.39416,1,0.57,90.0,,0.977,2.23,in_window,"116.3407,116.3407","22.3916,22.3967",9.37,low,53.93,True,
S1A_IW_GRDH_1SD_20230827_E376,S1A_IW_GRDH_1SDV_20230827T102534_20230827T102604_050060_060605_AA37,2023-08-27T10:25:34Z,114.46733,22.41605,2,1.1,90.0,,0.74,3.28,in_window,"114.4668,114.4676","22.4107,22.4219",5.75,medium,5.36,False,nearshore
S1A_IW_GRDH_1SD_20230827_E378,S1A_IW_GRDH_1SDV_20230827T102534_20230827T102604_050060_060605_AA37,2023-08-27T10:25:34Z,116.30706,22.45705,3,1.87,90.0,,0.707,2.11,in_window,"116.2913,116.3530","22.4467,22.4779",12.93,medium,46.14,True,
S1A_IW_GRDH_1SD_20230827_E380,S1A_IW_GRDH_1SDV_20230827T102534_20230827T102604_050060_060605_AA37,2023-08-27T10:25:34Z,116.21188,22.44466,3,1.28,90.0,,0.932,2.04,in_window,"116.1947,116.2585","22.4221,22.4672",12.73,medium,43.87,True,
S1A_IW_GRDH_1SD_20230827_E386,S1A_IW_GRDH_1SDV_20230827T102534_20230827T102604_050060_060605_AA37,2023-08-27T10:25:34Z,114.97211,22.50431,1,1.41,7.7,,0.67,2.96,in_window,"114.9678,114.9775","22.5038,22.5073",8.24,low,8.38,False,nearshore
S1A_IW_GRDH_1SD_20230827_E399,S1A_IW_GRDH_1SDV_20230827T102534_20230827T102604_050060_060605_AA37,2023-08-27T10:25:34Z,116.41163,22.4781,1,0.45,0.0,,0.938,2.24,in_window,"116.4095,116.4137","22.4781,22.4781",2.62,low,49.49,True,
S1A_IW_GRDH_1SD_20230827_E404,S1A_IW_GRDH_1SDV_20230827T102534_20230827T102604_050060_060605_AA37,2023-08-27T10:25:34Z,114.63137,22.48744,1,0.48,90.0,,0.977,3.52,in_window,"114.6314,114.6314","22.4853,22.4896",3.03,low,3.09,False,nearshore
S1A_IW_GRDH_1SD_20230827_E406,S1A_IW_GRDH_1SDV_20230827T102534_20230827T102604_050060_060605_AA37,2023-08-27T10:25:34Z,116.39404,22.54502,10,31.38,107.0,609.0,0.968,2.14,in_window,"116.3638,116.4169","22.5277,22.5581",49.87,high,42.33,True,
S1A_IW_GRDH_1SD_20230827_E407,S1A_IW_GRDH_1SDV_20230827T102534_20230827T102604_050060_060605_AA37,2023-08-27T10:25:34Z,116.49406,22.51058,1,0.62,90.0,,0.94,2.34,in_window,"116.4941,116.4941","22.5078,22.5134",3.59,low,47.41,True,
S1A_IW_GRDH_1SD_20230827_E409,S1A_IW_GRDH_1SDV_20230827T102534_20230827T102604_050060_060605_AA37,2023-08-27T10:25:34Z,114.88739,22.52411,2,1.42,0.0,,0.973,3.14,in_window,"114.8777,114.8956","22.5240,22.5243",12.94,medium,2.74,False,nearshore
S1A_IW_GRDH_1SD_20230827_E410,S1A_IW_GRDH_1SDV_20230827T102534_20230827T102604_050060_060605_AA37,2023-08-27T10:25:34Z,114.69873,22.55871,1,0.34,94.7,,0.982,3.35,in_window,"114.6982,114.6988","22.5578,22.5598",3.59,low,6.73,False,nearshore
S1A_IW_GRDH_1SD_20230827_E414,S1A_IW_GRDH_1SDV_20230827T102534_20230827T102604_050060_060605_AA37,2023-08-27T10:25:34Z,116.21922,22.52915,2,1.33,44.6,,0.746,1.9,low,"116.2150,116.2261","22.5254,22.5365",15.12,low,35.26,True,
S1A_IW_GRDH_1SD_20230827_E416,S1A_IW_GRDH_1SDV_20230827T102534_20230827T102604_050060_060605_AA37,2023-08-27T10:25:34Z,114.99409,22.52881,1,0.34,91.4,,0.975,2.77,in_window,"114.9941,114.9943","22.5275,22.5299",0.87,low,8.62,False,nearshore
S1A_IW_GRDH_1SD_20230827_E418,S1A_IW_GRDH_1SDV_20230827T102534_20230827T102604_050060_060605_AA37,2023-08-27T10:25:34Z,116.5906,22.5489,1,0.67,70.5,,0.978,2.36,in_window,"116.5887,116.5910","22.5463,22.5502",3.66,low,44.32,True,
S1A_IW_GRDH_1SD_20230827_E420,S1A_IW_GRDH_1SDV_20230827T102534_20230827T102604_050060_060605_AA37,2023-08-27T10:25:34Z,115.51195,22.56927,2,0.77,90.0,,0.986,1.78,low,"115.5119,115.5120","22.5658,22.5727",3.07,low,11.22,False,nearshore
S1A_IW_GRDH_1SD_20230827_E421,S1A_IW_GRDH_1SDV_20230827T102534_20230827T102604_050060_060605_AA37,2023-08-27T10:25:34Z,114.62927,22.55885,1,0.35,87.9,,0.983,3.27,in_window,"114.6289,114.6295","22.5574,22.5599",1.72,low,3.77,False,nearshore
S1A_IW_GRDH_1SD_20230827_E426,S1A_IW_GRDH_1SDV_20230827T102534_20230827T102604_050060_060605_AA37,2023-08-27T10:25:34Z,116.30218,22.57797,1,0.48,0.0,,0.939,1.94,low,"116.2999,116.3044","22.5780,22.5780",1.91,low,34.05,True,
S1A_IW_GRDH_1SD_20230827_E003,S1A_IW_GRDH_1SDV_20230827T102604_20230827T102629_050060_060605_957B,2023-08-27T10:26:04Z,115.54544,22.59997,2,0.6,90.9,,0.845,1.69,low,"115.5453,115.5459","22.5969,22.6028",0.67,low,7.54,False,scene_fp
S1A_IW_GRDH_1SD_20230827_E004,S1A_IW_GRDH_1SDV_20230827T102604_20230827T102629_050060_060605_957B,2023-08-27T10:26:04Z,115.82577,22.60971,3,2.77,90.0,,0.561,1.7,low,"115.8255,115.8265","22.5922,22.6235",15.45,low,15.13,False,scene_fp
S1A_IW_GRDH_1SD_20230827_E005,S1A_IW_GRDH_1SDV_20230827T102604_20230827T102629_050060_060605_957B,2023-08-27T10:26:04Z,115.93536,22.61487,5,3.03,90.0,1323.0,0.767,1.67,low,"115.9179,115.9477","22.5924,22.6372",15.82,low,18.53,False,scene_fp
S1A_IW_GRDH_1SD_20230827_E007,S1A_IW_GRDH_1SDV_20230827T102604_20230827T102629_050060_060605_957B,2023-08-27T10:26:04Z,116.15166,22.66305,17,11.21,93.7,634.0,0.876,1.66,low,"116.0950,116.1957","22.6008,22.7615",56.34,low,18.93,False,scene_fp
S1A_IW_GRDH_1SD_20230827_E010,S1A_IW_GRDH_1SDV_20230827T102604_20230827T102629_050060_060605_957B,2023-08-27T10:26:04Z,115.45828,22.63028,1,0.99,90.0,,0.985,1.6,low,"115.4583,115.4583","22.6258,22.6348",17.0,low,7.21,False,scene_fp
S1A_IW_GRDH_1SD_20230827_E016,S1A_IW_GRDH_1SDV_20230827T102604_20230827T102629_050060_060605_957B,2023-08-27T10:26:04Z,115.98929,22.64679,1,1.43,90.0,,0.981,1.62,low,"115.9893,115.9893","22.6403,22.6532",6.0,low,17.77,False,scene_fp
S1A_IW_GRDH_1SD_20230827_E019,S1A_IW_GRDH_1SDV_20230827T102604_20230827T102629_050060_060605_957B,2023-08-27T10:26:04Z,116.28509,22.67393,1,0.31,90.4,,0.948,1.78,low,"116.2851,116.2853","22.6726,22.6752",6.61,low,24.14,False,scene_fp
S1A_IW_GRDH_1SD_20230827_E020,S1A_IW_GRDH_1SDV_20230827T102604_20230827T102629_050060_060605_957B,2023-08-27T10:26:04Z,116.05619,22.69573,1,0.47,89.7,,0.847,1.57,low,"116.0561,116.0562","22.6937,22.6977",8.46,low,14.97,False,scene_fp
S1A_IW_GRDH_1SD_20230827_E021,S1A_IW_GRDH_1SDV_20230827T102604_20230827T102629_050060_060605_957B,2023-08-27T10:26:04Z,115.61134,22.70089,9,5.32,76.9,362.0,0.919,1.42,low,"115.5857,115.6516","22.6861,22.7217",29.34,low,4.04,False,scene_fp
S1A_IW_GRDH_1SD_20230827_E027,S1A_IW_GRDH_1SDV_20230827T102604_20230827T102629_050060_060605_957B,2023-08-27T10:26:04Z,114.90911,22.73335,1,0.37,89.8,,0.67,2.2,in_window,"114.9090,114.9092","22.7318,22.7348",1.24,low,1.08,False,scene_fp
S1A_IW_GRDH_1SD_20230827_E028,S1A_IW_GRDH_1SDV_20230827T102604_20230827T102629_050060_060605_957B,2023-08-27T10:26:04Z,115.55333,22.76031,1,0.3,89.7,,0.973,1.25,low,"115.5532,115.5534","22.7592,22.7614",4.59,low,2.05,False,scene_fp
S1A_IW_GRDH_1SD_20230827_E030,S1A_IW_GRDH_1SDV_20230827T102604_20230827T102629_050060_060605_957B,2023-08-27T10:26:04Z,116.153,22.76504,1,0.47,179.4,,0.775,1.51,low,"116.1509,116.1544","22.7647,22.7655",2.75,low,8.51,False,scene_fp
S1A_IW_GRDH_1SD_20230830_E001,S1A_IW_GRDH_1SDV_20230830T104932_20230830T105001_050104_060788_B6D6,2023-08-30T10:49:32Z,109.20328,18.2497,17,213.38,73.4,438.0,0.974,1.85,low,"109.1501,109.2501","18.2099,18.2928",67.02,low,5.3,False,nearshore
S1A_IW_GRDH_1SD_20230830_E002,S1A_IW_GRDH_1SDV_20230830T104932_20230830T105001_050104_060788_B6D6,2023-08-30T10:49:32Z,109.33871,18.25973,17,12.01,0.2,822.0,0.914,1.64,low,"109.2657,109.4020","18.2107,18.3039",65.08,low,4.79,False,nearshore
S1A_IW_GRDH_1SD_20230830_E005,S1A_IW_GRDH_1SDV_20230830T104932_20230830T105001_050104_060788_B6D6,2023-08-30T10:49:32Z,108.8916,18.21422,1,0.35,107.5,,0.975,4.85,in_window,"108.8914,108.8924","18.2129,18.2148",2.1,low,19.97,False,nearshore
S1A_IW_GRDH_1SD_20230830_E008,S1A_IW_GRDH_1SDV_20230830T104932_20230830T105001_050104_060788_B6D6,2023-08-30T10:49:32Z,108.96897,18.22251,1,0.39,88.0,,0.976,3.83,in_window,"108.9688,108.9693","18.2212,18.2239",1.6,low,16.32,False,nearshore
S1A_IW_GRDH_1SD_20230830_E011,S1A_IW_GRDH_1SDV_20230830T104932_20230830T105001_050104_060788_B6D6,2023-08-30T10:49:32Z,108.8239,18.25702,4,1.54,84.8,482.0,0.983,5.75,in_window,"108.8185,108.8258","18.2525,18.2613",2.1,high,19.85,True,
S1A_IW_GRDH_1SD_20230830_E012,S1A_IW_GRDH_1SDV_20230830T104932_20230830T105001_050104_060788_B6D6,2023-08-30T10:49:32Z,109.11099,18.29133,2,3.95,105.4,,0.966,2.52,in_window,"109.1071,109.1135","18.2879,18.2982",10.68,medium,4.11,False,nearshore
S1A_IW_GRDH_1SD_20230830_E013,S1A_IW_GRDH_1SDV_20230830T104932_20230830T105001_050104_060788_B6D6,2023-08-30T10:49:32Z,108.71068,18.29758,9,25.75,73.6,619.0,0.976,7.17,in_window,"108.6616,108.7306","18.2809,18.3620",41.61,high,22.3,True,
S1A_IW_GRDH_1SD_20230830_E014,S1A_IW_GRDH_1SDV_20230830T104932_20230830T105001_050104_060788_B6D6,2023-08-30T10:49:32Z,109.79781,18.28458,8,5.93,90.1,845.0,0.942,4.27,in_window,"109.7588,109.8145","18.2725,18.2958",29.85,high,6.76,True,
S1A_IW_GRDH_1SD_20230830_E015,S1A_IW_GRDH_1SDV_20230830T104932_20230830T105001_050104_060788_B6D6,2023-08-30T10:49:32Z,109.87326,18.31352,4,2.98,0.0,2477.0,0.893,4.74,in_window,"109.8453,109.8879","18.2913,18.3369",40.51,medium,8.57,False,nearshore
S1A_IW_GRDH_1SD_20230830_E016,S1A_IW_GRDH_1SDV_20230830T104932_20230830T105001_050104_060788_B6D6,2023-08-30T10:49:32Z,110.11417,18.28103,1,0.4,89.8,,0.987,6.95,in_window,"110.1142,110.1143","18.2795,18.2826",2.97,low,13.6,False,nearshore
S1A_IW_GRDH_1SD_20230830_E017,S1A_IW_GRDH_1SDV_20230830T104932_20230830T105001_050104_060788_B6D6,2023-08-30T10:49:32Z,110.26804,18.29585,1,0.45,90.2,,0.973,7.95,in_window,"110.2679,110.2681","18.2941,18.2977",8.89,low,24.36,True,
S1A_IW_GRDH_1SD_20230830_E019,S1A_IW_GRDH_1SDV_20230830T104932_20230830T105001_050104_060788_B6D6,2023-08-30T10:49:32Z,110.18895,18.30494,3,1.4,90.0,,0.987,7.39,in_window,"110.1882,110.1892","18.2878,18.3142",6.92,medium,17.08,False,nearshore
S1A_IW_GRDH_1SD_20230830_E021,S1A_IW_GRDH_1SDV_20230830T104932_20230830T105001_050104_060788_B6D6,2023-08-30T10:49:32Z,110.14118,18.35961,2,1.03,89.9,207.0,0.974,6.67,in_window,"110.1406,110.1425","18.3527,18.3691",17.45,medium,9.38,False,nearshore
S1A_IW_GRDH_1SD_20230830_E023,S1A_IW_GRDH_1SDV_20230830T104932_20230830T105001_050104_060788_B6D6,2023-08-30T10:49:32Z,109.11977,18.33946,4,29.33,39.4,518.0,0.981,2.38,in_window,"109.1118,109.1283","18.3318,18.3526",14.39,high,1.32,False,nearshore
S1A_IW_GRDH_1SD_20230830_E026,S1A_IW_GRDH_1SDV_20230830T104932_20230830T105001_050104_060788_B6D6,2023-08-30T10:49:32Z,108.80156,18.37958,5,2.46,90.2,1430.0,0.972,5.86,in_window,"108.7809,108.8270","18.3267,18.4038",21.0,high,9.78,True,
S1A_IW_GRDH_1SD_20230830_E028,S1A_IW_GRDH_1SDV_20230830T104932_20230830T105001_050104_060788_B6D6,2023-08-30T10:49:32Z,108.92571,18.36796,16,64.97,98.5,833.0,0.961,4.29,in_window,"108.8709,108.9458","18.3472,18.4291",71.68,high,4.63,False,nearshore
S1A_IW_GRDH_1SD_20230830_E031,S1A_IW_GRDH_1SDV_20230830T104932_20230830T105001_050104_060788_B6D6,2023-08-30T10:49:32Z,110.72523,18.36101,2,0.87,89.7,,0.974,7.74,in_window,"110.7250,110.7253","18.3573,18.3646",2.34,medium,47.09,True,
S1A_IW_GRDH_1SD_20230830_E034,S1A_IW_GRDH_1SDV_20230830T104932_20230830T105001_050104_060788_B6D6,2023-08-30T10:49:32Z,110.35977,18.35179,1,0.34,79.1,,0.969,7.77,in_window,"110.3591,110.3599","18.3504,18.3526",2.61,low,31.15,True,
S1A_IW_GRDH_1SD_20230830_E035,S1A_IW_GRDH_1SDV_20230830T104932_20230830T105001_050104_060788_B6D6,2023-08-30T10:49:32Z,110.79576,18.35753,1,0.31,89.9,,0.969,7.68,in_window,"110.7958,110.7959","18.3563,18.3588",1.31,low,52.61,True,
S1A_IW_GRDH_1SD_20230830_E036,S1A_IW_GRDH_1SDV_20230830T104932_20230830T105001_050104_060788_B6D6,2023-08-30T10:49:32Z,110.68972,18.35721,1,0.35,90.6,,0.974,7.77,in_window,"110.6895,110.6897","18.3558,18.3587",1.9,low,44.95,True,
S1A_IW_GRDH_1SD_20230830_E037,S1A_IW_GRDH_1SDV_20230830T104932_20230830T105001_050104_060788_B6D6,2023-08-30T10:49:32Z,110.86788,18.36126,1,0.31,89.6,,0.967,7.66,in_window,"110.8677,110.8679","18.3601,18.3624",1.07,low,58.12,True,
S1A_IW_GRDH_1SD_20230830_E041,S1A_IW_GRDH_1SDV_20230830T104932_20230830T105001_050104_060788_B6D6,2023-08-30T10:49:32Z,110.32937,18.36068,1,0.41,88.7,,0.968,7.68,in_window,"110.3292,110.3296","18.3591,18.3621",0.92,low,27.84,True,
S1A_IW_GRDH_1SD_20230830_E045,S1A_IW_GRDH_1SDV_20230830T104932_20230830T105001_050104_060788_B6D6,2023-08-30T10:49:32Z,110.45677,18.38143,1,0.54,0.0,,0.521,7.87,in_window,"110.4543,110.4593","18.3814,18.3814",1.66,low,31.6,True,
S1A_IW_GRDH_1SD_20230830_E046,S1A_IW_GRDH_1SDV_20230830T104932_20230830T105001_050104_060788_B6D6,2023-08-30T10:49:32Z,110.62534,18.45582,3,1.11,94.4,,0.954,7.91,in_window,"110.6152,110.6503","18.4464,18.4676",16.87,medium,32.3,True,
S1A_IW_GRDH_1SD_20230830_E048,S1A_IW_GRDH_1SDV_20230830T104932_20230830T105001_050104_060788_B6D6,2023-08-30T10:49:32Z,110.18706,18.4248,2,0.74,109.9,182.0,0.979,6.65,in_window,"110.1867,110.1881","18.4206,18.4286",9.58,medium,11.85,False,nearshore
S1A_IW_GRDH_1SD_20230830_E049,S1A_IW_GRDH_1SDV_20230830T104932_20230830T105001_050104_060788_B6D6,2023-08-30T10:49:32Z,110.79631,18.39581,1,0.32,90.0,,0.975,7.76,in_window,"110.7963,110.7963","18.3944,18.3972",2.27,low,49.88,True,
S1A_IW_GRDH_1SD_20230830_E050,S1A_IW_GRDH_1SDV_20230830T104932_20230830T105001_050104_060788_B6D6,2023-08-30T10:49:32Z,110.40033,18.39122,1,0.3,90.2,,0.986,7.72,in_window,"110.4003,110.4005","18.3902,18.3922",8.49,low,30.03,True,
S1A_IW_GRDH_1SD_20230830_E053,S1A_IW_GRDH_1SDV_20230830T104932_20230830T105001_050104_060788_B6D6,2023-08-30T10:49:32Z,110.93416,18.4051,1,0.31,90.5,,0.976,7.72,in_window,"110.9340,110.9342","18.4039,18.4064",4.14,low,59.32,True,
S1A_IW_GRDH_1SD_20230830_E059,S1A_IW_GRDH_1SDV_20230830T104932_20230830T105001_050104_060788_B6D6,2023-08-30T10:49:32Z,110.83077,18.43018,1,0.32,88.3,,0.969,7.83,in_window,"110.8308,110.8310","18.4290,18.4315",5.69,low,50.06,True,
S1A_IW_GRDH_1SD_20230830_E063,S1A_IW_GRDH_1SDV_20230830T104932_20230830T105001_050104_060788_B6D6,2023-08-30T10:49:32Z,110.50543,18.42816,1,0.57,89.9,,0.984,7.93,in_window,"110.5054,110.5056","18.4262,18.4301",2.83,low,28.05,True,
S1A_IW_GRDH_1SD_20230830_E077,S1A_IW_GRDH_1SDV_20230830T104932_20230830T105001_050104_060788_B6D6,2023-08-30T10:49:32Z,110.293,18.49654,1,0.47,89.2,,0.988,7.01,in_window,"110.2930,110.2932","18.4949,18.4984",1.17,low,16.5,False,nearshore
S1A_IW_GRDH_1SD_20230830_E083,S1A_IW_GRDH_1SDV_20230830T104932_20230830T105001_050104_060788_B6D6,2023-08-30T10:49:32Z,110.29385,18.53672,4,1.41,11.7,672.0,0.98,6.7,in_window,"110.2891,110.2986","18.5336,18.5471",6.22,high,13.29,True,
S1A_IW_GRDH_1SD_20230830_E085,S1A_IW_GRDH_1SDV_20230830T104932_20230830T105001_050104_060788_B6D6,2023-08-30T10:49:32Z,110.98496,18.53218,2,0.73,135.6,,0.972,7.94,in_window,"110.9838,110.9877","18.5294,18.5333",3.27,medium,54.83,True,
S1A_IW_GRDH_1SD_20230830_E087,S1A_IW_GRDH_1SDV_20230830T104932_20230830T105001_050104_060788_B6D6,2023-08-30T10:49:32Z,110.67498,18.58137,3,1.62,89.2,141.0,0.973,7.89,in_window,"110.6714,110.6765","18.5743,18.5855",12.02,high,26.95,True,
S1A_IW_GRDH_1SD_20230830_E094,S1A_IW_GRDH_1SDV_20230830T104932_20230830T105001_050104_060788_B6D6,2023-08-30T10:49:32Z,110.71838,18.6021,1,0.43,0.0,,0.99,7.94,in_window,"110.7164,110.7203","18.6021,18.6021",3.73,low,27.97,True,
S1A_IW_GRDH_1SD_20230830_E095,S1A_IW_GRDH_1SDV_20230830T104932_20230830T105001_050104_060788_B6D6,2023-08-30T10:49:32Z,110.75813,18.60391,1,0.37,90.7,,0.967,7.98,in_window,"110.7580,110.7581","18.6025,18.6055",1.37,low,30.84,True,
S1A_IW_GRDH_1SD_20230830_E104,S1A_IW_GRDH_1SDV_20230830T104932_20230830T105001_050104_060788_B6D6,2023-08-30T10:49:32Z,110.49443,18.63771,1,0.36,0.0,,0.943,7.5,in_window,"110.4928,110.4961","18.6377,18.6377",2.78,low,8.54,False,nearshore
S1A_IW_GRDH_1SD_20230830_E108,S1A_IW_GRDH_1SDV_20230830T104932_20230830T105001_050104_060788_B6D6,2023-08-30T10:49:32Z,110.6171,18.74598,1,0.33,91.1,,0.968,7.62,in_window,"110.6169,110.6171","18.7448,18.7473",7.5,low,9.7,False,nearshore
S1A_IW_GRDH_1SD_20230830_E109,S1A_IW_GRDH_1SDV_20230830T104932_20230830T105001_050104_060788_B6D6,2023-08-30T10:49:32Z,110.45127,18.70559,1,0.68,90.0,,0.537,6.89,in_window,"110.4513,110.4513","18.7025,18.7087",0.8,low,2.45,False,nearshore
S1A_IW_GRDH_1SD_20230830_E110,S1A_IW_GRDH_1SDV_20230830T104932_20230830T105001_050104_060788_B6D6,2023-08-30T10:49:32Z,110.68814,18.72006,1,0.63,90.0,,0.893,7.81,in_window,"110.6881,110.6881","18.7172,18.7229",4.53,low,17.64,False,nearshore
S1A_IW_GRDH_1SD_20230830_E112,S1A_IW_GRDH_1SDV_20230830T104932_20230830T105001_050104_060788_B6D6,2023-08-30T10:49:32Z,110.76033,18.74093,1,0.46,0.0,,0.98,7.95,in_window,"110.7582,110.7624","18.7409,18.7409",4.29,low,24.14,True,
S1A_IW_GRDH_1SD_20230830_E113,S1A_IW_GRDH_1SDV_20230830T104932_20230830T105001_050104_060788_B6D6,2023-08-30T10:49:32Z,110.6499,18.7379,1,0.5,90.1,,0.991,7.7,in_window,"110.6498,110.6502","18.7360,18.7396",2.96,low,13.18,False,nearshore
S1A_IW_GRDH_1SD_20230830_E114,S1A_IW_GRDH_1SDV_20230830T104932_20230830T105001_050104_060788_B6D6,2023-08-30T10:49:32Z,110.49429,18.75646,2,1.04,48.0,476.0,0.991,7.2,in_window,"110.4910,110.4957","18.7500,18.7593",8.71,medium,1.73,False,nearshore
S1A_IW_GRDH_1SD_20230830_E115,S1A_IW_GRDH_1SDV_20230830T104932_20230830T105001_050104_060788_B6D6,2023-08-30T10:49:32Z,110.45117,18.75175,1,0.43,90.0,,0.535,6.71,in_window,"110.4512,110.4512","18.7499,18.7536",0.89,low,0.3,False,nearshore
S1A_IW_GRDH_1SD_20230830_E120,S1A_IW_GRDH_1SDV_20230830T104932_20230830T105001_050104_060788_B6D6,2023-08-30T10:49:32Z,110.90489,18.80743,2,1.21,89.5,,0.979,7.94,in_window,"110.9035,110.9063","18.8010,18.8118",2.58,medium,38.83,True,
S1A_IW_GRDH_1SD_20230830_E127,S1A_IW_GRDH_1SDV_20230830T104932_20230830T105001_050104_060788_B6D6,2023-08-30T10:49:32Z,110.52425,18.87367,1,0.4,90.0,,0.977,6.75,in_window,"110.5243,110.5243","18.8719,18.8754",8.72,low,1.59,False,nearshore
S1A_IW_GRDH_1SD_20230830_E129,S1A_IW_GRDH_1SDV_20230830T104932_20230830T105001_050104_060788_B6D6,2023-08-30T10:49:32Z,110.86722,18.88304,1,0.44,90.7,,0.986,7.89,in_window,"110.8671,110.8672","18.8816,18.8847",1.77,low,36.42,True,
S1A_IW_GRDH_1SD_20230830_E131,S1A_IW_GRDH_1SDV_20230830T104932_20230830T105001_050104_060788_B6D6,2023-08-30T10:49:32Z,110.79797,18.88609,1,0.37,88.8,,0.97,7.89,in_window,"110.7978,110.7980","18.8846,18.8873",1.52,low,29.54,True,
S1A_IW_GRDH_1SD_20230830_E136,S1A_IW_GRDH_1SDV_20230830T104932_20230830T105001_050104_060788_B6D6,2023-08-30T10:49:32Z,110.86628,18.94817,1,0.38,89.6,,0.971,7.85,in_window,"110.8661,110.8663","18.9468,18.9494",0.98,low,33.85,True,
S1A_IW_GRDH_1SD_20230830_E138,S1A_IW_GRDH_1SDV_20230830T104932_20230830T105001_050104_060788_B6D6,2023-08-30T10:49:32Z,110.5782,18.94853,1,0.43,90.0,,0.957,6.73,in_window,"110.5782,110.5782","18.9466,18.9504",1.28,low,7.26,False,nearshore
S1A_IW_GRDH_1SD_20230830_E141,S1A_IW_GRDH_1SDV_20230830T104932_20230830T105001_050104_060788_B6D6,2023-08-30T10:49:32Z,110.55785,18.97855,1,0.31,90.0,,0.509,6.47,in_window,"110.5579,110.5579","18.9772,18.9799",0.66,low,4.44,False,nearshore
S1A_IW_GRDH_1SD_20230830_E144,S1A_IW_GRDH_1SDV_20230830T104932_20230830T105001_050104_060788_B6D6,2023-08-30T10:49:32Z,110.73266,18.99744,1,0.41,90.0,,0.969,7.69,in_window,"110.7326,110.7328","18.9957,18.9991",0.98,low,18.85,False,nearshore
S1A_IW_GRDH_1SD_20230830_E145,S1A_IW_GRDH_1SDV_20230830T104932_20230830T105001_050104_060788_B6D6,2023-08-30T10:49:32Z,110.70438,19.01222,1,0.3,90.0,,0.672,7.35,in_window,"110.7044,110.7044","19.0109,19.0135",1.84,low,15.51,False,nearshore
S1A_IW_GRDH_1SD_20230830_E146,S1A_IW_GRDH_1SDV_20230830T104932_20230830T105001_050104_060788_B6D6,2023-08-30T10:49:32Z,110.97458,19.01213,1,0.3,90.0,,0.958,7.77,in_window,"110.9746,110.9746","19.0108,19.0134",0.78,low,43.02,True,
S1A_IW_GRDH_1SD_20230830_E147,S1A_IW_GRDH_1SDV_20230830T104932_20230830T105001_050104_060788_B6D6,2023-08-30T10:49:32Z,110.79852,19.01263,1,0.4,6.1,,0.958,7.75,in_window,"110.7972,110.7993","19.0119,19.0132",0.41,low,24.89,True,
S1A_IW_GRDH_1SD_20230830_E150,S1A_IW_GRDH_1SDV_20230830T104932_20230830T105001_050104_060788_B6D6,2023-08-30T10:49:32Z,110.75136,19.01848,1,0.47,174.8,,0.977,7.68,in_window,"110.7493,110.7528","19.0184,19.0192",1.56,low,19.95,False,nearshore
S1A_IW_GRDH_1SD_20230830_E152,S1A_IW_GRDH_1SDV_20230830T104932_20230830T105001_050104_060788_B6D6,2023-08-30T10:49:32Z,110.7948,19.06253,2,1.36,135.4,1445.0,0.908,7.43,in_window,"110.7937,110.7999","19.0517,19.0704",5.2,medium,23.77,True,
S1A_IW_GRDH_1SD_20230830_E153,S1A_IW_GRDH_1SDV_20230830T104932_20230830T105001_050104_060788_B6D6,2023-08-30T10:49:32Z,110.83072,19.05331,1,0.3,103.2,,0.984,7.52,in_window,"110.8301,110.8308","19.0527,19.0543",1.46,low,27.59,True,
S1A_IW_GRDH_1SD_20230830_E154,S1A_IW_GRDH_1SDV_20230830T104932_20230830T105001_050104_060788_B6D6,2023-08-30T10:49:32Z,110.9746,19.07716,1,0.31,88.6,,0.969,7.67,in_window,"110.9746,110.9748","19.0761,19.0784",2.23,low,40.64,True,
S1A_IW_GRDH_1SD_20230830_E165,S1A_IW_GRDH_1SDV_20230830T104932_20230830T105001_050104_060788_B6D6,2023-08-30T10:49:32Z,110.86613,19.28144,1,0.47,0.0,,0.523,6.42,in_window,"110.8640,110.8683","19.2814,19.2814",0.93,low,20.05,True,
S1A_IW_GRDH_1SD_20230830_E168,S1A_IW_GRDH_1SDV_20230830T104932_20230830T105001_050104_060788_B6D6,2023-08-30T10:49:32Z,108.69049,19.39918,1,0.36,88.6,,0.967,7.05,in_window,"108.6905,108.6907","19.3980,19.4006",5.69,low,2.12,False,nearshore
S1A_IW_GRDH_1SD_20230830_E170,S1A_IW_GRDH_1SDV_20230830T104932_20230830T105001_050104_060788_B6D6,2023-08-30T10:49:32Z,108.69915,19.51437,3,1.44,86.9,1502.0,0.809,7.6,in_window,"108.6882,108.7033","19.4935,19.5430",10.74,medium,13.88,False,nearshore
S1A_IW_GRDH_1SD_20230830_E171,S1A_IW_GRDH_1SDV_20230830T104932_20230830T105001_050104_060788_B6D6,2023-08-30T10:49:32Z,108.77559,19.57112,1,0.3,90.0,,0.504,7.33,in_window,"108.7756,108.7756","19.5698,19.5724",3.89,low,15.04,False,nearshore
S1A_IW_GRDH_1SD_20230830_E174,S1A_IW_GRDH_1SDV_20230830T104932_20230830T105001_050104_060788_B6D6,2023-08-30T10:49:32Z,109.0312,19.67973,1,0.38,89.3,,0.981,6.04,in_window,"109.0310,109.0312","19.6783,19.6811",2.31,low,8.33,False,nearshore
S1A_IW_GRDH_1SD_20230830_E175,S1A_IW_GRDH_1SDV_20230830T104932_20230830T105001_050104_060788_B6D6,2023-08-30T10:49:32Z,108.68809,19.77183,1,0.63,0.0,,0.97,8.32,in_window,"108.6851,108.6910","19.7718,19.7718",24.9,low,38.15,True,
S1A_IW_GRDH_1SD_20230830_E187,S1A_IW_GRDH_1SDV_20230830T104932_20230830T105001_050104_060788_B6D6,2023-08-30T10:49:32Z,109.04197,19.88396,1,0.3,129.0,,0.954,7.11,in_window,"109.0417,109.0429","19.8831,19.8843",0.49,low,15.68,False,nearshore
S1A_IW_GRDH_1SD_20230830_E189,S1A_IW_GRDH_1SDV_20230830T104932_20230830T105001_050104_060788_B6D6,2023-08-30T10:49:32Z,110.96832,19.91962,1,0.32,90.0,,0.976,5.66,in_window,"110.9683,110.9683","19.9182,19.9210",8.7,low,0.89,False,nearshore
S1A_IW_GRDH_1SD_20230830_E003,S1A_IW_GRDH_1SDV_20230830T105001_20230830T105026_050104_060788_0278,2023-08-30T10:50:01Z,109.84091,19.97572,3,1.85,90.0,801.0,0.748,3.51,in_window,"109.8296,109.8451","19.9564,20.0054",6.03,high,0.66,False,nearshore
S1A_IW_GRDH_1SD_20230830_E004,S1A_IW_GRDH_1SDV_20230830T105001_20230830T105026_050104_060788_0278,2023-08-30T10:50:01Z,110.59061,19.9672,2,3.06,65.0,408.0,0.984,4.42,in_window,"110.5874,110.5929","19.9643,19.9719",5.27,medium,0.43,False,nearshore
S1A_IW_GRDH_1SD_20230830_E010,S1A_IW_GRDH_1SDV_20230830T105001_20230830T105026_050104_060788_0278,2023-08-30T10:50:01Z,109.73882,20.02491,8,4.0,82.8,309.0,0.985,4.22,in_window,"109.7125,109.7516","20.0043,20.0450",20.95,high,2.45,False,nearshore
S1A_IW_GRDH_1SD_20230830_E012,S1A_IW_GRDH_1SDV_20230830T105001_20230830T105026_050104_060788_0278,2023-08-30T10:50:01Z,109.64738,20.01899,3,1.09,89.3,741.0,0.971,4.62,in_window,"109.6425,109.6577","19.9941,20.0438",11.7,high,1.92,False,nearshore
S1A_IW_GRDH_1SD_20230830_E013,S1A_IW_GRDH_1SDV_20230830T105001_20230830T105026_050104_060788_0278,2023-08-30T10:50:01Z,109.94047,20.03836,3,1.01,90.0,165.0,0.987,3.42,in_window,"109.9394,109.9412","20.0321,20.0438",13.33,high,5.13,True,
S1A_IW_GRDH_1SD_20230830_E014,S1A_IW_GRDH_1SDV_20230830T105001_20230830T105026_050104_060788_0278,2023-08-30T10:50:01Z,110.54942,20.02327,2,1.08,89.5,348.0,0.983,4.74,in_window,"110.5484,110.5516","20.0146,20.0359",8.02,medium,2.31,False,nearshore
S1A_IW_GRDH_1SD_20230830_E020,S1A_IW_GRDH_1SDV_20230830T105001_20230830T105026_050104_060788_0278,2023-08-30T10:50:01Z,110.03746,20.00902,1,0.32,0.0,,0.988,3.17,in_window,"110.0360,110.0389","20.0090,20.0090",3.53,low,4.09,False,nearshore
S1A_IW_GRDH_1SD_20230830_E021,S1A_IW_GRDH_1SDV_20230830T105001_20230830T105026_050104_060788_0278,2023-08-30T10:50:01Z,108.7359,20.01013,1,0.47,87.7,,0.99,8.52,in_window,"108.7357,108.7361","20.0087,20.0115",1.38,low,50.44,True,
S1A_IW_GRDH_1SD_20230830_E023,S1A_IW_GRDH_1SDV_20230830T105001_20230830T105026_050104_060788_0278,2023-08-30T10:50:01Z,110.11409,20.01166,1,0.45,96.7,,0.981,3.2,in_window,"110.1133,110.1142","20.0104,20.0134",0.9,low,0.91,False,nearshore
S1A_IW_GRDH_1SD_20230830_E028,S1A_IW_GRDH_1SDV_20230830T105001_20230830T105026_050104_060788_0278,2023-08-30T10:50:01Z,109.57263,20.02685,1,0.32,90.9,,0.771,5.05,in_window,"109.5725,109.5727","20.0258,20.0280",0.79,low,4.44,False,nearshore
S1A_IW_GRDH_1SD_20230830_E029,S1A_IW_GRDH_1SDV_20230830T105001_20230830T105026_050104_060788_0278,2023-08-30T10:50:01Z,109.13949,20.04432,1,0.36,90.8,,0.96,7.42,in_window,"109.1393,109.1395","20.0430,20.0458",2.97,low,20.17,True,
S1A_IW_GRDH_1SD_20230830_E030,S1A_IW_GRDH_1SDV_20230830T105001_20230830T105026_050104_060788_0278,2023-08-30T10:50:01Z,110.29517,20.04678,1,0.72,0.0,,0.977,3.5,in_window,"110.2918,110.2986","20.0468,20.0468",10.18,low,0.63,False,nearshore
S1A_IW_GRDH_1SD_20230830_E031,S1A_IW_GRDH_1SDV_20230830T105001_20230830T105026_050104_060788_0278,2023-08-30T10:50:01Z,109.53463,20.04525,1,0.33,90.0,,0.973,5.39,in_window,"109.5346,109.5346","20.0438,20.0467",3.48,low,8.27,False,nearshore
S1A_IW_GRDH_1SD_20230830_E039,S1A_IW_GRDH_1SDV_20230830T105001_20230830T105026_050104_060788_0278,2023-08-30T10:50:01Z,110.0167,20.06972,5,3.01,89.2,437.0,0.891,3.15,in_window,"110.0056,110.0348","20.0550,20.0826",12.83,high,10.82,True,
S1A_IW_GRDH_1SD_20230830_E043,S1A_IW_GRDH_1SDV_20230830T105001_20230830T105026_050104_060788_0278,2023-08-30T10:50:01Z,109.68107,20.06816,1,0.36,90.6,,0.97,4.83,in_window,"109.6811,109.6812","20.0666,20.0696",1.9,low,6.69,False,nearshore
S1A_IW_GRDH_1SD_20230830_E044,S1A_IW_GRDH_1SDV_20230830T105001_20230830T105026_050104_060788_0278,2023-08-30T10:50:01Z,110.12341,20.10071,2,0.61,44.7,,0.903,3.15,in_window,"110.1199,110.1285","20.0973,20.1053",16.77,medium,5.09,False,nearshore
S1A_IW_GRDH_1SD_20230830_E046,S1A_IW_GRDH_1SDV_20230830T105001_20230830T105026_050104_060788_0278,2023-08-30T10:50:01Z,110.52823,20.22111,78,155.12,93.2,443.0,0.961,5.3,in_window,"110.2881,110.6701","20.0744,20.3722",387.74,high,14.29,True,
S1A_IW_GRDH_1SD_20230830_E047,S1A_IW_GRDH_1SDV_20230830T105001_20230830T105026_050104_060788_0278,2023-08-30T10:50:01Z,109.07951,20.07533,1,0.34,90.3,,0.917,7.67,in_window,"109.0795,109.0797","20.0739,20.0767",2.15,low,26.84,True,
S1A_IW_GRDH_1SD_20230830_E048,S1A_IW_GRDH_1SDV_20230830T105001_20230830T105026_050104_060788_0278,2023-08-30T10:50:01Z,110.54454,20.09521,3,1.31,90.2,,0.919,4.96,in_window,"110.5440,110.5454","20.0768,20.1068",15.07,medium,3.11,False,nearshore
S1A_IW_GRDH_1SD_20230830_E049,S1A_IW_GRDH_1SDV_20230830T105001_20230830T105026_050104_060788_0278,2023-08-30T10:50:01Z,109.64594,20.07866,1,0.52,57.9,,0.994,5.1,in_window,"109.6453,109.6476","20.0780,20.0805",6.51,low,8.27,False,nearshore
S1A_IW_GRDH_1SD_20230830_E052,S1A_IW_GRDH_1SDV_20230830T105001_20230830T105026_050104_060788_0278,2023-08-30T10:50:01Z,109.91487,20.1018,3,1.72,86.9,1714.0,0.952,3.72,in_window,"109.8980,109.9328","20.0788,20.1206",20.86,medium,12.28,False,nearshore
S1A_IW_GRDH_1SD_20230830_E053,S1A_IW_GRDH_1SDV_20230830T105001_20230830T105026_050104_060788_0278,2023-08-30T10:50:01Z,109.86938,20.07832,1,0.45,0.0,,0.967,3.9,in_window,"109.8673,109.8715","20.0783,20.0783",4.16,low,10.44,False,nearshore
S1A_IW_GRDH_1SD_20230830_E055,S1A_IW_GRDH_1SDV_20230830T105001_20230830T105026_050104_060788_0278,2023-08-30T10:50:01Z,109.577,20.09454,1,0.41,90.0,,0.978,5.54,in_window,"109.5770,109.5770","20.0927,20.0963",14.01,low,11.29,False,nearshore
S1A_IW_GRDH_1SD_20230830_E057,S1A_IW_GRDH_1SDV_20230830T105001_20230830T105026_050104_060788_0278,2023-08-30T10:50:01Z,110.07076,20.12241,2,1.08,90.0,,0.931,3.13,in_window,"110.0704,110.0712","20.1140,20.1301",4.4,medium,10.88,False,nearshore
S1A_IW_GRDH_1SD_20230830_E058,S1A_IW_GRDH_1SDV_20230830T105001_20230830T105026_050104_060788_0278,2023-08-30T10:50:01Z,109.16775,20.10663,1,0.4,90.5,,0.976,7.49,in_window,"109.1677,109.1679","20.1053,20.1079",1.32,low,24.78,True,
S1A_IW_GRDH_1SD_20230830_E059,S1A_IW_GRDH_1SDV_20230830T105001_20230830T105026_050104_060788_0278,2023-08-30T10:50:01Z,109.97751,20.1274,3,1.43,89.9,2072.0,0.874,3.3,in_window,"109.9725,109.9925","20.1060,20.1591",12.68,medium,13.44,False,nearshore
S1A_IW_GRDH_1SD_20230830_E060,S1A_IW_GRDH_1SDV_20230830T105001_20230830T105026_050104_060788_0278,2023-08-30T10:50:01Z,109.5508,20.14559,1,5.79,99.3,,0.988,6.05,in_window,"109.5481,109.5582","20.1384,20.1538",13.71,low,17.49,False,nearshore
S1A_IW_GRDH_1SD_20230830_E061,S1A_IW_GRDH_1SDV_20230830T105001_20230830T105026_050104_060788_0278,2023-08-30T10:50:01Z,109.31187,20.1151,1,0.46,95.8,,0.966,7.02,in_window,"109.3111,109.3120","20.1138,20.1167",0.9,low,21.4,True,
S1A_IW_GRDH_1SD_20230830_E062,S1A_IW_GRDH_1SDV_20230830T105001_20230830T105026_050104_060788_0278,2023-08-30T10:50:01Z,110.22102,20.11012,1,0.47,89.9,,0.984,3.19,in_window,"110.2210,110.2212","20.1082,20.1121",6.57,low,6.78,False,nearshore
S1A_IW_GRDH_1SD_20230830_E064,S1A_IW_GRDH_1SDV_20230830T105001_20230830T105026_050104_060788_0278,2023-08-30T10:50:01Z,109.24555,20.11131,1,0.31,90.0,,0.951,7.31,in_window,"109.2456,109.2456","20.1100,20.1127",0.51,low,21.83,True,
S1A_IW_GRDH_1SD_20230830_E068,S1A_IW_GRDH_1SDV_20230830T105001_20230830T105026_050104_060788_0278,2023-08-30T10:50:01Z,109.77392,20.32197,29,76.34,89.8,322.0,0.956,5.7,in_window,"109.7470,109.8189","20.1221,20.4117",119.12,high,12.08,True,
S1A_IW_GRDH_1SD_20230830_E069,S1A_IW_GRDH_1SDV_20230830T105001_20230830T105026_050104_060788_0278,2023-08-30T10:50:01Z,108.77747,20.11384,1,0.36,72.6,,0.953,8.59,in_window,"108.7771,108.7783","20.1132,20.1151",0.41,low,53.12,True,
S1A_IW_GRDH_1SD_20230830_E073,S1A_IW_GRDH_1SDV_20230830T105001_20230830T105026_050104_060788_0278,2023-08-30T10:50:01Z,109.86468,20.15292,2,0.89,90.0,,0.912,4.22,in_window,"109.8646,109.8648","20.1380,20.1642",5.7,medium,11.02,False,nearshore
S1A_IW_GRDH_1SD_20230830_E074,S1A_IW_GRDH_1SDV_20230830T105001_20230830T105026_050104_060788_0278,2023-08-30T10:50:01Z,108.76781,20.14915,1,0.33,95.8,,0.977,8.69,in_window,"108.7673,108.7679","20.1483,20.1504",2.17,low,56.45,True,
S1A_IW_GRDH_1SD_20230830_E076,S1A_IW_GRDH_1SDV_20230830T105001_20230830T105026_050104_060788_0278,2023-08-30T10:50:01Z,109.63992,20.1415,1,0.33,0.0,,0.989,5.56,in_window,"109.6384,109.6414","20.1415,20.1415",5.03,low,15.17,False,nearshore
S1A_IW_GRDH_1SD_20230830_E081,S1A_IW_GRDH_1SDV_20230830T105001_20230830T105026_050104_060788_0278,2023-08-30T10:50:01Z,109.16357,20.147,1,0.31,0.0,,0.972,7.62,in_window,"109.1622,109.1650","20.1470,20.1470",0.73,low,28.91,True,
S1A_IW_GRDH_1SD_20230830_E084,S1A_IW_GRDH_1SDV_20230830T105001_20230830T105026_050104_060788_0278,2023-08-30T10:50:01Z,109.75086,20.18135,1,0.31,88.6,,0.971,5.35,in_window,"109.7507,109.7509","20.1801,20.1824",3.42,low,18.55,False,nearshore
S1A_IW_GRDH_1SD_20230830_E086,S1A_IW_GRDH_1SDV_20230830T105001_20230830T105026_050104_060788_0278,2023-08-30T10:50:01Z,109.50044,20.18785,1,0.34,90.2,,0.961,6.63,in_window,"109.5003,109.5005","20.1868,20.1889",2.38,low,23.72,True,
S1A_IW_GRDH_1SD_20230830_E087,S1A_IW_GRDH_1SDV_20230830T105001_20230830T105026_050104_060788_0278,2023-08-30T10:50:01Z,109.67469,20.18313,1,0.3,0.0,,0.983,5.74,in_window,"109.6733,109.6761","20.1831,20.1831",3.07,low,19.42,False,nearshore
S1A_IW_GRDH_1SD_20230830_E091,S1A_IW_GRDH_1SDV_20230830T105001_20230830T105026_050104_060788_0278,2023-08-30T10:50:01Z,108.55917,20.18311,1,0.3,2.1,,0.959,9.18,in_window,"108.5579,108.5602","20.1829,20.1832",0.61,low,76.05,True,
S1A_IW_GRDH_1SD_20230830_E092,S1A_IW_GRDH_1SDV_20230830T105001_20230830T105026_050104_060788_0278,2023-08-30T10:50:01Z,109.71594,20.19077,1,0.46,94.0,,0.974,5.61,in_window,"109.7159,109.7165","20.1889,20.1921",2.34,low,19.92,False,nearshore
S1A_IW_GRDH_1SD_20230830_E094,S1A_IW_GRDH_1SDV_20230830T105001_20230830T105026_050104_060788_0278,2023-08-30T10:50:01Z,110.65796,20.23575,2,0.74,90.1,,0.973,5.75,in_window,"110.6577,110.6582","20.2229,20.2487",14.56,medium,8.25,False,nearshore
S1A_IW_GRDH_1SD_20230830_E097,S1A_IW_GRDH_1SDV_20230830T105001_20230830T105026_050104_060788_0278,2023-08-30T10:50:01Z,109.5355,20.2146,1,0.39,90.1,,0.991,6.63,in_window,"109.5355,109.5357","20.2131,20.2160",1.08,low,25.25,True,
S1A_IW_GRDH_1SD_20230830_E101,S1A_IW_GRDH_1SDV_20230830T105001_20230830T105026_050104_060788_0278,2023-08-30T10:50:01Z,109.23197,20.2519,1,0.48,0.0,,0.893,7.73,in_window,"109.2297,109.2342","20.2519,20.2519",2.95,low,37.27,True,
S1A_IW_GRDH_1SD_20230830_E102,S1A_IW_GRDH_1SDV_20230830T105001_20230830T105026_050104_060788_0278,2023-08-30T10:50:01Z,108.41144,20.24974,2,0.73,65.8,,0.986,9.44,in_window,"108.4100,108.4118","20.2469,20.2514",1.21,medium,70.7,True,
S1A_IW_GRDH_1SD_20230830_E103,S1A_IW_GRDH_1SDV_20230830T105001_20230830T105026_050104_060788_0278,2023-08-30T10:50:01Z,108.48471,20.25321,1,0.3,88.3,,0.977,9.43,in_window,"108.4845,108.4847","20.2521,20.2541",1.04,low,78.33,True,
S1A_IW_GRDH_1SD_20230830_E108,S1A_IW_GRDH_1SDV_20230830T105001_20230830T105026_050104_060788_0278,2023-08-30T10:50:01Z,108.76929,20.26988,1,0.3,90.0,,0.816,8.9,in_window,"108.7693,108.7693","20.2686,20.2712",0.57,low,65.35,True,
S1A_IW_GRDH_1SD_20230830_E111,S1A_IW_GRDH_1SDV_20230830T105001_20230830T105026_050104_060788_0278,2023-08-30T10:50:01Z,108.58701,20.2856,1,0.31,0.0,,0.98,9.29,in_window,"108.5856,108.5884","20.2856,20.2856",2.01,low,80.6,True,
S1A_IW_GRDH_1SD_20230830_E113,S1A_IW_GRDH_1SDV_20230830T105001_20230830T105026_050104_060788_0278,2023-08-30T10:50:01Z,109.35769,20.29011,2,0.64,90.3,,0.959,7.54,in_window,"109.3576,109.3579","20.2843,20.2963",3.27,medium,41.06,True,
S1A_IW_GRDH_1SD_20230830_E114,S1A_IW_GRDH_1SDV_20230830T105001_20230830T105026_050104_060788_0278,2023-08-30T10:50:01Z,109.68784,20.31888,1,0.47,90.4,,0.956,6.29,in_window,"109.6877,109.6879","20.3171,20.3208",5.95,low,20.49,True,
S1A_IW_GRDH_1SD_20230830_E119,S1A_IW_GRDH_1SDV_20230830T105001_20230830T105026_050104_060788_0278,2023-08-30T10:50:01Z,110.45527,20.31741,1,0.31,90.0,,0.518,4.72,in_window,"110.4553,110.4553","20.3161,20.3188",0.47,low,2.97,False,nearshore
S1A_IW_GRDH_1SD_20230830_E123,S1A_IW_GRDH_1SDV_20230830T105001_20230830T105026_050104_060788_0278,2023-08-30T10:50:01Z,108.91781,20.32106,1,0.32,88.8,,0.94,8.7,in_window,"108.9178,108.9180","20.3199,20.3224",0.57,low,58.56,True,
S1A_IW_GRDH_1SD_20230830_E125,S1A_IW_GRDH_1SDV_20230830T105001_20230830T105026_050104_060788_0278,2023-08-30T10:50:01Z,108.95417,20.31994,1,0.45,159.7,,0.964,8.61,in_window,"108.9527,108.9552","20.3196,20.3211",0.3,low,56.25,True,
S1A_IW_GRDH_1SD_20230830_E130,S1A_IW_GRDH_1SDV_20230830T105001_20230830T105026_050104_060788_0278,2023-08-30T10:50:01Z,109.4957,20.3602,2,0.76,89.6,397.0,0.964,7.44,in_window,"109.4939,109.4979","20.3525,20.3678",4.61,medium,38.27,True,
S1A_IW_GRDH_1SD_20230830_E133,S1A_IW_GRDH_1SDV_20230830T105001_20230830T105026_050104_060788_0278,2023-08-30T10:50:01Z,109.67748,20.38487,1,0.35,89.6,,0.989,6.46,in_window,"109.6775,109.6777","20.3835,20.3864",4.74,low,19.53,False,nearshore
S1A_IW_GRDH_1SD_20230830_E134,S1A_IW_GRDH_1SDV_20230830T105001_20230830T105026_050104_060788_0278,2023-08-30T10:50:01Z,110.58783,20.37252,1,0.36,90.0,,0.754,5.3,in_window,"110.5878,110.5878","20.3709,20.3741",1.22,low,9.98,False,nearshore
S1A_IW_GRDH_1SD_20230830_E146,S1A_IW_GRDH_1SDV_20230830T105001_20230830T105026_050104_060788_0278,2023-08-30T10:50:01Z,109.65054,20.43639,4,2.23,89.9,1646.0,0.918,6.69,in_window,"109.6472,109.6634","20.4164,20.4667",10.52,medium,20.02,True,
S1A_IW_GRDH_1SD_20230830_E150,S1A_IW_GRDH_1SDV_20230830T105001_20230830T105026_050104_060788_0278,2023-08-30T10:50:01Z,110.52962,20.43606,1,0.34,90.0,,0.65,4.99,in_window,"110.5296,110.5296","20.4346,20.4375",5.83,low,1.34,False,nearshore
S1A_IW_GRDH_1SD_20230830_E151,S1A_IW_GRDH_1SDV_20230830T105001_20230830T105026_050104_060788_0278,2023-08-30T10:50:01Z,109.17334,20.42933,1,0.4,92.7,,0.982,8.38,in_window,"109.1729,109.1734","20.4280,20.4311",2.17,low,57.76,True,
S1A_IW_GRDH_1SD_20230830_E157,S1A_IW_GRDH_1SDV_20230830T105001_20230830T105026_050104_060788_0278,2023-08-30T10:50:01Z,109.50358,20.45118,2,1.06,90.4,,0.935,7.72,in_window,"109.5035,109.5038","20.4425,20.4576",3.6,medium,32.13,True,
S1A_IW_GRDH_1SD_20230830_E159,S1A_IW_GRDH_1SDV_20230830T105001_20230830T105026_050104_060788_0278,2023-08-30T10:50:01Z,108.52017,20.46026,1,0.4,77.5,,0.985,9.63,in_window,"108.5198,108.5211","20.4594,20.4618",1.29,low,86.52,True,
S1A_IW_GRDH_1SD_20230830_E161,S1A_IW_GRDH_1SDV_20230830T105001_20230830T105026_050104_060788_0278,2023-08-30T10:50:01Z,109.28175,20.45931,3,1.13,76.9,223.0,0.984,8.26,in_window,"109.2799,109.2823","20.4544,20.4646",1.27,high,52.08,True,
S1A_IW_GRDH_1SD_20230830_E163,S1A_IW_GRDH_1SDV_20230830T105001_20230830T105026_050104_060788_0278,2023-08-30T10:50:01Z,109.13199,20.4838,1,0.63,89.9,,0.987,8.62,in_window,"109.1320,109.1321","20.4815,20.4861",1.93,low,59.51,True,
S1A_IW_GRDH_1SD_20230830_E165,S1A_IW_GRDH_1SDV_20230830T105001_20230830T105026_050104_060788_0278,2023-08-30T10:50:01Z,109.53936,20.48835,1,0.52,89.9,,0.974,7.59,in_window,"109.5394,109.5395","20.4861,20.4906",2.92,low,26.67,True,
S1A_IW_GRDH_1SD_20230830_E168,S1A_IW_GRDH_1SDV_20230830T105001_20230830T105026_050104_060788_0278,2023-08-30T10:50:01Z,109.34893,20.49887,1,0.36,89.0,,0.958,8.2,in_window,"109.3488,109.3490","20.4975,20.5001",4.25,low,43.97,True,
S1A_IW_GRDH_1SD_20230830_E171,S1A_IW_GRDH_1SDV_20230830T105001_20230830T105026_050104_060788_0278,2023-08-30T10:50:01Z,109.21437,20.52203,2,0.92,90.0,,0.982,8.54,in_window,"109.2140,109.2146","20.5186,20.5258",0.86,medium,56.45,True,
S1A_IW_GRDH_1SD_20230830_E178,S1A_IW_GRDH_1SDV_20230830T105001_20230830T105026_050104_060788_0278,2023-08-30T10:50:01Z,109.46754,20.54085,1,0.31,90.8,,0.666,8.04,in_window,"109.4674,109.4676","20.5397,20.5422",2.13,low,30.73,True,
S1A_IW_GRDH_1SD_20230830_E180,S1A_IW_GRDH_1SDV_20230830T105001_20230830T105026_050104_060788_0278,2023-08-30T10:50:01Z,109.33817,20.55883,2,0.72,89.2,,0.852,8.34,in_window,"109.3381,109.3383","20.5561,20.5620",0.44,medium,43.36,True,
S1A_IW_GRDH_1SD_20230830_E188,S1A_IW_GRDH_1SDV_20230830T105001_20230830T105026_050104_060788_0278,2023-08-30T10:50:01Z,108.70353,20.58061,1,0.42,90.0,,0.984,9.57,in_window,"108.7035,108.7035","20.5788,20.5825",4.43,low,63.78,True,
S1A_IW_GRDH_1SD_20230830_E193,S1A_IW_GRDH_1SDV_20230830T105001_20230830T105026_050104_060788_0278,2023-08-30T10:50:01Z,110.51275,20.59684,2,0.81,89.7,,0.99,4.64,in_window,"110.5124,110.5133","20.5899,20.6023",1.88,medium,3.81,False,nearshore
S1A_IW_GRDH_1SD_20230830_E194,S1A_IW_GRDH_1SDV_20230830T105001_20230830T105026_050104_060788_0278,2023-08-30T10:50:01Z,109.21238,20.59842,2,0.7,89.8,,0.99,8.65,in_window,"109.2122,109.2126","20.5951,20.6016",2.81,medium,48.18,True,
S1A_IW_GRDH_1SD_20230830_E195,S1A_IW_GRDH_1SDV_20230830T105001_20230830T105026_050104_060788_0278,2023-08-30T10:50:01Z,108.41623,20.59819,1,0.41,88.7,,0.97,9.74,in_window,"108.4161,108.4164","20.5967,20.5997",0.55,low,75.16,True,
S1A_IW_GRDH_1SD_20230830_E196,S1A_IW_GRDH_1SDV_20230830T105001_20230830T105026_050104_060788_0278,2023-08-30T10:50:01Z,109.43925,20.59697,1,0.45,0.0,,0.828,8.19,in_window,"109.4372,109.4413","20.5970,20.5970",1.48,low,32.28,True,
S1A_IW_GRDH_1SD_20230830_E200,S1A_IW_GRDH_1SDV_20230830T105001_20230830T105026_050104_060788_0278,2023-08-30T10:50:01Z,108.92024,20.65852,1,0.62,90.0,,0.956,9.26,in_window,"108.9202,108.9202","20.6557,20.6613",2.72,low,44.2,True,
S1A_IW_GRDH_1SD_20230830_E202,S1A_IW_GRDH_1SDV_20230830T105001_20230830T105026_050104_060788_0278,2023-08-30T10:50:01Z,110.58342,20.63808,1,0.41,90.6,,0.985,4.64,in_window,"110.5833,110.5837","20.6365,20.6394",7.5,low,11.23,False,nearshore
S1A_IW_GRDH_1SD_20230830_E220,S1A_IW_GRDH_1SDV_20230830T105001_20230830T105026_050104_060788_0278,2023-08-30T10:50:01Z,109.31781,20.70634,1,0.38,90.0,,0.994,8.6,in_window,"109.3176,109.3178","20.7048,20.7078",3.49,low,41.15,True,
S1A_IW_GRDH_1SD_20230830_E222,S1A_IW_GRDH_1SDV_20230830T105001_20230830T105026_050104_060788_0278,2023-08-30T10:50:01Z,108.41008,20.70065,2,0.59,43.2,188.0,0.974,9.8,in_window,"108.4081,108.4113","20.6995,20.7022",0.59,medium,68.15,True,
S1A_IW_GRDH_1SD_20230830_E225,S1A_IW_GRDH_1SDV_20230830T105001_20230830T105026_050104_060788_0278,2023-08-30T10:50:01Z,110.47994,20.72164,6,17.34,2.3,883.0,0.953,4.27,in_window,"110.4536,110.5013","20.7054,20.7322",27.35,high,7.45,True,
S1A_IW_GRDH_1SD_20230830_E228,S1A_IW_GRDH_1SDV_20230830T105001_20230830T105026_050104_060788_0278,2023-08-30T10:50:01Z,109.28363,20.74396,2,1.16,89.0,300.0,0.955,8.71,in_window,"109.2815,109.2843","20.7330,20.7513",5.36,medium,35.8,True,
S1A_IW_GRDH_1SD_20230830_E230,S1A_IW_GRDH_1SDV_20230830T105001_20230830T105026_050104_060788_0278,2023-08-30T10:50:01Z,109.45079,20.75203,2,0.66,70.7,2265.0,0.962,8.47,in_window,"109.4317,109.4669","20.7355,20.7705",4.03,medium,26.46,False,blob_invalid
S1A_IW_GRDH_1SD_20230830_E236,S1A_IW_GRDH_1SDV_20230830T105001_20230830T105026_050104_060788_0278,2023-08-30T10:50:01Z,110.57827,20.77447,3,1.56,0.0,229.0,0.948,4.36,in_window,"110.5686,110.5853","20.7737,20.7778",7.61,high,12.11,True,
S1A_IW_GRDH_1SD_20230830_E237,S1A_IW_GRDH_1SDV_20230830T105001_20230830T105026_050104_060788_0278,2023-08-30T10:50:01Z,108.84864,20.75239,1,0.3,90.0,,0.695,9.5,in_window,"108.8486,108.8486","20.7511,20.7537",0.81,low,39.47,True,
S1A_IW_GRDH_1SD_20230830_E239,S1A_IW_GRDH_1SDV_20230830T105001_20230830T105026_050104_060788_0278,2023-08-30T10:50:01Z,110.33857,20.77508,2,0.89,90.1,,0.975,3.32,in_window,"110.3381,110.3388","20.7685,20.7839",5.4,medium,0.61,False,nearshore
S1A_IW_GRDH_1SD_20230830_E241,S1A_IW_GRDH_1SDV_20230830T105001_20230830T105026_050104_060788_0278,2023-08-30T10:50:01Z,108.51471,20.77027,2,0.65,132.8,127.0,0.97,9.85,in_window,"108.5137,108.5157","20.7689,20.7723",0.66,medium,66.87,True,
S1A_IW_GRDH_1SD_20230830_E244,S1A_IW_GRDH_1SDV_20230830T105001_20230830T105026_050104_060788_0278,2023-08-30T10:50:01Z,110.49224,20.77991,1,0.32,179.3,,0.916,4.32,in_window,"110.4909,110.4937","20.7797,20.7799",6.59,low,9.07,False,nearshore
S1A_IW_GRDH_1SD_20230830_E246,S1A_IW_GRDH_1SDV_20230830T105001_20230830T105026_050104_060788_0278,2023-08-30T10:50:01Z,109.6571,20.78717,1,0.44,90.0,,0.978,7.23,in_window,"109.6571,109.6571","20.7852,20.7891",9.93,low,6.15,False,nearshore
S1A_IW_GRDH_1SD_20230830_E247,S1A_IW_GRDH_1SDV_20230830T105001_20230830T105026_050104_060788_0278,2023-08-30T10:50:01Z,109.39109,20.8058,3,1.29,90.4,,0.964,8.58,in_window,"109.3903,109.3916","20.7961,20.8148",3.15,medium,29.89,True,
S1A_IW_GRDH_1SD_20230830_E249,S1A_IW_GRDH_1SDV_20230830T105001_20230830T105026_050104_060788_0278,2023-08-30T10:50:01Z,108.44888,20.80447,1,0.33,89.5,,0.969,9.84,in_window,"108.4487,108.4489","20.8031,20.8058",2.27,low,66.75,True,
S1A_IW_GRDH_1SD_20230830_E250,S1A_IW_GRDH_1SDV_20230830T105001_20230830T105026_050104_060788_0278,2023-08-30T10:50:01Z,109.56956,20.81629,2,0.66,134.5,2626.0,0.982,7.91,in_window,"109.5674,109.5704","20.8003,20.8346",4.19,medium,12.18,False,nearshore
S1A_IW_GRDH_1SD_20230830_E251,S1A_IW_GRDH_1SDV_20230830T105001_20230830T105026_050104_060788_0278,2023-08-30T10:50:01Z,110.42518,20.80434,1,0.54,0.0,,0.759,3.89,in_window,"110.4226,110.4277","20.8043,20.8043",5.48,low,2.79,False,nearshore
S1A_IW_GRDH_1SD_20230830_E252,S1A_IW_GRDH_1SDV_20230830T105001_20230830T105026_050104_060788_0278,2023-08-30T10:50:01Z,108.47406,20.80705,1,0.4,89.6,,0.98,9.86,in_window,"108.4739,108.4741","20.8055,20.8085",1.04,low,69.12,True,
S1A_IW_GRDH_1SD_20230830_E259,S1A_IW_GRDH_1SDV_20230830T105001_20230830T105026_050104_060788_0278,2023-08-30T10:50:01Z,109.2404,20.83846,4,1.82,170.6,371.0,0.929,8.83,in_window,"109.2260,109.2530","20.8372,20.8407",5.0,high,24.45,True,
S1A_IW_GRDH_1SD_20230830_E260,S1A_IW_GRDH_1SDV_20230830T105001_20230830T105026_050104_060788_0278,2023-08-30T10:50:01Z,110.62156,20.83904,1,0.4,0.0,,0.984,4.25,in_window,"110.6197,110.6234","20.8390,20.8390",1.75,low,5.97,False,nearshore
S1A_IW_GRDH_1SD_20230830_E261,S1A_IW_GRDH_1SDV_20230830T105001_20230830T105026_050104_060788_0278,2023-08-30T10:50:01Z,109.68048,20.84124,1,0.3,90.1,,0.982,7.06,in_window,"109.6803,109.6805","20.8401,20.8424",1.67,low,0.56,False,nearshore
S1A_IW_GRDH_1SD_20230830_E265,S1A_IW_GRDH_1SDV_20230830T105001_20230830T105026_050104_060788_0278,2023-08-30T10:50:01Z,110.67018,20.87403,1,0.3,89.0,,0.978,4.15,in_window,"110.6700,110.6702","20.8728,20.8751",5.18,low,6.57,False,nearshore
S1A_IW_GRDH_1SD_20230830_E268,S1A_IW_GRDH_1SDV_20230830T105001_20230830T105026_050104_060788_0278,2023-08-30T10:50:01Z,109.28417,20.86876,2,0.78,89.5,,0.965,8.78,in_window,"109.2840,109.2842","20.8642,20.8732",1.2,medium,24.38,True,
S1A_IW_GRDH_1SD_20230830_E272,S1A_IW_GRDH_1SDV_20230830T105001_20230830T105026_050104_060788_0278,2023-08-30T10:50:01Z,108.3345,20.88661,2,0.74,44.5,,0.956,9.72,in_window,"108.3234,108.3494","20.8736,20.8992",5.43,medium,52.5,True,
S1A_IW_GRDH_1SD_20230830_E292,S1A_IW_GRDH_1SDV_20230830T105001_20230830T105026_050104_060788_0278,2023-08-30T10:50:01Z,108.62953,21.01441,1,0.36,7.3,,0.977,9.82,in_window,"108.6285,108.6311","21.0143,21.0150",0.92,low,48.32,True,
S1A_IW_GRDH_1SD_20230830_E293,S1A_IW_GRDH_1SDV_20230830T105001_20230830T105026_050104_060788_0278,2023-08-30T10:50:01Z,108.50922,21.01261,1,0.32,0.0,,0.961,9.91,in_window,"108.5078,108.5107","21.0126,21.0126",1.35,low,60.35,True,
S1A_IW_GRDH_1SD_20230830_E295,S1A_IW_GRDH_1SDV_20230830T105001_20230830T105026_050104_060788_0278,2023-08-30T10:50:01Z,109.61024,21.03931,1,0.31,88.7,,0.969,7.59,in_window,"109.6102,109.6104","21.0384,21.0404",2.81,low,8.59,False,nearshore
S1A_IW_GRDH_1SD_20230830_E297,S1A_IW_GRDH_1SDV_20230830T105001_20230830T105026_050104_060788_0278,2023-08-30T10:50:01Z,109.36261,21.04469,2,1.03,89.3,,0.983,8.6,in_window,"109.3624,109.3628","21.0407,21.0489",0.94,medium,23.69,True,
S1A_IW_GRDH_1SD_20230830_E304,S1A_IW_GRDH_1SDV_20230830T105001_20230830T105026_050104_060788_0278,2023-08-30T10:50:01Z,109.65308,21.0898,4,1.79,96.8,1225.0,0.975,7.22,in_window,"109.6456,109.6742","21.0769,21.1178",9.43,high,3.78,False,nearshore
S1A_IW_GRDH_1SD_20230830_E306,S1A_IW_GRDH_1SDV_20230830T105001_20230830T105026_050104_060788_0278,2023-08-30T10:50:01Z,108.55798,21.08044,1,0.39,89.6,,0.981,9.73,in_window,"108.5580,108.5581","21.0791,21.0818",1.97,low,54.02,True,
S1A_IW_GRDH_1SD_20230830_E307,S1A_IW_GRDH_1SDV_20230830T105001_20230830T105026_050104_060788_0278,2023-08-30T10:50:01Z,109.31832,21.08048,1,0.37,90.1,,0.988,8.58,in_window,"109.3183,109.3185","21.0791,21.0818",0.7,low,19.32,False,nearshore
S1A_IW_GRDH_1SD_20230830_E312,S1A_IW_GRDH_1SDV_20230830T105001_20230830T105026_050104_060788_0278,2023-08-30T10:50:01Z,109.00101,21.09593,1,0.36,90.0,,0.912,9.14,in_window,"109.0010,109.0010","21.0944,21.0975",3.6,low,11.01,False,nearshore
S1A_IW_GRDH_1SD_20230830_E313,S1A_IW_GRDH_1SDV_20230830T105001_20230830T105026_050104_060788_0278,2023-08-30T10:50:01Z,108.95586,21.11494,3,1.4,90.0,,0.985,9.2,in_window,"108.9556,108.9561","21.1084,21.1214",2.11,medium,16.18,False,nearshore
S1A_IW_GRDH_1SD_20230830_E314,S1A_IW_GRDH_1SDV_20230830T105001_20230830T105026_050104_060788_0278,2023-08-30T10:50:01Z,109.57254,21.11641,2,1.46,87.0,,0.984,7.73,in_window,"109.5710,109.5728","21.1110,21.1216",1.89,medium,10.24,False,nearshore
S1A_IW_GRDH_1SD_20230830_E322,S1A_IW_GRDH_1SDV_20230830T105001_20230830T105026_050104_060788_0278,2023-08-30T10:50:01Z,109.68056,21.15757,1,0.38,90.0,,0.979,6.93,in_window,"109.6804,109.6806","21.1563,21.1589",4.09,low,0.73,False,nearshore
S1A_IW_GRDH_1SD_20230830_E324,S1A_IW_GRDH_1SDV_20230830T105001_20230830T105026_050104_060788_0278,2023-08-30T10:50:01Z,108.85081,21.14727,1,0.35,89.3,,0.963,9.39,in_window,"108.8508,108.8510","21.1459,21.1488",0.95,low,27.65,True,
S1A_IW_GRDH_1SD_20230830_E325,S1A_IW_GRDH_1SDV_20230830T105001_20230830T105026_050104_060788_0278,2023-08-30T10:50:01Z,108.52993,21.15014,2,0.75,48.5,,0.991,9.58,in_window,"108.5276,108.5308","21.1477,21.1511",2.04,medium,45.96,True,
S1A_IW_GRDH_1SD_20230830_E328,S1A_IW_GRDH_1SDV_20230830T105001_20230830T105026_050104_060788_0278,2023-08-30T10:50:01Z,109.65014,21.15675,1,0.55,86.8,,0.967,7.18,in_window,"109.6499,109.6508","21.1553,21.1588",1.62,low,3.41,False,nearshore
S1A_IW_GRDH_1SD_20230830_E333,S1A_IW_GRDH_1SDV_20230830T105001_20230830T105026_050104_060788_0278,2023-08-30T10:50:01Z,109.05835,21.19275,1,0.53,90.3,,0.979,8.82,in_window,"109.0582,109.0584","21.1908,21.1948",2.62,low,15.23,False,nearshore
S1A_IW_GRDH_1SD_20230830_E336,S1A_IW_GRDH_1SDV_20230830T105001_20230830T105026_050104_060788_0278,2023-08-30T10:50:01Z,109.71953,21.22221,1,0.43,89.5,,0.989,6.62,in_window,"109.7194,109.7196","21.2205,21.2238",6.72,low,4.29,False,nearshore
S1A_IW_GRDH_1SD_20230830_E338,S1A_IW_GRDH_1SDV_20230830T105001_20230830T105026_050104_060788_0278,2023-08-30T10:50:01Z,108.73066,21.21866,1,0.44,93.4,,0.978,9.55,in_window,"108.7306,108.7312","21.2168,21.2200",2.92,low,41.23,True,
S1A_IW_GRDH_1SD_20230830_E339,S1A_IW_GRDH_1SDV_20230830T105001_20230830T105026_050104_060788_0278,2023-08-30T10:50:01Z,108.31931,21.33511,25,16.15,90.0,,0.99,8.23,in_window,"108.3189,108.3199","21.2166,21.4437",20.46,medium,21.44,True,
S1A_IW_GRDH_1SD_20230830_E343,S1A_IW_GRDH_1SDV_20230830T105001_20230830T105026_050104_060788_0278,2023-08-30T10:50:01Z,109.67506,21.24935,2,1.02,135.5,188.0,0.985,6.87,in_window,"109.6700,109.6814","21.2416,21.2538",4.16,medium,8.42,False,nearshore
S1A_IW_GRDH_1SD_20230830_E345,S1A_IW_GRDH_1SDV_20230830T105001_20230830T105026_050104_060788_0278,2023-08-30T10:50:01Z,108.73653,21.26042,1,0.34,89.7,,0.973,9.5,in_window,"108.7364,108.7366","21.2592,21.2616",1.0,low,37.89,True,
S1A_IW_GRDH_1SD_20230830_E346,S1A_IW_GRDH_1SDV_20230830T105001_20230830T105026_050104_060788_0278,2023-08-30T10:50:01Z,108.65872,21.25456,1,0.31,90.5,,0.962,9.45,in_window,"108.6585,108.6589","21.2533,21.2555",0.74,low,39.26,True,
S1A_IW_GRDH_1SD_20230830_E354,S1A_IW_GRDH_1SDV_20230830T105001_20230830T105026_050104_060788_0278,2023-08-30T10:50:01Z,108.55833,21.30154,1,0.35,90.0,,0.969,9.04,in_window,"108.5583,108.5583","21.3000,21.3031",2.23,low,30.21,True,
S1A_IW_GRDH_1SD_20230830_E358,S1A_IW_GRDH_1SDV_20230830T105001_20230830T105026_050104_060788_0278,2023-08-30T10:50:01Z,109.35375,21.32258,1,0.37,89.6,,0.98,7.41,in_window,"109.3536,109.3538","21.3212,21.3239",3.54,low,14.46,False,nearshore
S1A_IW_GRDH_1SD_20230830_E359,S1A_IW_GRDH_1SDV_20230830T105001_20230830T105026_050104_060788_0278,2023-08-30T10:50:01Z,109.28156,21.31911,1,0.33,88.6,,0.98,7.44,in_window,"109.2814,109.2816","21.3179,21.3201",1.63,low,12.93,False,nearshore
S1A_IW_GRDH_1SD_20230830_E364,S1A_IW_GRDH_1SDV_20230830T105001_20230830T105026_050104_060788_0278,2023-08-30T10:50:01Z,109.24247,21.35608,1,0.35,89.0,,0.988,7.12,in_window,"109.2424,109.2426","21.3550,21.3573",3.61,low,7.38,False,nearshore
S1A_IW_GRDH_1SD_20230830_E370,S1A_IW_GRDH_1SDV_20230830T105001_20230830T105026_050104_060788_0278,2023-08-30T10:50:01Z,109.68631,21.37685,1,0.47,89.6,,0.921,6.08,in_window,"109.6862,109.6863","21.3752,21.3784",6.7,low,8.62,False,nearshore
S1A_IW_GRDH_1SD_20230830_E371,S1A_IW_GRDH_1SDV_20230830T105001_20230830T105026_050104_060788_0278,2023-08-30T10:50:01Z,109.74141,21.42689,3,1.47,90.0,1554.0,0.987,5.61,in_window,"109.7294,109.7445","21.3814,21.4433",18.56,medium,5.21,False,nearshore
S1A_IW_GRDH_1SD_20230830_E373,S1A_IW_GRDH_1SDV_20230830T105001_20230830T105026_050104_060788_0278,2023-08-30T10:50:01Z,109.35356,21.39804,1,0.35,90.2,,0.978,6.63,in_window,"109.3534,109.3536","21.3968,21.3993",3.08,low,6.12,False,nearshore
S1A_IW_GRDH_1SD_20230830_E376,S1A_IW_GRDH_1SDV_20230830T105001_20230830T105026_050104_060788_0278,2023-08-30T10:50:01Z,109.78747,21.3979,1,0.31,90.9,,0.983,5.48,in_window,"109.7873,109.7875","21.3967,21.3992",3.58,low,5.03,False,nearshore
S1A_IW_GRDH_1SD_20230830_E378,S1A_IW_GRDH_1SDV_20230830T105001_20230830T105026_050104_060788_0278,2023-08-30T10:50:01Z,109.23376,21.39274,1,0.47,0.0,,0.977,6.77,in_window,"109.2316,109.2359","21.3927,21.3927",3.06,low,3.39,False,nearshore
S1A_IW_GRDH_1SD_20230830_E380,S1A_IW_GRDH_1SDV_20230830T105001_20230830T105026_050104_060788_0278,2023-08-30T10:50:01Z,108.75287,21.40689,1,0.43,90.0,,0.884,8.63,in_window,"108.7529,108.7529","21.4050,21.4088",1.12,low,21.7,True,
S1A_IW_GRDH_1SD_20230830_E002,S1A_IW_GRDH_1SDV_20230830T105026_20230830T105051_050104_060788_CAFA,2023-08-30T10:50:26Z,109.45307,21.46614,1,0.3,91.8,,0.978,5.92,in_window,"109.4529,109.4531","21.4652,21.4674",1.63,low,0.75,False,nearshore
S1A_IW_GRDH_1SD_20230830_E010,S1A_IW_GRDH_1SDV_20230830T105026_20230830T105051_050104_060788_CAFA,2023-08-30T10:50:26Z,108.84498,21.50301,2,0.99,90.1,,0.619,7.66,in_window,"108.8445,108.8453","21.4980,21.5080",2.78,medium,13.6,False,nearshore
S1A_IW_GRDH_1SD_20230830_E012,S1A_IW_GRDH_1SDV_20230830T105026_20230830T105051_050104_060788_CAFA,2023-08-30T10:50:26Z,108.9907,21.53444,1,0.35,90.1,,0.67,6.71,in_window,"108.9905,108.9907","21.5333,21.5356",0.56,low,8.17,False,nearshore
S1A_IW_GRDH_1SD_20230830_E014,S1A_IW_GRDH_1SDV_20230830T105026_20230830T105051_050104_060788_CAFA,2023-08-30T10:50:26Z,108.13545,21.54678,1,0.32,89.2,,0.971,5.31,in_window,"108.1354,108.1356","21.5455,21.5481",2.96,low,1.92,False,nearshore
S1A_IW_GRDH_1SD_20230830_E015,S1A_IW_GRDH_1SDV_20230830T105026_20230830T105051_050104_060788_CAFA,2023-08-30T10:50:26Z,108.68403,21.54989,1,0.38,88.8,,0.972,7.3,in_window,"108.6840,108.6842","21.5487,21.5513",1.06,low,8.64,False,nearshore
S1A_IW_GRDH_1SD_20230830_E018,S1A_IW_GRDH_1SDV_20230830T105026_20230830T105051_050104_060788_CAFA,2023-08-30T10:50:26Z,108.83122,21.61639,1,0.59,72.2,,0.97,6.2,in_window,"108.8307,108.8327","21.6153,21.6185",2.61,low,1.32,False,nearshore
S1A_IW_GRDH_1SD_20230830_E019,S1A_IW_GRDH_1SDV_20230830T105026_20230830T105051_050104_060788_CAFA,2023-08-30T10:50:26Z,108.38503,21.62169,1,0.47,0.0,,0.98,5.64,in_window,"108.3828,108.3873","21.6217,21.6217",1.96,low,2.95,False,nearshore
S1A_IW_GRDH_1SD_20230830_E027,S1A_IW_GRDH_1SDV_20230830T105026_20230830T105051_050104_060788_CAFA,2023-08-30T10:50:26Z,108.53729,21.70445,2,0.97,89.8,,0.989,4.93,in_window,"108.5373,108.5375","21.6996,21.7092",10.0,medium,0.95,False,nearshore
S1A_IW_GRDH_1SD_20230930_E006,S1A_IW_GRDH_1SDV_20230930T104133_20230930T104202_050556_0616E8_7E00,2023-09-30T10:41:33Z,111.72894,19.0809,1,0.55,70.4,,0.984,5.16,in_window,"111.7275,111.7294","19.0790,19.0818",3.31,low,95.53,True,
S1A_IW_GRDH_1SD_20230930_E009,S1A_IW_GRDH_1SDV_20230930T104133_20230930T104202_050556_0616E8_7E00,2023-09-30T10:41:33Z,111.80037,19.08247,2,1.24,44.1,471.0,0.974,5.15,in_window,"111.7906,111.8078","19.0810,19.0882",7.22,medium,101.22,True,
S1A_IW_GRDH_1SD_20230930_E013,S1A_IW_GRDH_1SDV_20230930T104133_20230930T104202_050556_0616E8_7E00,2023-09-30T10:41:33Z,112.15764,19.10078,1,0.4,0.2,,0.976,4.95,in_window,"112.1558,112.1594","19.1007,19.1008",3.71,low,131.85,True,
S1A_IW_GRDH_1SD_20230930_E032,S1A_IW_GRDH_1SDV_20230930T104133_20230930T104202_050556_0616E8_7E00,2023-09-30T10:41:33Z,111.86557,19.18499,1,0.49,91.4,,0.976,5.11,in_window,"111.8652,111.8656","19.1832,19.1871",1.24,low,100.55,True,
S1A_IW_GRDH_1SD_20230930_E033,S1A_IW_GRDH_1SDV_20230930T104133_20230930T104202_050556_0616E8_7E00,2023-09-30T10:41:33Z,111.43764,19.18304,1,0.5,163.8,,0.972,5.02,in_window,"111.4364,111.4388","19.1822,19.1840",0.57,low,65.99,True,
S1A_IW_GRDH_1SD_20230930_E040,S1A_IW_GRDH_1SDV_20230930T104133_20230930T104202_050556_0616E8_7E00,2023-09-30T10:41:33Z,111.52234,19.25256,1,0.38,0.0,,0.98,5.04,in_window,"111.5206,111.5241","19.2526,19.2526",7.21,low,66.77,True,
S1A_IW_GRDH_1SD_20230930_E044,S1A_IW_GRDH_1SDV_20230930T104133_20230930T104202_050556_0616E8_7E00,2023-09-30T10:41:33Z,110.89164,19.2618,1,0.36,93.5,,0.979,3.62,in_window,"110.8912,110.8917","19.2608,19.2631",1.7,low,23.37,True,
S1A_IW_GRDH_1SD_20230930_E050,S1A_IW_GRDH_1SDV_20230930T104133_20230930T104202_050556_0616E8_7E00,2023-09-30T10:41:33Z,112.37372,19.28741,1,0.33,93.9,,0.965,4.74,in_window,"112.3731,112.3740","19.2865,19.2884",0.26,low,145.46,True,
S1A_IW_GRDH_1SD_20230930_E054,S1A_IW_GRDH_1SDV_20230930T104133_20230930T104202_050556_0616E8_7E00,2023-09-30T10:41:33Z,112.88243,19.3171,1,0.73,89.9,,0.977,4.36,in_window,"112.8823,112.8825","19.3145,19.3197",4.15,low,196.6,True,
S1A_IW_GRDH_1SD_20230930_E056,S1A_IW_GRDH_1SDV_20230930T104133_20230930T104202_050556_0616E8_7E00,2023-09-30T10:41:33Z,111.1534,19.32285,1,0.34,90.4,,0.975,4.4,in_window,"111.1534,111.1536","19.3214,19.3242",2.04,low,37.31,True,
S1A_IW_GRDH_1SD_20230930_E070,S1A_IW_GRDH_1SDV_20230930T104133_20230930T104202_050556_0616E8_7E00,2023-09-30T10:41:33Z,110.69809,19.39681,1,0.61,90.0,,0.648,2.1,in_window,"110.6981,110.6981","19.3941,19.3996",6.11,low,0.99,False,nearshore
S1A_IW_GRDH_1SD_20230930_E071,S1A_IW_GRDH_1SDV_20230930T104133_20230930T104202_050556_0616E8_7E00,2023-09-30T10:41:33Z,111.61423,19.38905,1,0.6,89.6,,0.977,4.99,in_window,"111.6142,111.6144","19.3867,19.3917",2.94,low,66.78,True,
S1A_IW_GRDH_1SD_20230930_E072,S1A_IW_GRDH_1SDV_20230930T104133_20230930T104202_050556_0616E8_7E00,2023-09-30T10:41:33Z,111.22055,19.39127,1,0.3,47.1,,0.978,4.45,in_window,"111.2196,111.2210","19.3904,19.3916",2.16,low,33.88,True,
S1A_IW_GRDH_1SD_20230930_E075,S1A_IW_GRDH_1SDV_20230930T104133_20230930T104202_050556_0616E8_7E00,2023-09-30T10:41:33Z,112.28047,19.41217,1,0.37,90.2,,0.935,4.86,in_window,"112.2805,112.2806","19.4106,19.4137",2.81,low,132.78,True,
S1A_IW_GRDH_1SD_20230930_E076,S1A_IW_GRDH_1SDV_20230930T104133_20230930T104202_050556_0616E8_7E00,2023-09-30T10:41:33Z,112.19262,19.41875,1,0.44,0.0,,0.982,4.93,in_window,"112.1906,112.1946","19.4188,19.4188",4.48,low,123.62,True,
S1A_IW_GRDH_1SD_20230930_E077,S1A_IW_GRDH_1SDV_20230930T104133_20230930T104202_050556_0616E8_7E00,2023-09-30T10:41:33Z,112.0874,19.42595,2,0.68,89.8,,0.989,5.0,in_window,"112.0871,112.0878","19.4230,19.4295",1.51,medium,112.69,True,
S1A_IW_GRDH_1SD_20230930_E081,S1A_IW_GRDH_1SDV_20230930T104133_20230930T104202_050556_0616E8_7E00,2023-09-30T10:41:33Z,112.22983,19.44498,2,0.62,90.0,734.0,0.958,4.9,in_window,"112.2263,112.2333","19.4364,19.4536",4.36,medium,126.91,True,
S1A_IW_GRDH_1SD_20230930_E083,S1A_IW_GRDH_1SDV_20230930T104133_20230930T104202_050556_0616E8_7E00,2023-09-30T10:41:33Z,110.78384,19.45616,1,0.45,89.4,,0.978,2.22,in_window,"110.7838,110.7840","19.4544,19.4580",2.26,low,1.24,False,nearshore
S1A_IW_GRDH_1SD_20230930_E087,S1A_IW_GRDH_1SDV_20230930T104133_20230930T104202_050556_0616E8_7E00,2023-09-30T10:41:33Z,112.26291,19.49758,1,0.33,175.1,,0.978,4.88,in_window,"112.2615,112.2639","19.4975,19.4980",1.59,low,129.47,True,
S1A_IW_GRDH_1SD_20230930_E096,S1A_IW_GRDH_1SDV_20230930T104133_20230930T104202_050556_0616E8_7E00,2023-09-30T10:41:33Z,111.76411,19.55205,1,0.98,90.0,,0.932,4.98,in_window,"111.7641,111.7641","19.5476,19.5565",4.35,low,76.95,True,
S1A_IW_GRDH_1SD_20230930_E098,S1A_IW_GRDH_1SDV_20230930T104133_20230930T104202_050556_0616E8_7E00,2023-09-30T10:41:33Z,112.05414,19.56059,1,0.39,89.8,,0.97,4.97,in_window,"112.0541,112.0543","19.5590,19.5622",0.83,low,107.02,True,
S1A_IW_GRDH_1SD_20230930_E101,S1A_IW_GRDH_1SDV_20230930T104133_20230930T104202_050556_0616E8_7E00,2023-09-30T10:41:33Z,112.7754,19.60005,1,0.35,92.3,,0.981,4.65,in_window,"112.7751,112.7755","19.5991,19.6014",1.7,low,182.15,True,
S1A_IW_GRDH_1SD_20230930_E102,S1A_IW_GRDH_1SDV_20230930T104133_20230930T104202_050556_0616E8_7E00,2023-09-30T10:41:33Z,112.59963,19.60796,1,0.46,81.2,,0.979,4.72,in_window,"112.5994,112.6004","19.6069,19.6095",1.9,low,163.75,True,
S1A_IW_GRDH_1SD_20230930_E107,S1A_IW_GRDH_1SDV_20230930T104133_20230930T104202_050556_0616E8_7E00,2023-09-30T10:41:33Z,112.70373,19.63793,2,0.87,135.4,1569.0,0.977,4.7,in_window,"112.6983,112.7152","19.6343,19.6418",6.19,medium,174.59,True,
S1A_IW_GRDH_1SD_20230930_E108,S1A_IW_GRDH_1SDV_20230930T104133_20230930T104202_050556_0616E8_7E00,2023-09-30T10:41:33Z,112.18559,19.65772,2,0.91,45.2,209.0,0.962,4.89,in_window,"112.1832,112.1861","19.6536,19.6605",5.2,medium,120.41,True,
S1A_IW_GRDH_1SD_20230930_E110,S1A_IW_GRDH_1SDV_20230930T104133_20230930T104202_050556_0616E8_7E00,2023-09-30T10:41:33Z,112.44123,19.6484,1,0.34,90.7,,0.612,4.81,in_window,"112.4410,112.4414","19.6473,19.6498",0.41,low,147.14,True,
S1A_IW_GRDH_1SD_20230930_E111,S1A_IW_GRDH_1SDV_20230930T104133_20230930T104202_050556_0616E8_7E00,2023-09-30T10:41:33Z,112.72932,19.69035,2,0.82,90.0,,0.918,4.74,in_window,"112.7291,112.7297","19.6837,19.6987",2.77,medium,177.35,True,
S1A_IW_GRDH_1SD_20230930_E114,S1A_IW_GRDH_1SDV_20230930T104133_20230930T104202_050556_0616E8_7E00,2023-09-30T10:41:33Z,112.04832,19.70167,1,0.31,90.0,,0.982,4.88,in_window,"112.0483,112.0483","19.7003,19.7030",2.52,low,106.24,True,
S1A_IW_GRDH_1SD_20230930_E116,S1A_IW_GRDH_1SDV_20230930T104133_20230930T104202_050556_0616E8_7E00,2023-09-30T10:41:33Z,111.19688,19.72358,3,1.24,90.0,962.0,0.982,3.78,in_window,"111.1931,111.2047","19.7156,19.7303",15.02,high,19.19,True,
S1A_IW_GRDH_1SD_20230930_E117,S1A_IW_GRDH_1SDV_20230930T104133_20230930T104202_050556_0616E8_7E00,2023-09-30T10:41:33Z,111.97964,19.72229,1,0.48,89.6,,0.877,4.86,in_window,"111.9795,111.9797","19.7203,19.7241",1.26,low,99.24,True,
S1A_IW_GRDH_1SD_20230930_E121,S1A_IW_GRDH_1SDV_20230930T104133_20230930T104202_050556_0616E8_7E00,2023-09-30T10:41:33Z,112.44551,19.73801,1,0.3,90.5,,0.969,4.84,in_window,"112.4454,112.4456","19.7371,19.7390",0.38,low,147.96,True,
S1A_IW_GRDH_1SD_20230930_E125,S1A_IW_GRDH_1SDV_20230930T104133_20230930T104202_050556_0616E8_7E00,2023-09-30T10:41:33Z,112.30328,19.7712,1,0.4,90.8,,0.984,4.87,in_window,"112.3033,112.3034","19.7696,19.7726",1.55,low,133.47,True,
S1A_IW_GRDH_1SD_20230930_E126,S1A_IW_GRDH_1SDV_20230930T104133_20230930T104202_050556_0616E8_7E00,2023-09-30T10:41:33Z,111.90516,19.77281,1,0.34,88.6,,0.967,4.79,in_window,"111.9050,111.9053","19.7716,19.7740",0.46,low,92.2,True,
S1A_IW_GRDH_1SD_20230930_E129,S1A_IW_GRDH_1SDV_20230930T104133_20230930T104202_050556_0616E8_7E00,2023-09-30T10:41:33Z,112.84677,19.78079,1,0.3,8.4,,0.987,4.87,in_window,"112.8460,112.8480","19.7807,19.7813",1.42,low,190.17,True,
S1A_IW_GRDH_1SD_20230930_E131,S1A_IW_GRDH_1SDV_20230930T104133_20230930T104202_050556_0616E8_7E00,2023-09-30T10:41:33Z,111.26651,19.80658,1,0.33,0.0,,0.987,3.97,in_window,"111.2650,111.2680","19.8066,19.8066",6.45,low,28.91,True,
S1A_IW_GRDH_1SD_20230930_E140,S1A_IW_GRDH_1SDV_20230930T104133_20230930T104202_050556_0616E8_7E00,2023-09-30T10:41:33Z,112.48071,19.84514,1,0.43,90.7,,0.969,4.83,in_window,"112.4805,112.4807","19.8436,19.8469",1.34,low,152.92,True,
S1A_IW_GRDH_1SD_20230930_E144,S1A_IW_GRDH_1SDV_20230930T104133_20230930T104202_050556_0616E8_7E00,2023-09-30T10:41:33Z,112.51902,19.86419,1,0.41,91.0,,0.965,4.84,in_window,"112.5190,112.5192","19.8626,19.8655",1.33,low,157.2,True,
S1A_IW_GRDH_1SD_20230930_E145,S1A_IW_GRDH_1SDV_20230930T104133_20230930T104202_050556_0616E8_7E00,2023-09-30T10:41:33Z,111.41237,19.87341,1,0.44,90.0,,0.972,4.16,in_window,"111.4124,111.4124","19.8715,19.8753",5.07,low,45.4,True,
S1A_IW_GRDH_1SD_20230930_E146,S1A_IW_GRDH_1SDV_20230930T104133_20230930T104202_050556_0616E8_7E00,2023-09-30T10:41:33Z,112.19523,19.87445,2,0.7,90.4,,0.976,4.77,in_window,"112.1949,112.1956","19.8696,19.8799",1.79,medium,124.09,True,
S1A_IW_GRDH_1SD_20230930_E151,S1A_IW_GRDH_1SDV_20230930T104133_20230930T104202_050556_0616E8_7E00,2023-09-30T10:41:33Z,112.61912,19.90234,5,1.75,90.0,,0.918,4.88,in_window,"112.6190,112.6194","19.8935,19.9122",2.88,medium,168.22,True,
S1A_IW_GRDH_1SD_20230930_E154,S1A_IW_GRDH_1SDV_20230930T104133_20230930T104202_050556_0616E8_7E00,2023-09-30T10:41:33Z,111.46509,19.9902,7,3.82,90.0,479.0,0.984,4.08,in_window,"111.4426,111.4781","19.9276,20.0430",33.8,high,52.87,True,
S1A_IW_GRDH_1SD_20230930_E156,S1A_IW_GRDH_1SDV_20230930T104133_20230930T104202_050556_0616E8_7E00,2023-09-30T10:41:33Z,112.76588,19.92671,1,0.32,90.4,,0.769,4.96,in_window,"112.7659,112.7661","19.9254,19.9280",0.78,low,182.55,True,
S1A_IW_GRDH_1SD_20230930_E158,S1A_IW_GRDH_1SDV_20230930T104133_20230930T104202_050556_0616E8_7E00,2023-09-30T10:41:33Z,112.73553,19.94029,2,0.72,93.5,,0.976,4.96,in_window,"112.7349,112.7356","19.9376,19.9436",2.59,medium,180.95,True,
S1A_IW_GRDH_1SD_20230930_E160,S1A_IW_GRDH_1SDV_20230930T104133_20230930T104202_050556_0616E8_7E00,2023-09-30T10:41:33Z,112.01598,19.94479,1,0.44,2.5,,0.976,4.66,in_window,"112.0147,112.0173","19.9445,19.9457",0.95,low,107.96,True,
S1A_IW_GRDH_1SD_20230930_E161,S1A_IW_GRDH_1SDV_20230930T104133_20230930T104202_050556_0616E8_7E00,2023-09-30T10:41:33Z,111.10817,19.97343,1,0.32,89.2,,0.985,3.16,in_window,"111.1080,111.1082","19.9721,19.9747",1.65,low,16.63,False,nearshore
S1A_IW_GRDH_1SD_20230930_E165,S1A_IW_GRDH_1SDV_20230930T104133_20230930T104202_050556_0616E8_7E00,2023-09-30T10:41:33Z,111.04187,20.01395,1,0.33,0.9,,0.959,2.87,in_window,"111.0405,111.0432","20.0137,20.0140",0.49,low,11.34,False,nearshore
S1A_IW_GRDH_1SD_20230930_E166,S1A_IW_GRDH_1SDV_20230930T104133_20230930T104202_050556_0616E8_7E00,2023-09-30T10:41:33Z,111.10609,20.03884,3,1.37,80.8,938.0,0.985,3.09,in_window,"111.1035,111.1121","20.0190,20.0798",16.82,high,18.57,True,
S1A_IW_GRDH_1SD_20230930_E168,S1A_IW_GRDH_1SDV_20230930T104133_20230930T104202_050556_0616E8_7E00,2023-09-30T10:41:33Z,112.738,20.03061,1,0.42,89.3,,0.699,5.0,in_window,"112.7378,112.7381","20.0290,20.0322",0.81,low,171.14,True,
S1A_IW_GRDH_1SD_20230930_E175,S1A_IW_GRDH_1SDV_20230930T104133_20230930T104202_050556_0616E8_7E00,2023-09-30T10:41:33Z,111.18028,20.15108,41,161.95,89.2,228.0,0.977,3.22,in_window,"111.1444,111.2275","20.0535,20.2568",120.04,high,30.95,True,
S1A_IW_GRDH_1SD_20230930_E176,S1A_IW_GRDH_1SDV_20230930T104133_20230930T104202_050556_0616E8_7E00,2023-09-30T10:41:33Z,112.66251,20.0744,1,0.49,90.0,,0.939,4.92,in_window,"112.6625,112.6625","20.0722,20.0766",3.57,low,166.74,True,
S1A_IW_GRDH_1SD_20230930_E179,S1A_IW_GRDH_1SDV_20230930T104133_20230930T104202_050556_0616E8_7E00,2023-09-30T10:41:33Z,111.04969,20.13448,15,49.9,85.0,235.0,0.979,2.92,in_window,"111.0335,111.0708","20.0793,20.1607",32.47,high,19.12,True,
S1A_IW_GRDH_1SD_20230930_E185,S1A_IW_GRDH_1SDV_20230930T104133_20230930T104202_050556_0616E8_7E00,2023-09-30T10:41:33Z,112.58806,20.12613,2,1.63,89.8,,0.935,4.83,in_window,"112.5880,112.5883","20.1165,20.1346",4.03,medium,161.87,True,
S1A_IW_GRDH_1SD_20230930_E188,S1A_IW_GRDH_1SDV_20230930T104133_20230930T104202_050556_0616E8_7E00,2023-09-30T10:41:33Z,111.11519,20.13771,1,0.31,90.0,,0.893,3.08,in_window,"111.1150,111.1152","20.1365,20.1389",1.36,low,24.6,True,
S1A_IW_GRDH_1SD_20230930_E190,S1A_IW_GRDH_1SDV_20230930T104133_20230930T104202_050556_0616E8_7E00,2023-09-30T10:41:33Z,112.66532,20.17616,3,1.97,89.9,,0.985,4.88,in_window,"112.6650,112.6656","20.1618,20.1942",9.82,medium,155.51,True,
S1A_IW_GRDH_1SD_20230930_E193,S1A_IW_GRDH_1SDV_20230930T104133_20230930T104202_050556_0616E8_7E00,2023-09-30T10:41:33Z,111.0148,20.19291,2,0.78,89.5,,0.982,2.88,in_window,"111.0144,111.0152","20.1838,20.2022",2.18,medium,22.29,True,
S1A_IW_GRDH_1SD_20230930_E194,S1A_IW_GRDH_1SDV_20230930T104133_20230930T104202_050556_0616E8_7E00,2023-09-30T10:41:33Z,112.77487,20.1906,1,0.3,90.8,,0.972,4.97,in_window,"112.7747,112.7749","20.1894,20.1919",0.89,low,153.37,True,
S1A_IW_GRDH_1SD_20230930_E198,S1A_IW_GRDH_1SDV_20230930T104133_20230930T104202_050556_0616E8_7E00,2023-09-30T10:41:33Z,111.38198,20.25178,5,4.54,90.3,898.0,0.993,3.31,in_window,"111.3682,111.3884","20.1894,20.2866",23.44,high,54.74,True,
S1A_IW_GRDH_1SD_20230930_E203,S1A_IW_GRDH_1SDV_20230930T104133_20230930T104202_050556_0616E8_7E00,2023-09-30T10:41:33Z,111.72901,20.23979,1,0.39,88.8,,0.801,3.87,in_window,"111.7288,111.7290","20.2382,20.2411",1.37,low,87.4,True,
S1A_IW_GRDH_1SD_20230930_E204,S1A_IW_GRDH_1SDV_20230930T104133_20230930T104202_050556_0616E8_7E00,2023-09-30T10:41:33Z,110.99554,20.279,4,1.4,101.4,1025.0,0.973,2.87,in_window,"110.9910,111.0058","20.2563,20.2934",6.93,high,30.54,True,
S1A_IW_GRDH_1SD_20230930_E209,S1A_IW_GRDH_1SDV_20230930T104133_20230930T104202_050556_0616E8_7E00,2023-09-30T10:41:33Z,111.04391,20.2581,1,0.41,90.8,,0.979,2.94,in_window,"111.0437,111.0439","20.2566,20.2598",0.86,low,30.11,True,
S1A_IW_GRDH_1SD_20230930_E211,S1A_IW_GRDH_1SDV_20230930T104133_20230930T104202_050556_0616E8_7E00,2023-09-30T10:41:33Z,111.9366,20.28203,3,1.24,90.0,,0.979,4.01,in_window,"111.9363,111.9370","20.2767,20.2878",2.17,medium,109.51,True,
S1A_IW_GRDH_1SD_20230930_E219,S1A_IW_GRDH_1SDV_20230930T104133_20230930T104202_050556_0616E8_7E00,2023-09-30T10:41:33Z,111.07226,20.31581,1,0.63,89.9,,0.98,2.85,in_window,"111.0723,111.0724","20.3132,20.3185",6.97,low,37.14,True,
S1A_IW_GRDH_1SD_20230930_E220,S1A_IW_GRDH_1SDV_20230930T104133_20230930T104202_050556_0616E8_7E00,2023-09-30T10:41:33Z,111.43975,20.32465,4,2.97,135.4,401.0,0.992,3.21,in_window,"111.4339,111.4457","20.3135,20.3337",12.06,high,64.19,True,
S1A_IW_GRDH_1SD_20230930_E221,S1A_IW_GRDH_1SDV_20230930T104133_20230930T104202_050556_0616E8_7E00,2023-09-30T10:41:33Z,111.75874,20.32032,1,0.46,89.6,,0.975,3.7,in_window,"111.7586,111.7588","20.3185,20.3220",2.8,low,93.41,True,
S1A_IW_GRDH_1SD_20230930_E222,S1A_IW_GRDH_1SDV_20230930T104133_20230930T104202_050556_0616E8_7E00,2023-09-30T10:41:33Z,111.34513,20.58018,580,5605.18,6.9,155.0,0.972,2.58,in_window,"110.9828,111.7937","20.3206,20.7279",1716.4,high,76.93,False,blob_invalid
S1A_IW_GRDH_1SD_20230930_E223,S1A_IW_GRDH_1SDV_20230930T104133_20230930T104202_050556_0616E8_7E00,2023-09-30T10:41:33Z,112.8061,20.3263,1,0.37,84.8,,0.989,4.83,in_window,"112.8054,112.8069","20.3257,20.3273",1.3,low,138.36,True,
S1A_IW_GRDH_1SD_20230930_E224,S1A_IW_GRDH_1SDV_20230930T104133_20230930T104202_050556_0616E8_7E00,2023-09-30T10:41:33Z,110.96296,20.32916,2,0.66,46.4,635.0,0.993,2.74,in_window,"110.9615,110.9658","20.3248,20.3322",4.76,medium,34.97,True,
S1A_IW_GRDH_1SD_20230930_E226,S1A_IW_GRDH_1SDV_20230930T104133_20230930T104202_050556_0616E8_7E00,2023-09-30T10:41:33Z,111.37842,20.38029,3,1.71,90.1,,0.988,3.0,in_window,"111.3778,111.3787","20.3688,20.4022",20.6,medium,62.86,True,
S1A_IW_GRDH_1SD_20230930_E227,S1A_IW_GRDH_1SDV_20230930T104133_20230930T104202_050556_0616E8_7E00,2023-09-30T10:41:33Z,110.81723,20.34697,1,0.32,89.2,,0.969,2.62,in_window,"110.8172,110.8174","20.3458,20.3483",1.01,low,24.97,True,
S1A_IW_GRDH_1SD_20230930_E235,S1A_IW_GRDH_1SDV_20230930T104133_20230930T104202_050556_0616E8_7E00,2023-09-30T10:41:33Z,112.3725,20.38792,1,0.57,93.1,,0.974,4.26,in_window,"112.3715,112.3732","20.3867,20.3897",2.5,low,134.6,True,
S1A_IW_GRDH_1SD_20230930_E236,S1A_IW_GRDH_1SDV_20230930T104133_20230930T104202_050556_0616E8_7E00,2023-09-30T10:41:33Z,112.01115,20.38833,1,0.39,81.1,,0.972,3.87,in_window,"112.0109,112.0118","20.3874,20.3897",1.55,low,120.72,True,
S1A_IW_GRDH_1SD_20230930_E238,S1A_IW_GRDH_1SDV_20230930T104133_20230930T104202_050556_0616E8_7E00,2023-09-30T10:41:33Z,110.68647,20.39426,2,0.63,44.3,700.0,0.968,2.52,in_window,"110.6854,110.6882","20.3890,20.3987",5.45,medium,18.26,False,nearshore
S1A_IW_GRDH_1SD_20230930_E240,S1A_IW_GRDH_1SDV_20230930T104133_20230930T104202_050556_0616E8_7E00,2023-09-30T10:41:33Z,110.82249,20.39433,1,0.31,88.2,,0.974,2.57,in_window,"110.8225,110.8228","20.3932,20.3957",0.62,low,29.66,True,
S1A_IW_GRDH_1SD_20230930_E250,S1A_IW_GRDH_1SDV_20230930T104133_20230930T104202_050556_0616E8_7E00,2023-09-30T10:41:33Z,110.67017,20.47784,2,0.73,89.6,949.0,0.74,2.45,in_window,"110.6665,110.6753","20.4583,20.5035",6.25,medium,14.22,False,nearshore
S1A_IW_GRDH_1SD_20230930_E251,S1A_IW_GRDH_1SDV_20230930T104133_20230930T104202_050556_0616E8_7E00,2023-09-30T10:41:33Z,110.61096,20.48497,2,0.81,89.2,,0.984,2.43,in_window,"110.6105,110.6112","20.4797,20.4914",8.34,medium,8.06,False,nearshore
S1A_IW_GRDH_1SD_20230930_E252,S1A_IW_GRDH_1SDV_20230930T104133_20230930T104202_050556_0616E8_7E00,2023-09-30T10:41:33Z,110.8218,20.4633,1,0.33,89.6,,0.96,2.49,in_window,"110.8216,110.8218","20.4619,20.4646",3.07,low,30.13,True,
S1A_IW_GRDH_1SD_20230930_E260,S1A_IW_GRDH_1SDV_20230930T104133_20230930T104202_050556_0616E8_7E00,2023-09-30T10:41:33Z,110.906,20.48984,1,0.42,179.8,,0.977,2.47,in_window,"110.9042,110.9079","20.4898,20.4898",4.53,low,38.91,True,
S1A_IW_GRDH_1SD_20230930_E262,S1A_IW_GRDH_1SDV_20230930T104133_20230930T104202_050556_0616E8_7E00,2023-09-30T10:41:33Z,110.96897,20.49784,1,0.35,89.4,,0.992,2.47,in_window,"110.9688,110.9690","20.4963,20.4992",6.32,low,45.53,True,
S1A_IW_GRDH_1SD_20230930_E265,S1A_IW_GRDH_1SDV_20230930T104133_20230930T104202_050556_0616E8_7E00,2023-09-30T10:41:33Z,110.93725,20.49787,1,0.37,90.3,,0.976,2.47,in_window,"110.9371,110.9373","20.4967,20.4991",4.36,low,42.22,True,
S1A_IW_GRDH_1SD_20230930_E266,S1A_IW_GRDH_1SDV_20230930T104133_20230930T104202_050556_0616E8_7E00,2023-09-30T10:41:33Z,111.64915,20.49554,1,0.34,91.6,,0.973,3.09,in_window,"111.6491,111.6495","20.4943,20.4967",0.75,low,93.0,True,
S1A_IW_GRDH_1SD_20230930_E268,S1A_IW_GRDH_1SDV_20230930T104133_20230930T104202_050556_0616E8_7E00,2023-09-30T10:41:33Z,111.17943,20.50125,1,0.37,89.5,,0.971,2.58,in_window,"111.1793,111.1795","20.5000,20.5024",0.73,low,60.49,True,
S1A_IW_GRDH_1SD_20230930_E269,S1A_IW_GRDH_1SDV_20230930T104133_20230930T104202_050556_0616E8_7E00,2023-09-30T10:41:33Z,112.62479,20.50112,1,0.39,179.4,,0.984,4.34,in_window,"112.6230,112.6264","20.5011,20.5013",3.53,low,120.28,True,
S1A_IW_GRDH_1SD_20230930_E270,S1A_IW_GRDH_1SDV_20230930T104133_20230930T104202_050556_0616E8_7E00,2023-09-30T10:41:33Z,112.18875,20.58594,13,26.23,100.2,454.0,0.981,3.61,in_window,"112.1737,112.2344","20.5360,20.6085",52.94,high,113.83,True,
S1A_IW_GRDH_1SD_20230930_E271,S1A_IW_GRDH_1SDV_20230930T104133_20230930T104202_050556_0616E8_7E00,2023-09-30T10:41:33Z,110.86044,20.52732,1,0.3,89.5,,0.996,2.42,in_window,"110.8603,110.8605","20.5262,20.5284",4.6,low,34.56,True,
S1A_IW_GRDH_1SD_20230930_E272,S1A_IW_GRDH_1SDV_20230930T104133_20230930T104202_050556_0616E8_7E00,2023-09-30T10:41:33Z,111.69335,20.52172,2,1.09,131.4,522.0,0.897,3.09,in_window,"111.6915,111.6936","20.5158,20.5275",3.3,medium,98.44,True,
S1A_IW_GRDH_1SD_20230930_E274,S1A_IW_GRDH_1SDV_20230930T104133_20230930T104202_050556_0616E8_7E00,2023-09-30T10:41:33Z,112.51945,20.53057,1,0.31,90.2,,0.978,4.14,in_window,"112.5193,112.5195","20.5293,20.5318",3.07,low,117.76,True,
S1A_IW_GRDH_1SD_20230930_E275,S1A_IW_GRDH_1SDV_20230930T104133_20230930T104202_050556_0616E8_7E00,2023-09-30T10:41:33Z,111.61449,20.53292,1,1.3,89.8,,0.987,2.96,in_window,"111.6141,111.6146","20.5272,20.5384",5.59,low,92.65,True,
S1A_IW_GRDH_1SD_20230930_E276,S1A_IW_GRDH_1SDV_20230930T104133_20230930T104202_050556_0616E8_7E00,2023-09-30T10:41:33Z,110.9722,20.53268,3,4.32,101.7,,0.984,2.43,in_window,"110.9673,110.9755","20.5286,20.5372",2.15,medium,46.21,False,blob_invalid
S1A_IW_GRDH_1SD_20230930_E277,S1A_IW_GRDH_1SDV_20230930T104133_20230930T104202_050556_0616E8_7E00,2023-09-30T10:41:33Z,110.58751,20.54221,1,0.35,90.0,,0.527,2.39,in_window,"110.5875,110.5875","20.5407,20.5437",0.8,low,7.93,False,nearshore
S1A_IW_GRDH_1SD_20230930_E278,S1A_IW_GRDH_1SDV_20230930T104133_20230930T104202_050556_0616E8_7E00,2023-09-30T10:41:33Z,110.78041,20.60343,38,163.42,0.6,463.0,0.969,2.38,in_window,"110.7009,110.9224","20.5321,20.7196",181.16,high,29.13,True,
S1A_IW_GRDH_1SD_20230930_E282,S1A_IW_GRDH_1SDV_20230930T104133_20230930T104202_050556_0616E8_7E00,2023-09-30T10:41:33Z,111.0433,20.69884,25,76.53,87.9,254.0,0.981,2.31,in_window,"110.9769,111.0831","20.5616,20.7261",92.74,high,49.91,True,
S1A_IW_GRDH_1SD_20230930_E288,S1A_IW_GRDH_1SDV_20230930T104133_20230930T104202_050556_0616E8_7E00,2023-09-30T10:41:33Z,111.68977,20.60104,1,0.32,33.8,,0.983,2.91,in_window,"111.6887,111.6903","20.6003,20.6013",2.24,low,102.69,True,
S1A_IW_GRDH_1SD_20230930_E290,S1A_IW_GRDH_1SDV_20230930T104133_20230930T104202_050556_0616E8_7E00,2023-09-30T10:41:33Z,112.37479,20.60662,1,0.33,5.2,,0.99,3.76,in_window,"112.3738,112.3762","20.6066,20.6071",4.77,low,110.62,True,
S1A_IW_GRDH_1SD_20230930_E292,S1A_IW_GRDH_1SDV_20230930T104133_20230930T104202_050556_0616E8_7E00,2023-09-30T10:41:33Z,111.95368,20.67825,35,86.06,83.1,463.0,0.984,3.12,in_window,"111.8291,112.0241","20.6300,20.7210",111.59,high,98.68,True,
S1A_IW_GRDH_1SD_20230930_E293,S1A_IW_GRDH_1SDV_20230930T104133_20230930T104202_050556_0616E8_7E00,2023-09-30T10:41:33Z,112.30368,20.63703,1,0.34,0.0,,0.848,3.59,in_window,"112.3021,112.3052","20.6370,20.6370",3.78,low,108.71,True,
S1A_IW_GRDH_1SD_20230930_E295,S1A_IW_GRDH_1SDV_20230930T104133_20230930T104202_050556_0616E8_7E00,2023-09-30T10:41:33Z,112.33913,20.63727,1,0.39,8.4,,0.987,3.63,in_window,"112.3375,112.3402","20.6366,20.6374",2.64,low,107.92,True,
S1A_IW_GRDH_1SD_20230930_E296,S1A_IW_GRDH_1SDV_20230930T104133_20230930T104202_050556_0616E8_7E00,2023-09-30T10:41:33Z,112.20744,20.67411,11,10.56,132.0,801.0,0.949,3.42,in_window,"112.1688,112.2656","20.6368,20.7097",59.9,high,105.22,True,
S1A_IW_GRDH_1SD_20230930_E299,S1A_IW_GRDH_1SDV_20230930T104133_20230930T104202_050556_0616E8_7E00,2023-09-30T10:41:33Z,112.05116,20.65178,5,2.68,90.1,204.0,0.953,3.31,in_window,"112.0493,112.0538","20.6393,20.6709",8.63,high,103.22,True,
S1A_IW_GRDH_1SD_20230930_E302,S1A_IW_GRDH_1SDV_20230930T104133_20230930T104202_050556_0616E8_7E00,2023-09-30T10:41:33Z,111.10982,20.67754,2,0.76,90.3,,0.976,2.34,in_window,"111.1095,111.1100","20.6733,20.6817",3.9,medium,57.16,True,
S1A_IW_GRDH_1SD_20230930_E303,S1A_IW_GRDH_1SDV_20230930T104133_20230930T104202_050556_0616E8_7E00,2023-09-30T10:41:33Z,112.30904,20.67568,3,1.27,104.3,2383.0,0.982,3.51,in_window,"112.2937,112.3386","20.6633,20.6818",9.25,medium,104.42,False,blob_invalid
S1A_IW_GRDH_1SD_20230930_E304,S1A_IW_GRDH_1SDV_20230930T104133_20230930T104202_050556_0616E8_7E00,2023-09-30T10:41:33Z,112.55927,20.67082,1,0.35,82.8,,0.985,3.77,in_window,"112.5590,112.5598","20.6700,20.6720",0.46,low,102.28,True,
S1A_IW_GRDH_1SD_20230930_E311,S1A_IW_GRDH_1SDV_20230930T104133_20230930T104202_050556_0616E8_7E00,2023-09-30T10:41:33Z,112.51389,20.70624,1,0.7,90.2,,0.97,3.61,in_window,"112.5130,112.5146","20.7039,20.7087",0.44,low,98.35,True,
S1A_IW_GRDH_1SD_20230930_E313,S1A_IW_GRDH_1SDV_20230930T104133_20230930T104202_050556_0616E8_7E00,2023-09-30T10:41:33Z,112.87882,20.70675,2,0.86,42.8,133.0,0.986,3.99,in_window,"112.8772,112.8820","20.7059,20.7087",1.04,medium,96.73,True,
S1A_IW_GRDH_1SD_20230930_E002,S1A_IW_GRDH_1SDV_20230930T104202_20230930T104227_050556_0616E8_F792_COG,2023-09-30T10:42:02Z,110.41586,20.74948,1,0.97,90.2,,0.989,2.09,in_window,"110.4158,110.4161","20.7453,20.7536",9.52,low,0.69,False,nearshore
S1A_IW_GRDH_1SD_20230930_E004,S1A_IW_GRDH_1SDV_20230930T104202_20230930T104227_050556_0616E8_F792_COG,2023-09-30T10:42:02Z,111.28758,20.96251,1670,8101.82,90.5,191.0,0.971,2.08,in_window,"110.5579,112.5267","20.7401,21.5054",7262.57,medium,52.77,False,blob_invalid
S1A_IW_GRDH_1SD_20230930_E006,S1A_IW_GRDH_1SDV_20230930T104202_20230930T104227_050556_0616E8_F792_COG,2023-09-30T10:42:02Z,111.83688,20.75981,1,0.31,88.6,,0.993,2.81,in_window,"111.8369,111.8370","20.7588,20.7610",6.27,low,87.84,True,
S1A_IW_GRDH_1SD_20230930_E007,S1A_IW_GRDH_1SDV_20230930T104202_20230930T104227_050556_0616E8_F792_COG,2023-09-30T10:42:02Z,112.16488,20.76045,2,0.83,83.3,,0.97,3.2,in_window,"112.1638,112.1653","20.7577,20.7631",1.95,medium,94.73,True,
S1A_IW_GRDH_1SD_20230930_E009,S1A_IW_GRDH_1SDV_20230930T104202_20230930T104227_050556_0616E8_F792_COG,2023-09-30T10:42:02Z,112.23801,20.76323,1,0.33,90.0,,0.974,3.26,in_window,"112.2380,112.2380","20.7618,20.7647",3.48,low,97.13,True,
S1A_IW_GRDH_1SD_20230930_E011,S1A_IW_GRDH_1SDV_20230930T104202_20230930T104227_050556_0616E8_F792_COG,2023-09-30T10:42:02Z,112.38236,20.86282,6,14.26,88.9,456.0,0.983,3.15,in_window,"112.3769,112.4209","20.8305,20.8708",23.39,high,82.57,True,
S1A_IW_GRDH_1SD_20230930_E013,S1A_IW_GRDH_1SDV_20230930T104202_20230930T104227_050556_0616E8_F792_COG,2023-09-30T10:42:02Z,111.71876,20.83754,1,0.3,90.0,,0.996,2.51,in_window,"111.7186,111.7188","20.8365,20.8386",5.44,low,77.1,True,
S1A_IW_GRDH_1SD_20230930_E015,S1A_IW_GRDH_1SDV_20230930T104202_20230930T104227_050556_0616E8_F792_COG,2023-09-30T10:42:02Z,111.87979,20.85075,2,1.52,90.1,347.0,0.921,2.7,in_window,"111.8770,111.8805","20.8411,20.8680",9.43,medium,78.87,True,
S1A_IW_GRDH_1SD_20230930_E024,S1A_IW_GRDH_1SDV_20230930T104202_20230930T104227_050556_0616E8_F792_COG,2023-09-30T10:42:02Z,111.48606,20.94149,1,0.45,90.0,,0.796,2.19,in_window,"111.4861,111.4861","20.9395,20.9435",0.57,low,59.61,True,
S1A_IW_GRDH_1SD_20230930_E025,S1A_IW_GRDH_1SDV_20230930T104202_20230930T104227_050556_0616E8_F792_COG,2023-09-30T10:42:02Z,111.51198,20.9587,2,0.9,90.0,,0.965,2.19,in_window,"111.5120,111.5120","20.9546,20.9628",7.5,medium,58.99,True,
S1A_IW_GRDH_1SD_20230930_E026,S1A_IW_GRDH_1SDV_20230930T104202_20230930T104227_050556_0616E8_F792_COG,2023-09-30T10:42:02Z,110.3995,20.98718,11,8.85,17.3,568.0,0.963,1.96,low,"110.3350,110.4514","20.9526,21.0056",50.64,low,2.06,False,nearshore
S1A_IW_GRDH_1SD_20230930_E030,S1A_IW_GRDH_1SDV_20230930T104202_20230930T104227_050556_0616E8_F792_COG,2023-09-30T10:42:02Z,110.28394,20.9569,1,0.41,90.0,,0.554,1.51,low,"110.2839,110.2839","20.9551,20.9587",2.83,low,2.15,False,nearshore
S1A_IW_GRDH_1SD_20230930_E033,S1A_IW_GRDH_1SDV_20230930T104202_20230930T104227_050556_0616E8_F792_COG,2023-09-30T10:42:02Z,110.48874,20.97058,1,0.34,103.8,,0.989,2.33,in_window,"110.4880,110.4889","20.9700,20.9718",1.18,low,0.83,False,nearshore
S1A_IW_GRDH_1SD_20230930_E034,S1A_IW_GRDH_1SDV_20230930T104202_20230930T104227_050556_0616E8_F792_COG,2023-09-30T10:42:02Z,111.54606,21.05916,4,1.8,90.0,1609.0,0.767,1.93,low,"111.5112,111.5727","21.0233,21.0944",10.56,low,50.72,True,
S1A_IW_GRDH_1SD_20230930_E035,S1A_IW_GRDH_1SDV_20230930T104202_20230930T104227_050556_0616E8_F792_COG,2023-09-30T10:42:02Z,112.55788,21.03003,1,0.32,90.0,,0.985,2.95,in_window,"112.5579,112.5579","21.0286,21.0314",2.64,low,62.57,True,
S1A_IW_GRDH_1SD_20230930_E037,S1A_IW_GRDH_1SDV_20230930T104202_20230930T104227_050556_0616E8_F792_COG,2023-09-30T10:42:02Z,110.35569,21.08234,1,0.69,0.0,,0.905,1.59,low,"110.3524,110.3590","21.0823,21.0823",12.03,low,0.56,False,nearshore
S1A_IW_GRDH_1SD_20230930_E039,S1A_IW_GRDH_1SDV_20230930T104202_20230930T104227_050556_0616E8_F792_COG,2023-09-30T10:42:02Z,110.5143,21.20535,6,11.82,57.9,1676.0,0.931,1.45,low,"110.4639,110.5432","21.1211,21.2181",32.63,low,1.1,False,nearshore
S1A_IW_GRDH_1SD_20230930_E041,S1A_IW_GRDH_1SDV_20230930T104202_20230930T104227_050556_0616E8_F792_COG,2023-09-30T10:42:02Z,112.52941,21.11459,1,0.34,90.6,,0.987,2.86,in_window,"112.5292,112.5294","21.1134,21.1159",5.96,low,53.18,True,
S1A_IW_GRDH_1SD_20230930_E046,S1A_IW_GRDH_1SDV_20230930T104202_20230930T104227_050556_0616E8_F792_COG,2023-09-30T10:42:02Z,111.68656,21.32982,102,322.06,93.9,294.0,0.971,0.98,low,"111.5886,111.8543","21.1331,21.5222",510.31,low,22.88,False,blob_invalid
S1A_IW_GRDH_1SD_20230930_E053,S1A_IW_GRDH_1SDV_20230930T104202_20230930T104227_050556_0616E8_F792_COG,2023-09-30T10:42:02Z,111.59399,21.15475,1,0.34,90.0,,0.527,1.59,low,"111.5940,111.5940","21.1533,21.1562",0.95,low,40.83,True,
S1A_IW_GRDH_1SD_20230930_E055,S1A_IW_GRDH_1SDV_20230930T104202_20230930T104227_050556_0616E8_F792_COG,2023-09-30T10:42:02Z,111.2838,21.18236,4,1.98,90.0,,0.971,1.24,low,"111.2836,111.2846","21.1727,21.1932",10.77,low,28.47,True,
S1A_IW_GRDH_1SD_20230930_E057,S1A_IW_GRDH_1SDV_20230930T104202_20230930T104227_050556_0616E8_F792_COG,2023-09-30T10:42:02Z,110.55986,21.17475,2,0.71,90.0,,0.952,1.61,low,"110.5598,110.5599","21.1716,21.1780",0.6,low,0.52,False,nearshore
S1A_IW_GRDH_1SD_20230930_E058,S1A_IW_GRDH_1SDV_20230930T104202_20230930T104227_050556_0616E8_F792_COG,2023-09-30T10:42:02Z,111.24677,21.19662,3,1.23,89.2,,0.973,1.16,low,"111.2462,111.2478","21.1736,21.2097",5.23,low,26.93,True,
S1A_IW_GRDH_1SD_20230930_E059,S1A_IW_GRDH_1SDV_20230930T104202_20230930T104227_050556_0616E8_F792_COG,2023-09-30T10:42:02Z,111.50107,21.21557,3,1.19,96.3,680.0,0.945,1.14,low,"111.5003,111.5023","21.1764,21.2364",4.52,low,33.06,True,
S1A_IW_GRDH_1SD_20230930_E060,S1A_IW_GRDH_1SDV_20230930T104202_20230930T104227_050556_0616E8_F792_COG,2023-09-30T10:42:02Z,112.5262,21.17721,2,0.67,83.9,117.0,0.986,2.83,in_window,"112.5257,112.5274","21.1743,21.1800",1.63,medium,46.26,True,
S1A_IW_GRDH_1SD_20230930_E066,S1A_IW_GRDH_1SDV_20230930T104202_20230930T104227_050556_0616E8_F792_COG,2023-09-30T10:42:02Z,112.57571,21.26651,2,0.76,44.6,122.0,0.583,2.8,in_window,"112.5719,112.5781","21.2637,21.2675",1.25,medium,36.63,True,
S1A_IW_GRDH_1SD_20230930_E067,S1A_IW_GRDH_1SDV_20230930T104202_20230930T104227_050556_0616E8_F792_COG,2023-09-30T10:42:02Z,110.42313,21.29969,2,1.21,44.6,644.0,0.833,0.86,low,"110.4179,110.4314","21.2978,21.3034",16.85,low,1.06,False,nearshore
S1A_IW_GRDH_1SD_20230930_E068,S1A_IW_GRDH_1SDV_20230930T104202_20230930T104227_050556_0616E8_F792_COG,2023-09-30T10:42:02Z,112.55974,21.30775,2,0.77,89.9,,0.975,2.78,in_window,"112.5595,112.5600","21.3023,21.3134",2.8,medium,31.93,True,
S1A_IW_GRDH_1SD_20230930_E072,S1A_IW_GRDH_1SDV_20230930T104202_20230930T104227_050556_0616E8_F792_COG,2023-09-30T10:42:02Z,110.84991,21.36679,1,0.38,90.0,,0.986,1.12,low,"110.8499,110.8499","21.3651,21.3685",8.04,low,2.45,False,nearshore
S1A_IW_GRDH_1SD_20230930_E074,S1A_IW_GRDH_1SDV_20230930T104202_20230930T104227_050556_0616E8_F792_COG,2023-09-30T10:42:02Z,111.51354,21.44855,22,26.81,86.6,527.0,0.949,0.3,low,"111.4047,111.5623","21.3926,21.5064",123.42,low,7.71,False,nearshore
S1A_IW_GRDH_1SD_20230930_E075,S1A_IW_GRDH_1SDV_20230930T104202_20230930T104227_050556_0616E8_F792_COG,2023-09-30T10:42:02Z,110.70732,21.40593,2,14.39,167.1,250.0,0.957,1.05,low,"110.7003,110.7348","21.4013,21.4133",9.8,low,0.48,False,nearshore
S1A_IW_GRDH_1SD_20230930_E076,S1A_IW_GRDH_1SDV_20230930T104202_20230930T104227_050556_0616E8_F792_COG,2023-09-30T10:42:02Z,112.49096,21.43121,2,1.01,90.2,,0.937,2.74,in_window,"112.4906,112.4910","21.4261,21.4361",3.93,medium,18.74,False,nearshore
S1A_IW_GRDH_1SD_20230930_E079,S1A_IW_GRDH_1SDV_20230930T104202_20230930T104227_050556_0616E8_F792_COG,2023-09-30T10:42:02Z,112.12714,21.45246,1,0.36,116.4,,0.97,1.8,low,"112.1269,112.1282","21.4512,21.4531",2.91,low,22.92,True,
S1A_IW_GRDH_1SD_20230930_E081,S1A_IW_GRDH_1SDV_20230930T104202_20230930T104227_050556_0616E8_F792_COG,2023-09-30T10:42:02Z,112.49832,21.5285,2,2.12,44.6,126.0,0.971,2.62,in_window,"112.4924,112.5081","21.5259,21.5365",26.77,medium,8.28,False,nearshore
S1A_IW_GRDH_1SD_20230930_E083,S1A_IW_GRDH_1SDV_20230930T104202_20230930T104227_050556_0616E8_F792_COG,2023-09-30T10:42:02Z,112.39591,21.50777,9,5.69,94.6,1133.0,0.985,2.5,in_window,"112.3131,112.4171","21.4766,21.5235",45.34,high,16.88,True,
S1A_IW_GRDH_1SD_20230930_E084,S1A_IW_GRDH_1SDV_20230930T104202_20230930T104227_050556_0616E8_F792_COG,2023-09-30T10:42:02Z,112.09919,21.52828,15,28.21,88.6,556.0,0.95,1.37,low,"112.0740,112.1381","21.4803,21.6318",51.22,low,14.61,False,nearshore
S1A_IW_GRDH_1SD_20230930_E087,S1A_IW_GRDH_1SDV_20230930T104202_20230930T104227_050556_0616E8_F792_COG,2023-09-30T10:42:02Z,111.79844,21.50789,1,0.31,90.9,,0.843,0.37,low,"111.7983,111.7984","21.5067,21.5092",0.78,low,6.44,False,nearshore
S1A_IW_GRDH_1SD_20230930_E088,S1A_IW_GRDH_1SDV_20230930T104202_20230930T104227_050556_0616E8_F792_COG,2023-09-30T10:42:02Z,112.2325,21.51102,2,1.4,44.6,1931.0,0.844,2.1,in_window,"112.2248,112.2403","21.5071,21.5236",12.27,medium,21.66,True,
S1A_IW_GRDH_1SD_20230930_E089,S1A_IW_GRDH_1SDV_20230930T104202_20230930T104227_050556_0616E8_F792_COG,2023-09-30T10:42:02Z,112.03831,21.55827,4,11.46,107.0,366.0,0.973,0.9,low,"112.0298,112.0466","21.5511,21.5635",6.63,low,8.03,False,nearshore
S1A_IW_GRDH_1SD_20230930_E090,S1A_IW_GRDH_1SDV_20230930T104202_20230930T104227_050556_0616E8_F792_COG,2023-09-30T10:42:02Z,112.00381,21.59663,1,0.42,0.0,,0.987,0.56,low,"112.0019,112.0058","21.5966,21.5966",12.7,low,2.6,False,nearshore
S1A_IW_GRDH_1SD_20231010_E006,S1A_IW_GRDH_1SDV_20231010T105723_20231010T105748_050702_061BEB_1886,2023-10-10T10:57:23Z,108.157,16.78181,1,0.33,90.0,,0.983,4.24,in_window,"108.1570,108.1572","16.7806,16.7830",1.19,low,49.6,True,
S1A_IW_GRDH_1SD_20231010_E011,S1A_IW_GRDH_1SDV_20231010T105723_20231010T105748_050702_061BEB_1886,2023-10-10T10:57:23Z,108.79592,16.823,4,1.54,84.6,100.0,0.966,3.07,in_window,"108.7945,108.7961","16.8150,16.8307",2.96,high,88.38,True,
S1A_IW_GRDH_1SD_20231010_E013,S1A_IW_GRDH_1SDV_20231010T105723_20231010T105748_050702_061BEB_1886,2023-10-10T10:57:23Z,107.49242,16.82149,4,2.22,90.0,579.0,0.74,5.41,in_window,"107.4814,107.5014","16.8169,16.8271",6.03,high,11.39,True,
S1A_IW_GRDH_1SD_20231010_E018,S1A_IW_GRDH_1SDV_20231010T105723_20231010T105748_050702_061BEB_1886,2023-10-10T10:57:23Z,107.45564,16.85461,2,25.26,102.8,481.0,0.989,5.53,in_window,"107.4439,107.4605","16.8232,16.8663",7.16,medium,12.02,False,nearshore
S1A_IW_GRDH_1SD_20231010_E020,S1A_IW_GRDH_1SDV_20231010T105723_20231010T105748_050702_061BEB_1886,2023-10-10T10:57:23Z,108.15193,16.82837,4,1.46,89.8,164.0,0.978,4.33,in_window,"108.1505,108.1526","16.8185,16.8425",5.91,high,54.5,True,
S1A_IW_GRDH_1SD_20231010_E025,S1A_IW_GRDH_1SDV_20231010T105723_20231010T105748_050702_061BEB_1886,2023-10-10T10:57:23Z,108.40521,16.84993,1,0.45,90.0,,0.984,3.68,in_window,"108.4052,108.4052","16.8479,16.8520",1.38,low,67.35,True,
S1A_IW_GRDH_1SD_20231010_E032,S1A_IW_GRDH_1SDV_20231010T105723_20231010T105748_050702_061BEB_1886,2023-10-10T10:57:23Z,107.62551,16.88642,1,0.3,29.8,,0.961,5.72,in_window,"107.6250,107.6265","16.8862,16.8872",0.45,low,25.48,True,
S1A_IW_GRDH_1SD_20231010_E033,S1A_IW_GRDH_1SDV_20231010T105723_20231010T105748_050702_061BEB_1886,2023-10-10T10:57:23Z,108.93792,16.88968,1,0.42,89.7,,0.953,3.02,in_window,"108.9379,108.9381","16.8880,16.8915",1.29,low,103.05,True,
S1A_IW_GRDH_1SD_20231010_E034,S1A_IW_GRDH_1SDV_20231010T105723_20231010T105748_050702_061BEB_1886,2023-10-10T10:57:23Z,107.83299,16.93748,1,0.34,89.3,,0.785,5.49,in_window,"107.8330,107.8332","16.9362,16.9388",3.81,low,43.9,True,
S1A_IW_GRDH_1SD_20231010_E045,S1A_IW_GRDH_1SDV_20231010T105723_20231010T105748_050702_061BEB_1886,2023-10-10T10:57:23Z,107.34141,16.93103,2,0.96,90.1,,0.894,5.89,in_window,"107.3412,107.3418","16.9261,16.9358",1.84,medium,10.58,False,nearshore
S1A_IW_GRDH_1SD_20231010_E050,S1A_IW_GRDH_1SDV_20231010T105723_20231010T105748_050702_061BEB_1886,2023-10-10T10:57:23Z,108.57533,16.94524,2,1.04,90.2,,0.895,3.5,in_window,"108.5753,108.5756","16.9378,16.9559",4.02,medium,86.52,True,
S1A_IW_GRDH_1SD_20231010_E053,S1A_IW_GRDH_1SDV_20231010T105723_20231010T105748_050702_061BEB_1886,2023-10-10T10:57:23Z,107.41141,16.95603,1,0.41,90.1,,0.969,6.31,in_window,"107.4112,107.4114","16.9543,16.9578",2.5,low,17.48,False,nearshore
S1A_IW_GRDH_1SD_20231010_E054,S1A_IW_GRDH_1SDV_20231010T105723_20231010T105748_050702_061BEB_1886,2023-10-10T10:57:23Z,108.19228,16.94949,1,0.54,89.3,,0.969,4.5,in_window,"108.1923,108.1925","16.9475,16.9518",1.02,low,68.49,True,
S1A_IW_GRDH_1SD_20231010_E055,S1A_IW_GRDH_1SDV_20231010T105723_20231010T105748_050702_061BEB_1886,2023-10-10T10:57:23Z,108.93733,16.95709,1,0.35,91.4,,0.977,3.03,in_window,"108.9372,108.9374","16.9560,16.9585",1.4,low,108.98,True,
S1A_IW_GRDH_1SD_20231010_E058,S1A_IW_GRDH_1SDV_20231010T105723_20231010T105748_050702_061BEB_1886,2023-10-10T10:57:23Z,108.64867,16.95777,1,0.36,88.9,,0.969,3.38,in_window,"108.6487,108.6488","16.9565,16.9593",0.94,low,92.65,True,
S1A_IW_GRDH_1SD_20231010_E061,S1A_IW_GRDH_1SDV_20231010T105723_20231010T105748_050702_061BEB_1886,2023-10-10T10:57:23Z,108.8937,16.99045,2,0.77,134.3,574.0,0.979,3.08,in_window,"108.8901,108.8961","16.9869,16.9923",7.41,medium,109.48,True,
S1A_IW_GRDH_1SD_20231010_E062,S1A_IW_GRDH_1SDV_20231010T105723_20231010T105748_050702_061BEB_1886,2023-10-10T10:57:23Z,107.3234,16.99334,1,0.5,1.7,,0.989,6.55,in_window,"107.3215,107.3257","16.9933,16.9938",5.18,low,14.59,False,nearshore
S1A_IW_GRDH_1SD_20231010_E063,S1A_IW_GRDH_1SDV_20231010T105723_20231010T105748_050702_061BEB_1886,2023-10-10T10:57:23Z,108.47553,16.98341,1,0.39,89.4,,0.988,3.81,in_window,"108.4754,108.4757","16.9820,16.9849",0.49,low,83.72,True,
S1A_IW_GRDH_1SD_20231010_E066,S1A_IW_GRDH_1SDV_20231010T105723_20231010T105748_050702_061BEB_1886,2023-10-10T10:57:23Z,108.22522,16.99487,1,0.59,90.5,,0.992,4.55,in_window,"108.2251,108.2252","16.9928,16.9972",1.71,low,74.19,True,
S1A_IW_GRDH_1SD_20231010_E067,S1A_IW_GRDH_1SDV_20231010T105723_20231010T105748_050702_061BEB_1886,2023-10-10T10:57:23Z,108.8266,16.9915,1,0.33,173.1,,0.979,3.14,in_window,"108.8252,108.8275","16.9914,16.9921",2.22,low,105.98,True,
S1A_IW_GRDH_1SD_20231010_E068,S1A_IW_GRDH_1SDV_20231010T105723_20231010T105748_050702_061BEB_1886,2023-10-10T10:57:23Z,108.58234,17.01143,3,1.4,90.1,,0.951,3.63,in_window,"108.5820,108.5826","16.9995,17.0287",5.31,medium,92.69,True,
S1A_IW_GRDH_1SD_20231010_E071,S1A_IW_GRDH_1SDV_20231010T105723_20231010T105748_050702_061BEB_1886,2023-10-10T10:57:23Z,107.86892,17.01254,1,0.36,90.0,,0.957,5.6,in_window,"107.8689,107.8689","17.0110,17.0141",1.86,low,52.62,True,
S1A_IW_GRDH_1SD_20231010_E073,S1A_IW_GRDH_1SDV_20231010T105723_20231010T105748_050702_061BEB_1886,2023-10-10T10:57:23Z,108.68859,17.01826,1,0.52,90.0,,0.98,3.39,in_window,"108.6886,108.6887","17.0165,17.0201",1.32,low,100.4,True,
S1A_IW_GRDH_1SD_20231010_E074,S1A_IW_GRDH_1SDV_20231010T105723_20231010T105748_050702_061BEB_1886,2023-10-10T10:57:23Z,108.89926,17.02486,1,0.42,75.2,,0.977,3.09,in_window,"108.8989,108.9002","17.0240,17.0264",1.58,low,113.01,True,
S1A_IW_GRDH_1SD_20231010_E076,S1A_IW_GRDH_1SDV_20231010T105723_20231010T105748_050702_061BEB_1886,2023-10-10T10:57:23Z,108.09224,17.02346,1,0.32,90.4,,0.985,4.9,in_window,"108.0922,108.0924","17.0223,17.0246",2.39,low,67.91,True,
S1A_IW_GRDH_1SD_20231010_E079,S1A_IW_GRDH_1SDV_20231010T105723_20231010T105748_050702_061BEB_1886,2023-10-10T10:57:23Z,108.05255,17.02706,1,0.34,89.7,,0.967,5.03,in_window,"108.0524,108.0526","17.0258,17.0283",0.96,low,65.35,True,
S1A_IW_GRDH_1SD_20231010_E088,S1A_IW_GRDH_1SDV_20231010T105723_20231010T105748_050702_061BEB_1886,2023-10-10T10:57:23Z,108.36649,17.0729,2,1.51,44.6,597.0,0.984,4.21,in_window,"108.3640,108.3732","17.0640,17.0825",8.97,medium,87.17,True,
S1A_IW_GRDH_1SD_20231010_E090,S1A_IW_GRDH_1SDV_20231010T105723_20231010T105748_050702_061BEB_1886,2023-10-10T10:57:23Z,108.32595,17.07115,1,0.51,89.9,,0.944,4.33,in_window,"108.3259,108.3259","17.0689,17.0734",3.46,low,85.43,True,
S1A_IW_GRDH_1SD_20231010_E091,S1A_IW_GRDH_1SDV_20231010T105723_20231010T105748_050702_061BEB_1886,2023-10-10T10:57:23Z,107.41031,17.05888,1,0.36,178.9,,0.974,6.98,in_window,"107.4087,107.4117","17.0589,17.0591",0.45,low,25.98,True,
S1A_IW_GRDH_1SD_20231010_E092,S1A_IW_GRDH_1SDV_20231010T105723_20231010T105748_050702_061BEB_1886,2023-10-10T10:57:23Z,108.58523,17.14772,5,3.34,89.8,,0.993,3.79,in_window,"108.5849,108.5866","17.1195,17.1688",9.87,medium,105.21,True,
S1A_IW_GRDH_1SD_20231010_E096,S1A_IW_GRDH_1SDV_20231010T105723_20231010T105748_050702_061BEB_1886,2023-10-10T10:57:23Z,108.27232,17.09341,1,0.34,89.8,,0.982,4.5,in_window,"108.2722,108.2724","17.0924,17.0944",0.55,low,86.01,True,
S1A_IW_GRDH_1SD_20231010_E100,S1A_IW_GRDH_1SDV_20231010T105723_20231010T105748_050702_061BEB_1886,2023-10-10T10:57:23Z,107.75775,17.11902,3,1.4,90.0,,0.951,6.14,in_window,"107.7577,107.7579","17.1120,17.1275",3.31,medium,54.36,True,
S1A_IW_GRDH_1SD_20231010_E104,S1A_IW_GRDH_1SDV_20231010T105723_20231010T105748_050702_061BEB_1886,2023-10-10T10:57:23Z,108.47687,17.16384,8,32.2,92.8,193.0,0.989,4.06,in_window,"108.4696,108.4837","17.1386,17.2012",23.9,high,101.14,True,
S1A_IW_GRDH_1SD_20231010_E107,S1A_IW_GRDH_1SDV_20231010T105723_20231010T105748_050702_061BEB_1886,2023-10-10T10:57:23Z,108.3357,17.13089,1,0.31,90.2,,0.976,4.33,in_window,"108.3356,108.3357","17.1299,17.1319",1.25,low,91.99,True,
S1A_IW_GRDH_1SD_20231010_E108,S1A_IW_GRDH_1SDV_20231010T105723_20231010T105748_050702_061BEB_1886,2023-10-10T10:57:23Z,109.18515,17.15119,1,0.3,89.9,,0.988,3.11,in_window,"109.1851,109.1853","17.1501,17.1523",0.94,low,119.18,True,
S1A_IW_GRDH_1SD_20231010_E110,S1A_IW_GRDH_1SDV_20231010T105723_20231010T105748_050702_061BEB_1886,2023-10-10T10:57:23Z,107.23031,17.1555,1,0.59,90.6,,0.966,7.79,in_window,"107.2298,107.2307","17.1538,17.1576",0.98,low,14.45,False,nearshore
S1A_IW_GRDH_1SD_20231010_E111,S1A_IW_GRDH_1SDV_20231010T105723_20231010T105748_050702_061BEB_1886,2023-10-10T10:57:23Z,108.91586,17.45539,577,1757.24,88.6,177.0,0.97,3.24,in_window,"108.6833,109.2274","17.1648,18.0521",2406.27,medium,95.59,False,blob_invalid
S1A_IW_GRDH_1SD_20231010_E112,S1A_IW_GRDH_1SDV_20231010T105723_20231010T105748_050702_061BEB_1886,2023-10-10T10:57:23Z,107.41463,17.15852,1,0.43,88.7,,0.977,7.47,in_window,"107.4142,107.4148","17.1568,17.1601",1.73,low,31.99,True,
S1A_IW_GRDH_1SD_20231010_E117,S1A_IW_GRDH_1SDV_20231010T105723_20231010T105748_050702_061BEB_1886,2023-10-10T10:57:23Z,108.40682,17.16309,1,0.42,84.4,,0.99,4.19,in_window,"108.4061,108.4071","17.1615,17.1640",1.8,low,98.0,True,
S1A_IW_GRDH_1SD_20231010_E118,S1A_IW_GRDH_1SDV_20231010T105723_20231010T105748_050702_061BEB_1886,2023-10-10T10:57:23Z,108.65564,17.16652,2,0.71,89.7,,0.99,3.65,in_window,"108.6549,108.6562","17.1618,17.1715",1.77,medium,111.04,True,
S1A_IW_GRDH_1SD_20231010_E122,S1A_IW_GRDH_1SDV_20231010T105723_20231010T105748_050702_061BEB_1886,2023-10-10T10:57:23Z,108.51046,17.18183,3,1.25,88.8,267.0,0.975,4.04,in_window,"108.5097,108.5127","17.1725,17.1946",7.03,high,104.52,True,
S1A_IW_GRDH_1SD_20231010_E125,S1A_IW_GRDH_1SDV_20231010T105723_20231010T105748_050702_061BEB_1886,2023-10-10T10:57:23Z,107.42753,17.18902,5,2.11,90.3,1765.0,0.961,7.57,in_window,"107.4133,107.4469","17.1715,17.2009",6.62,medium,34.51,True,
S1A_IW_GRDH_1SD_20231010_E129,S1A_IW_GRDH_1SDV_20231010T105723_20231010T105748_050702_061BEB_1886,2023-10-10T10:57:23Z,108.29832,17.20757,2,0.71,46.4,1388.0,0.869,4.48,in_window,"108.2954,108.3004","17.2006,17.2166",3.53,medium,97.55,True,
S1A_IW_GRDH_1SD_20231010_E135,S1A_IW_GRDH_1SDV_20231010T105723_20231010T105748_050702_061BEB_1886,2023-10-10T10:57:23Z,107.49114,17.21962,1,0.37,89.6,,0.993,7.44,in_window,"107.4910,107.4911","17.2181,17.2211",7.49,low,41.97,True,
S1A_IW_GRDH_1SD_20231010_E136,S1A_IW_GRDH_1SDV_20231010T105723_20231010T105748_050702_061BEB_1886,2023-10-10T10:57:23Z,108.58548,17.24103,4,2.78,90.0,392.0,0.916,3.93,in_window,"108.5841,108.5916","17.2184,17.2586",8.28,high,114.04,True,
S1A_IW_GRDH_1SD_20231010_E137,S1A_IW_GRDH_1SDV_20231010T105723_20231010T105748_050702_061BEB_1886,2023-10-10T10:57:23Z,108.4151,17.28011,6,2.85,89.8,288.0,0.976,4.29,in_window,"108.4048,108.4352","17.2255,17.3397",25.53,high,110.34,True,
S1A_IW_GRDH_1SD_20231010_E138,S1A_IW_GRDH_1SDV_20231010T105723_20231010T105748_050702_061BEB_1886,2023-10-10T10:57:23Z,109.18735,17.22071,1,0.3,90.0,,0.772,3.04,in_window,"109.1874,109.1874","17.2194,17.2220",0.77,low,111.71,True,
S1A_IW_GRDH_1SD_20231010_E142,S1A_IW_GRDH_1SDV_20231010T105723_20231010T105748_050702_061BEB_1886,2023-10-10T10:57:23Z,107.33087,17.23086,1,0.34,89.7,,0.964,8.15,in_window,"107.3309,107.3310","17.2295,17.2323",0.69,low,27.81,True,
S1A_IW_GRDH_1SD_20231010_E143,S1A_IW_GRDH_1SDV_20231010T105723_20231010T105748_050702_061BEB_1886,2023-10-10T10:57:23Z,108.51816,17.24327,1,0.32,0.0,,0.964,4.1,in_window,"108.5167,108.5196","17.2433,17.2433",6.17,low,110.93,True,
S1A_IW_GRDH_1SD_20231010_E148,S1A_IW_GRDH_1SDV_20231010T105723_20231010T105748_050702_061BEB_1886,2023-10-10T10:57:23Z,107.30539,17.26162,1,0.34,90.4,,0.98,8.47,in_window,"107.3054,107.3055","17.2605,17.2627",2.67,low,27.88,True,
S1A_IW_GRDH_1SD_20231010_E149,S1A_IW_GRDH_1SDV_20231010T105723_20231010T105748_050702_061BEB_1886,2023-10-10T10:57:23Z,108.36489,17.26212,1,0.32,89.7,,0.976,4.36,in_window,"108.3648,108.3650","17.2612,17.2631",1.53,low,106.71,True,
S1A_IW_GRDH_1SD_20231010_E150,S1A_IW_GRDH_1SDV_20231010T105723_20231010T105748_050702_061BEB_1886,2023-10-10T10:57:23Z,108.65246,17.29312,6,4.49,98.2,121.0,0.97,3.82,in_window,"108.6491,108.6553","17.2815,17.3057",8.99,high,122.25,True,
S1A_IW_GRDH_1SD_20231010_E165,S1A_IW_GRDH_1SDV_20231010T105723_20231010T105748_050702_061BEB_1886,2023-10-10T10:57:23Z,108.26472,17.33402,1,0.3,171.9,,0.978,4.68,in_window,"108.2635,108.2654","17.3338,17.3346",5.08,low,105.61,True,
S1A_IW_GRDH_1SD_20231010_E167,S1A_IW_GRDH_1SDV_20231010T105723_20231010T105748_050702_061BEB_1886,2023-10-10T10:57:23Z,107.76253,17.33538,1,0.3,0.0,,0.986,6.62,in_window,"107.7612,107.7639","17.3354,17.3354",1.16,low,73.11,True,
S1A_IW_GRDH_1SD_20231010_E168,S1A_IW_GRDH_1SDV_20231010T105723_20231010T105748_050702_061BEB_1886,2023-10-10T10:57:23Z,107.10236,17.33486,2,0.76,59.2,172.0,0.98,8.81,in_window,"107.1020,107.1039","17.3321,17.3369",0.8,medium,21.23,True,
S1A_IW_GRDH_1SD_20231010_E171,S1A_IW_GRDH_1SDV_20231010T105723_20231010T105748_050702_061BEB_1886,2023-10-10T10:57:23Z,108.15741,17.33845,1,0.5,89.9,,0.984,5.02,in_window,"108.1573,108.1574","17.3366,17.3402",1.19,low,99.41,True,
S1A_IW_GRDH_1SD_20231010_E175,S1A_IW_GRDH_1SDV_20231010T105723_20231010T105748_050702_061BEB_1886,2023-10-10T10:57:23Z,108.37491,17.36486,1,0.32,90.0,,0.971,4.44,in_window,"108.3749,108.3749","17.3635,17.3663",1.05,low,115.67,True,
S1A_IW_GRDH_1SD_20231010_E176,S1A_IW_GRDH_1SDV_20231010T105723_20231010T105748_050702_061BEB_1886,2023-10-10T10:57:23Z,107.37581,17.37112,1,0.3,0.0,,0.973,8.47,in_window,"107.3745,107.3771","17.3711,17.3711",5.15,low,41.72,True,
S1A_IW_GRDH_1SD_20231010_E178,S1A_IW_GRDH_1SDV_20231010T105723_20231010T105748_050702_061BEB_1886,2023-10-10T10:57:23Z,107.97428,17.37076,1,0.49,0.0,,0.947,5.93,in_window,"107.9720,107.9765","17.3708,17.3708",1.15,low,90.21,True,
S1A_IW_GRDH_1SD_20231010_E179,S1A_IW_GRDH_1SDV_20231010T105723_20231010T105748_050702_061BEB_1886,2023-10-10T10:57:23Z,109.22532,17.38872,1,0.93,90.0,,0.966,2.67,in_window,"109.2253,109.2253","17.3845,17.3929",6.27,low,92.76,True,
S1A_IW_GRDH_1SD_20231010_E182,S1A_IW_GRDH_1SDV_20231010T105723_20231010T105748_050702_061BEB_1886,2023-10-10T10:57:23Z,108.61807,17.40567,1,0.64,84.2,,0.975,3.99,in_window,"108.6175,108.6192","17.4042,17.4078",2.18,low,112.95,True,
S1A_IW_GRDH_1SD_20231010_E183,S1A_IW_GRDH_1SDV_20231010T105723_20231010T105748_050702_061BEB_1886,2023-10-10T10:57:23Z,108.15207,17.37409,1,0.45,89.4,,0.987,5.1,in_window,"108.1519,108.1523","17.3724,17.3759",0.42,low,102.09,True,
S1A_IW_GRDH_1SD_20231010_E187,S1A_IW_GRDH_1SDV_20231010T105723_20231010T105748_050702_061BEB_1886,2023-10-10T10:57:23Z,107.94378,17.39652,1,0.36,89.5,,0.988,6.15,in_window,"107.9437,107.9439","17.3953,17.3978",0.9,low,90.58,True,
S1A_IW_GRDH_1SD_20231010_E189,S1A_IW_GRDH_1SDV_20231010T105723_20231010T105748_050702_061BEB_1886,2023-10-10T10:57:23Z,106.98534,17.41078,1,0.59,89.9,,0.997,9.26,in_window,"106.9852,106.9853","17.4081,17.4134",5.97,low,20.58,True,
S1A_IW_GRDH_1SD_20231010_E190,S1A_IW_GRDH_1SDV_20231010T105723_20231010T105748_050702_061BEB_1886,2023-10-10T10:57:23Z,108.40417,17.40538,1,0.4,90.0,,0.992,4.42,in_window,"108.4040,108.4042","17.4040,17.4068",0.84,low,121.05,True,
S1A_IW_GRDH_1SD_20231010_E193,S1A_IW_GRDH_1SDV_20231010T105723_20231010T105748_050702_061BEB_1886,2023-10-10T10:57:23Z,108.51323,17.43576,1,0.35,89.9,,0.962,4.27,in_window,"108.5132,108.5134","17.4344,17.4371",0.99,low,114.62,True,
S1A_IW_GRDH_1SD_20231010_E194,S1A_IW_GRDH_1SDV_20231010T105723_20231010T105748_050702_061BEB_1886,2023-10-10T10:57:23Z,108.15685,17.43604,1,0.4,131.9,,0.967,5.24,in_window,"108.1556,108.1573","17.4355,17.4372",0.77,low,107.59,True,
S1A_IW_GRDH_1SD_20231010_E196,S1A_IW_GRDH_1SDV_20231010T105723_20231010T105748_050702_061BEB_1886,2023-10-10T10:57:23Z,108.64893,17.44163,1,0.41,179.8,,0.974,3.93,in_window,"108.6471,108.6507","17.4416,17.4417",4.08,low,107.9,True,
S1A_IW_GRDH_1SD_20231010_E197,S1A_IW_GRDH_1SDV_20231010T105723_20231010T105748_050702_061BEB_1886,2023-10-10T10:57:23Z,106.94545,17.43996,1,0.43,177.1,,0.985,9.36,in_window,"106.9440,106.9474","17.4396,17.4400",1.82,low,20.65,True,
S1A_IW_GRDH_1SD_20231010_E199,S1A_IW_GRDH_1SDV_20231010T105723_20231010T105748_050702_061BEB_1886,2023-10-10T10:57:23Z,107.44766,17.4397,1,0.33,13.9,,0.968,8.43,in_window,"107.4469,107.4489","17.4396,17.4405",0.82,low,52.38,True,
S1A_IW_GRDH_1SD_20231010_E208,S1A_IW_GRDH_1SDV_20231010T105723_20231010T105748_050702_061BEB_1886,2023-10-10T10:57:23Z,107.06213,17.47286,1,0.34,90.5,,0.973,9.72,in_window,"107.0621,107.0623","17.4716,17.4740",0.46,low,30.89,True,
S1A_IW_GRDH_1SD_20231010_E217,S1A_IW_GRDH_1SDV_20231010T105723_20231010T105748_050702_061BEB_1886,2023-10-10T10:57:23Z,108.43979,17.5026,1,0.37,89.0,,0.989,4.44,in_window,"108.4397,108.4400","17.5014,17.5038",0.53,low,111.73,True,
S1A_IW_GRDH_1SD_20231010_E219,S1A_IW_GRDH_1SDV_20231010T105723_20231010T105748_050702_061BEB_1886,2023-10-10T10:57:23Z,107.76196,17.50465,1,0.37,90.0,,0.985,7.26,in_window,"107.7619,107.7621","17.5034,17.5059",0.77,low,82.13,True,
S1A_IW_GRDH_1SD_20231010_E221,S1A_IW_GRDH_1SDV_20231010T105723_20231010T105748_050702_061BEB_1886,2023-10-10T10:57:23Z,107.02255,17.51521,1,0.36,89.3,,0.963,10.07,high,"107.0224,107.0226","17.5137,17.5165",1.51,low,32.15,True,
S1A_IW_GRDH_1SD_20231010_E222,S1A_IW_GRDH_1SDV_20231010T105723_20231010T105748_050702_061BEB_1886,2023-10-10T10:57:23Z,107.4849,17.51243,2,0.64,90.6,,0.978,8.54,in_window,"107.4846,107.4850","17.5101,17.5152",1.64,medium,61.01,True,
S1A_IW_GRDH_1SD_20231010_E224,S1A_IW_GRDH_1SDV_20231010T105723_20231010T105748_050702_061BEB_1886,2023-10-10T10:57:23Z,107.44658,17.50869,1,0.32,85.5,,0.986,8.65,in_window,"107.4463,107.4471","17.5077,17.5098",0.53,low,58.2,True,
S1A_IW_GRDH_1SD_20231010_E225,S1A_IW_GRDH_1SDV_20231010T105723_20231010T105748_050702_061BEB_1886,2023-10-10T10:57:23Z,107.91291,17.52176,3,1.96,89.9,,0.981,6.74,in_window,"107.9124,107.9134","17.5102,17.5350",5.21,medium,96.54,True,
S1A_IW_GRDH_1SD_20231010_E231,S1A_IW_GRDH_1SDV_20231010T105723_20231010T105748_050702_061BEB_1886,2023-10-10T10:57:23Z,106.95337,17.5395,1,0.31,0.0,,0.963,9.98,in_window,"106.9520,106.9548","17.5395,17.5395",1.99,low,29.78,True,
S1A_IW_GRDH_1SD_20231010_E234,S1A_IW_GRDH_1SDV_20231010T105723_20231010T105748_050702_061BEB_1886,2023-10-10T10:57:23Z,107.65569,17.5729,1,0.64,90.0,,0.959,8.06,in_window,"107.6557,107.6557","17.5700,17.5758",5.98,low,78.15,True,
S1A_IW_GRDH_1SD_20231010_E235,S1A_IW_GRDH_1SDV_20231010T105723_20231010T105748_050702_061BEB_1886,2023-10-10T10:57:23Z,106.99106,17.54666,1,0.32,90.0,,0.988,10.12,high,"106.9909,106.9911","17.5453,17.5480",0.67,low,32.94,True,
S1A_IW_GRDH_1SD_20231010_E237,S1A_IW_GRDH_1SDV_20231010T105723_20231010T105748_050702_061BEB_1886,2023-10-10T10:57:23Z,107.05887,17.57034,2,1.06,90.1,,0.957,10.0,in_window,"107.0585,107.0594","17.5652,17.5758",6.16,medium,39.3,True,
S1A_IW_GRDH_1SD_20231010_E239,S1A_IW_GRDH_1SDV_20231010T105723_20231010T105748_050702_061BEB_1886,2023-10-10T10:57:23Z,107.72702,17.56008,1,0.33,90.7,,0.764,7.66,in_window,"107.7270,107.7272","17.5587,17.5614",0.62,low,82.84,True,
S1A_IW_GRDH_1SD_20231010_E241,S1A_IW_GRDH_1SDV_20231010T105723_20231010T105748_050702_061BEB_1886,2023-10-10T10:57:23Z,107.97997,17.57896,1,0.36,77.0,,0.984,6.88,in_window,"107.9797,107.9807","17.5781,17.5801",1.63,low,105.79,True,
S1A_IW_GRDH_1SD_20231010_E242,S1A_IW_GRDH_1SDV_20231010T105723_20231010T105748_050702_061BEB_1886,2023-10-10T10:57:23Z,108.35376,17.59464,1,0.47,90.0,,0.677,5.11,in_window,"108.3538,108.3538","17.5925,17.5968",2.1,low,106.78,True,
S1A_IW_GRDH_1SD_20231010_E243,S1A_IW_GRDH_1SDV_20231010T105723_20231010T105748_050702_061BEB_1886,2023-10-10T10:57:23Z,108.54507,17.58181,1,0.34,89.5,,0.985,4.46,in_window,"108.5449,108.5451","17.5805,17.5831",3.04,low,98.72,True,
S1A_IW_GRDH_1SD_20231010_E244,S1A_IW_GRDH_1SDV_20231010T105723_20231010T105748_050702_061BEB_1886,2023-10-10T10:57:23Z,108.01473,17.57729,1,0.31,70.0,,0.986,6.69,in_window,"108.0140,108.0151","17.5762,17.5778",0.83,low,108.83,True,
S1A_IW_GRDH_1SD_20231010_E247,S1A_IW_GRDH_1SDV_20231010T105723_20231010T105748_050702_061BEB_1886,2023-10-10T10:57:23Z,108.72814,17.60606,1,0.31,88.7,,0.96,3.91,in_window,"108.7281,108.7283","17.6051,17.6071",4.17,low,88.02,True,
S1A_IW_GRDH_1SD_20231010_E253,S1A_IW_GRDH_1SDV_20231010T105723_20231010T105748_050702_061BEB_1886,2023-10-10T10:57:23Z,107.26996,17.62154,2,0.94,90.0,,0.949,9.36,in_window,"107.2695,107.2702","17.6144,17.6271",3.7,medium,57.1,True,
S1A_IW_GRDH_1SD_20231010_E254,S1A_IW_GRDH_1SDV_20231010T105723_20231010T105748_050702_061BEB_1886,2023-10-10T10:57:23Z,107.72753,17.62781,3,1.34,89.8,,0.794,7.98,in_window,"107.7169,107.7503","17.6060,17.6449",11.88,medium,87.79,True,
S1A_IW_GRDH_1SD_20231010_E257,S1A_IW_GRDH_1SDV_20231010T105723_20231010T105748_050702_061BEB_1886,2023-10-10T10:57:23Z,108.79904,17.61073,2,0.96,90.3,,0.971,3.71,in_window,"108.7990,108.7992","17.6077,17.6138",2.62,medium,83.97,True,
S1A_IW_GRDH_1SD_20231010_E258,S1A_IW_GRDH_1SDV_20231010T105723_20231010T105748_050702_061BEB_1886,2023-10-10T10:57:23Z,107.17759,17.62701,1,0.42,89.8,,0.954,9.65,in_window,"107.1775,107.1776","17.6251,17.6288",4.03,low,51.78,True,
S1A_IW_GRDH_1SD_20231010_E260,S1A_IW_GRDH_1SDV_20231010T105723_20231010T105748_050702_061BEB_1886,2023-10-10T10:57:23Z,107.23494,17.6148,1,0.3,90.2,,0.959,9.45,in_window,"107.2348,107.2350","17.6138,17.6158",0.75,low,54.31,True,
S1A_IW_GRDH_1SD_20231010_E265,S1A_IW_GRDH_1SDV_20231010T105723_20231010T105748_050702_061BEB_1886,2023-10-10T10:57:23Z,107.41197,17.64349,1,0.54,90.0,,0.961,9.2,in_window,"107.4120,107.4120","17.6411,17.6459",1.72,low,67.96,True,
S1A_IW_GRDH_1SD_20231010_E267,S1A_IW_GRDH_1SDV_20231010T105723_20231010T105748_050702_061BEB_1886,2023-10-10T10:57:23Z,107.09336,17.64182,1,0.3,88.3,,0.985,9.94,in_window,"107.0933,107.0935","17.6409,17.6430",1.62,low,47.78,True,
S1A_IW_GRDH_1SD_20231010_E269,S1A_IW_GRDH_1SDV_20231010T105723_20231010T105748_050702_061BEB_1886,2023-10-10T10:57:23Z,107.022,17.64887,1,0.32,88.7,,0.987,10.21,high,"107.0218,107.0220","17.6475,17.6500",1.15,low,43.17,True,
S1A_IW_GRDH_1SD_20231010_E270,S1A_IW_GRDH_1SDV_20231010T105723_20231010T105748_050702_061BEB_1886,2023-10-10T10:57:23Z,106.99042,17.66289,1,0.75,90.0,,0.9,10.26,high,"106.9904,106.9904","17.6595,17.6663",7.59,low,41.68,True,
S1A_IW_GRDH_1SD_20231010_E271,S1A_IW_GRDH_1SDV_20231010T105723_20231010T105748_050702_061BEB_1886,2023-10-10T10:57:23Z,108.08209,17.64791,2,0.83,90.1,,0.979,6.83,in_window,"108.0816,108.0827","17.6437,17.6519",1.68,medium,114.4,True,
S1A_IW_GRDH_1SD_20231010_E274,S1A_IW_GRDH_1SDV_20231010T105723_20231010T105748_050702_061BEB_1886,2023-10-10T10:57:23Z,107.51642,17.64844,1,0.32,0.0,,0.963,9.04,in_window,"107.5150,107.5178","17.6484,17.6484",1.09,low,74.95,True,
S1A_IW_GRDH_1SD_20231010_E279,S1A_IW_GRDH_1SDV_20231010T105723_20231010T105748_050702_061BEB_1886,2023-10-10T10:57:23Z,108.82086,17.6683,1,0.4,90.0,,0.68,3.67,in_window,"108.8209,108.8209","17.6665,17.6701",1.91,low,77.27,True,
S1A_IW_GRDH_1SD_20231010_E293,S1A_IW_GRDH_1SDV_20231010T105723_20231010T105748_050702_061BEB_1886,2023-10-10T10:57:23Z,107.58306,17.73968,4,1.97,89.9,,0.967,9.16,in_window,"107.5823,107.5836","17.7271,17.7532",5.64,medium,87.2,True,
S1A_IW_GRDH_1SD_20231010_E295,S1A_IW_GRDH_1SDV_20231010T105723_20231010T105748_050702_061BEB_1886,2023-10-10T10:57:23Z,107.88481,17.76156,5,1.64,89.9,1168.0,0.819,8.3,in_window,"107.8644,107.9292","17.7473,17.7829",10.41,high,109.91,True,
S1A_IW_GRDH_1SD_20231010_E296,S1A_IW_GRDH_1SDV_20231010T105723_20231010T105748_050702_061BEB_1886,2023-10-10T10:57:23Z,107.47732,17.74292,1,0.45,60.3,,0.97,9.51,in_window,"107.4760,107.4778","17.7414,17.7436",1.47,low,80.85,True,
S1A_IW_GRDH_1SD_20231010_E302,S1A_IW_GRDH_1SDV_20231010T105723_20231010T105748_050702_061BEB_1886,2023-10-10T10:57:23Z,107.02845,17.75699,1,0.31,89.3,,0.972,10.27,high,"107.0283,107.0285","17.7559,17.7580",1.8,low,50.65,True,
S1A_IW_GRDH_1SD_20231010_E307,S1A_IW_GRDH_1SDV_20231010T105723_20231010T105748_050702_061BEB_1886,2023-10-10T10:57:23Z,107.128,17.78425,1,0.36,107.6,,0.976,10.0,in_window,"107.1278,107.1289","17.7829,17.7849",0.62,low,61.19,True,
S1A_IW_GRDH_1SD_20231010_E309,S1A_IW_GRDH_1SDV_20231010T105723_20231010T105748_050702_061BEB_1886,2023-10-10T10:57:23Z,107.27063,17.79215,1,0.34,90.5,,0.968,9.66,in_window,"107.2706,107.2708","17.7907,17.7935",6.17,low,72.22,True,
S1A_IW_GRDH_1SD_20231010_E315,S1A_IW_GRDH_1SDV_20231010T105723_20231010T105748_050702_061BEB_1886,2023-10-10T10:57:23Z,107.38241,17.80705,1,1.09,90.0,,0.981,9.72,in_window,"107.3824,107.3824","17.8021,17.8120",5.28,low,80.57,True,
S1A_IW_GRDH_1SD_20231010_E319,S1A_IW_GRDH_1SDV_20231010T105723_20231010T105748_050702_061BEB_1886,2023-10-10T10:57:23Z,108.23256,17.81307,1,0.67,89.7,,0.984,7.27,in_window,"108.2325,108.2327","17.8104,17.8159",0.94,low,90.5,True,
S1A_IW_GRDH_1SD_20231010_E324,S1A_IW_GRDH_1SDV_20231010T105723_20231010T105748_050702_061BEB_1886,2023-10-10T10:57:23Z,107.20198,17.82022,1,0.3,7.7,,0.977,9.88,in_window,"107.2012,107.2029","17.8201,17.8210",0.87,low,69.8,True,
S1A_IW_GRDH_1SD_20231010_E327,S1A_IW_GRDH_1SDV_20231010T105723_20231010T105748_050702_061BEB_1886,2023-10-10T10:57:23Z,107.65926,17.82838,1,0.38,89.0,,0.966,9.27,in_window,"107.6591,107.6593","17.8271,17.8295",0.91,low,99.83,True,
S1A_IW_GRDH_1SD_20231010_E328,S1A_IW_GRDH_1SDV_20231010T105723_20231010T105748_050702_061BEB_1886,2023-10-10T10:57:23Z,108.12136,17.83632,2,1.03,90.0,,0.949,8.08,in_window,"108.1213,108.1214","17.8290,17.8435",4.88,medium,95.21,True,
S1A_IW_GRDH_1SD_20231010_E332,S1A_IW_GRDH_1SDV_20231010T105723_20231010T105748_050702_061BEB_1886,2023-10-10T10:57:23Z,107.51075,17.84894,1,0.78,90.1,,0.972,9.88,in_window,"107.5107,107.5109","17.8456,17.8521",3.92,low,92.33,True,
S1A_IW_GRDH_1SD_20231010_E335,S1A_IW_GRDH_1SDV_20231010T105723_20231010T105748_050702_061BEB_1886,2023-10-10T10:57:23Z,107.83217,17.85375,2,1.17,135.8,,0.972,9.01,in_window,"107.8305,107.8365","17.8508,17.8545",3.39,medium,113.32,True,
S1A_IW_GRDH_1SD_20231010_E341,S1A_IW_GRDH_1SDV_20231010T105723_20231010T105748_050702_061BEB_1886,2023-10-10T10:57:23Z,106.94136,18.00731,4,2.04,89.9,2376.0,0.987,10.39,high,"106.9317,106.9771","17.8689,18.0548",37.41,low,44.04,False,blob_invalid
S1A_IW_GRDH_1SD_20231010_E342,S1A_IW_GRDH_1SDV_20231010T105723_20231010T105748_050702_061BEB_1886,2023-10-10T10:57:23Z,107.08909,17.89941,6,2.6,89.5,,0.969,10.24,high,"107.0592,107.0932","17.8626,17.9215",7.79,low,59.23,True,
S1A_IW_GRDH_1SD_20231010_E344,S1A_IW_GRDH_1SDV_20231010T105723_20231010T105748_050702_061BEB_1886,2023-10-10T10:57:23Z,108.22294,17.87624,1,0.76,90.0,,0.929,7.86,in_window,"108.2229,108.2229","17.8728,17.8797",3.47,low,85.26,True,
S1A_IW_GRDH_1SD_20231010_E346,S1A_IW_GRDH_1SDV_20231010T105723_20231010T105748_050702_061BEB_1886,2023-10-10T10:57:23Z,108.08398,17.89102,1,0.3,90.9,,0.975,8.76,in_window,"108.0838,108.0840","17.8899,17.8923",2.3,low,93.23,True,
S1A_IW_GRDH_1SD_20231010_E348,S1A_IW_GRDH_1SDV_20231010T105723_20231010T105748_050702_061BEB_1886,2023-10-10T10:57:23Z,107.20024,17.88882,1,0.42,89.8,,0.978,10.07,high,"107.2002,107.2004","17.8871,17.8906",1.81,low,70.92,True,
S1A_IW_GRDH_1SD_20231010_E354,S1A_IW_GRDH_1SDV_20231010T105723_20231010T105748_050702_061BEB_1886,2023-10-10T10:57:23Z,107.48801,17.90978,1,0.4,90.0,,0.916,10.11,high,"107.4880,107.4880","17.9080,17.9115",2.85,low,96.28,True,
S1A_IW_GRDH_1SD_20231010_E356,S1A_IW_GRDH_1SDV_20231010T105723_20231010T105748_050702_061BEB_1886,2023-10-10T10:57:23Z,107.55626,17.91913,2,0.67,135.5,700.0,0.974,10.01,high,"107.5532,107.5579","17.9149,17.9223",3.95,low,101.4,True,
S1A_IW_GRDH_1SD_20231010_E359,S1A_IW_GRDH_1SDV_20231010T105723_20231010T105748_050702_061BEB_1886,2023-10-10T10:57:23Z,107.59252,17.92398,1,0.3,123.5,,0.987,9.94,in_window,"107.5917,107.5928","17.9236,17.9250",0.41,low,104.1,True,
S1A_IW_GRDH_1SD_20231010_E360,S1A_IW_GRDH_1SDV_20231010T105723_20231010T105748_050702_061BEB_1886,2023-10-10T10:57:23Z,108.2659,17.93135,1,0.37,90.0,,0.831,8.14,in_window,"108.2659,108.2659","17.9297,17.9330",2.13,low,77.69,True,
S1A_IW_GRDH_1SD_20231010_E365,S1A_IW_GRDH_1SDV_20231010T105723_20231010T105748_050702_061BEB_1886,2023-10-10T10:57:23Z,109.21334,17.95185,2,0.65,90.2,181.0,0.971,2.29,in_window,"109.2125,109.2142","17.9448,17.9593",4.62,medium,37.42,True,
S1A_IW_GRDH_1SD_20231010_E367,S1A_IW_GRDH_1SDV_20231010T105723_20231010T105748_050702_061BEB_1886,2023-10-10T10:57:23Z,107.40775,17.95406,1,0.33,89.1,,0.991,10.26,high,"107.4077,107.4079","17.9530,17.9553",3.16,low,92.37,True,
S1A_IW_GRDH_1SD_20231010_E368,S1A_IW_GRDH_1SDV_20231010T105723_20231010T105748_050702_061BEB_1886,2023-10-10T10:57:23Z,107.02218,17.95781,1,0.33,90.1,,0.974,10.34,high,"107.0220,107.0222","17.9566,17.9591",1.68,low,52.04,True,
S1A_IW_GRDH_1SD_20231010_E375,S1A_IW_GRDH_1SDV_20231010T105723_20231010T105748_050702_061BEB_1886,2023-10-10T10:57:23Z,108.01145,17.95925,1,0.39,1.1,,0.98,9.72,in_window,"108.0097,108.0129","17.9590,17.9593",11.08,low,93.5,True,
S1A_IW_GRDH_1SD_20231010_E381,S1A_IW_GRDH_1SDV_20231010T105723_20231010T105748_050702_061BEB_1886,2023-10-10T10:57:23Z,107.62807,17.98222,1,0.82,90.0,,0.944,10.13,high,"107.6281,107.6281","17.9785,17.9859",3.47,low,111.48,True,
S1A_IW_GRDH_1SD_20231010_E388,S1A_IW_GRDH_1SDV_20231010T105723_20231010T105748_050702_061BEB_1886,2023-10-10T10:57:23Z,107.90544,18.02731,3,1.49,89.9,1914.0,0.967,10.18,high,"107.8908,107.9094","18.0127,18.0536",9.21,low,97.77,True,
S1A_IW_GRDH_1SD_20231010_E390,S1A_IW_GRDH_1SDV_20231010T105723_20231010T105748_050702_061BEB_1886,2023-10-10T10:57:23Z,107.48441,18.02296,1,0.36,90.0,,0.987,10.52,high,"107.4844,107.4844","18.0214,18.0245",3.72,low,100.71,True,
S1A_IW_GRDH_1SD_20231010_E392,S1A_IW_GRDH_1SDV_20231010T105723_20231010T105748_050702_061BEB_1886,2023-10-10T10:57:23Z,108.01257,18.04882,2,0.99,90.0,,0.851,10.31,high,"108.0125,108.0127","18.0437,18.0540",7.73,low,87.21,True,
S1A_IW_GRDH_1SD_20231010_E393,S1A_IW_GRDH_1SDV_20231010T105723_20231010T105748_050702_061BEB_1886,2023-10-10T10:57:23Z,108.82565,18.06444,2,2.47,0.1,2546.0,0.888,3.93,in_window,"108.8047,108.8395","18.0598,18.0829",30.31,medium,37.83,False,blob_invalid
S1A_IW_GRDH_1SD_20231010_E403,S1A_IW_GRDH_1SDV_20231010T105723_20231010T105748_050702_061BEB_1886,2023-10-10T10:57:23Z,109.04395,18.1437,15,19.58,17.5,778.0,0.97,2.36,in_window,"109.0022,109.0635","18.0395,18.1990",65.14,high,20.2,True,
S1A_IW_GRDH_1SD_20231010_E405,S1A_IW_GRDH_1SDV_20231010T105723_20231010T105748_050702_061BEB_1886,2023-10-10T10:57:23Z,107.26822,18.06938,1,1.02,90.0,,0.987,10.61,high,"107.2682,107.2682","18.0648,18.0740",12.35,low,78.89,True,
S1A_IW_GRDH_1SD_20231010_E410,S1A_IW_GRDH_1SDV_20231010T105723_20231010T105748_050702_061BEB_1886,2023-10-10T10:57:23Z,107.44719,18.06071,1,0.52,90.3,,0.988,10.63,high,"107.4472,107.4474","18.0587,18.0626",1.14,low,97.27,True,
S1A_IW_GRDH_1SD_20231010_E411,S1A_IW_GRDH_1SDV_20231010T105723_20231010T105748_050702_061BEB_1886,2023-10-10T10:57:23Z,109.11434,18.06488,2,1.15,89.7,,0.98,2.42,in_window,"109.1139,109.1150","18.0601,18.0696",5.12,medium,25.16,True,
S1A_IW_GRDH_1SD_20231010_E418,S1A_IW_GRDH_1SDV_20231010T105723_20231010T105748_050702_061BEB_1886,2023-10-10T10:57:23Z,107.46443,18.10444,3,1.28,90.0,,0.647,10.79,high,"107.4644,107.4644","18.0986,18.1104",1.78,low,99.78,True,
S1A_IW_GRDH_1SD_20231010_E420,S1A_IW_GRDH_1SDV_20231010T105723_20231010T105748_050702_061BEB_1886,2023-10-10T10:57:23Z,108.04856,18.10023,1,0.33,90.5,,0.977,10.45,high,"108.0484,108.0486","18.0993,18.1013",2.72,low,80.85,True,
S1A_IW_GRDH_1SD_20231010_E421,S1A_IW_GRDH_1SDV_20231010T105723_20231010T105748_050702_061BEB_1886,2023-10-10T10:57:23Z,107.51907,18.09563,1,0.36,90.0,,0.971,10.75,high,"107.5190,107.5192","18.0943,18.0969",1.72,low,105.26,True,
S1A_IW_GRDH_1SD_20231010_E425,S1A_IW_GRDH_1SDV_20231010T105723_20231010T105748_050702_061BEB_1886,2023-10-10T10:57:23Z,108.72439,18.09703,1,0.4,94.3,,0.978,5.01,in_window,"108.7240,108.7250","18.0958,18.0978",0.82,low,40.17,True,
S1A_IW_GRDH_1SD_20231010_E428,S1A_IW_GRDH_1SDV_20231010T105723_20231010T105748_050702_061BEB_1886,2023-10-10T10:57:23Z,107.79635,18.12364,2,0.87,70.3,350.0,0.979,10.61,high,"107.7958,107.7981","18.1183,18.1288",5.72,low,102.54,True,
S1A_IW_GRDH_1SD_20231010_E429,S1A_IW_GRDH_1SDV_20231010T105723_20231010T105748_050702_061BEB_1886,2023-10-10T10:57:23Z,108.27784,18.11329,3,1.26,90.0,137.0,0.666,9.52,in_window,"108.2769,108.2783","18.1024,18.1311",4.3,high,61.47,True,
S1A_IW_GRDH_1SD_20231010_E430,S1A_IW_GRDH_1SDV_20231010T105723_20231010T105748_050702_061BEB_1886,2023-10-10T10:57:23Z,108.11977,18.11432,2,0.64,89.8,251.0,0.964,10.27,high,"108.1184,108.1210","18.1043,18.1234",2.29,low,73.89,True,
S1A_IW_GRDH_1SD_20231010_E431,S1A_IW_GRDH_1SDV_20231010T105723_20231010T105748_050702_061BEB_1886,2023-10-10T10:57:23Z,109.15566,18.10598,1,0.38,138.4,,0.97,2.17,in_window,"109.1552,109.1570","18.1048,18.1064",0.69,low,20.12,True,
S1A_IW_GRDH_1SD_20231010_E432,S1A_IW_GRDH_1SDV_20231010T105723_20231010T105748_050702_061BEB_1886,2023-10-10T10:57:23Z,107.2368,18.13307,1,0.51,90.5,,0.976,10.77,high,"107.2366,107.2368","18.1311,18.1352",2.87,low,77.2,True,
S1A_IW_GRDH_1SD_20231010_E437,S1A_IW_GRDH_1SDV_20231010T105723_20231010T105748_050702_061BEB_1886,2023-10-10T10:57:23Z,107.90448,18.14434,1,0.59,90.0,,0.88,10.81,high,"107.9045,107.9045","18.1417,18.1470",4.38,low,91.36,True,
S1A_IW_GRDH_1SD_20231010_E438,S1A_IW_GRDH_1SDV_20231010T105723_20231010T105748_050702_061BEB_1886,2023-10-10T10:57:23Z,108.7997,18.13411,1,0.32,88.6,,0.958,4.11,in_window,"108.7995,108.7999","18.1329,18.1353",0.43,low,32.56,True,
S1A_IW_GRDH_1SD_20231010_E439,S1A_IW_GRDH_1SDV_20231010T105723_20231010T105748_050702_061BEB_1886,2023-10-10T10:57:23Z,106.97171,18.16206,2,1.21,90.0,,0.562,10.76,high,"106.9717,106.9718","18.1556,18.1683",2.06,low,52.32,True,
S1A_IW_GRDH_1SD_20231010_E440,S1A_IW_GRDH_1SDV_20231010T105723_20231010T105748_050702_061BEB_1886,2023-10-10T10:57:23Z,108.93854,18.16192,1,0.3,89.5,,0.985,2.77,in_window,"108.9384,108.9386","18.1608,18.1630",2.07,low,23.51,True,
S1A_IW_GRDH_1SD_20231010_E444,S1A_IW_GRDH_1SDV_20231010T105723_20231010T105748_050702_061BEB_1886,2023-10-10T10:57:23Z,107.51126,18.16647,2,0.82,33.7,319.0,0.991,11.04,high,"107.5066,107.5156","18.1651,18.1667",7.88,low,105.94,True,
S1A_IW_GRDH_1SD_20231010_E445,S1A_IW_GRDH_1SDV_20231010T105723_20231010T105748_050702_061BEB_1886,2023-10-10T10:57:23Z,107.12989,18.1661,1,0.39,178.4,,0.985,10.83,high,"107.1282,107.1312","18.1660,18.1664",2.6,low,67.68,True,
S1A_IW_GRDH_1SD_20231010_E446,S1A_IW_GRDH_1SDV_20231010T105723_20231010T105748_050702_061BEB_1886,2023-10-10T10:57:23Z,108.47566,18.18661,1,0.36,0.0,,0.535,8.62,in_window,"108.4740,108.4773","18.1866,18.1866",2.06,low,42.01,True,
S1A_IW_GRDH_1SD_20231010_E449,S1A_IW_GRDH_1SDV_20231010T105723_20231010T105748_050702_061BEB_1886,2023-10-10T10:57:23Z,107.88134,18.16653,1,0.53,0.0,,0.973,10.91,high,"107.8789,107.8838","18.1665,18.1665",2.77,low,92.48,True,
S1A_IW_GRDH_1SD_20231010_E450,S1A_IW_GRDH_1SDV_20231010T105723_20231010T105748_050702_061BEB_1886,2023-10-10T10:57:23Z,108.83305,18.17013,1,0.35,90.0,,0.975,3.7,in_window,"108.8331,108.8331","18.1686,18.1717",2.54,low,27.3,True,
S1A_IW_GRDH_1SD_20231010_E454,S1A_IW_GRDH_1SDV_20231010T105723_20231010T105748_050702_061BEB_1886,2023-10-10T10:57:23Z,108.99289,18.18562,3,2.56,179.7,710.0,0.814,2.38,in_window,"108.9843,109.0040","18.1806,18.1935",8.88,high,20.09,True,
S1A_IW_GRDH_1SD_20231010_E456,S1A_IW_GRDH_1SDV_20231010T105723_20231010T105748_050702_061BEB_1886,2023-10-10T10:57:23Z,107.80177,18.1843,1,0.32,89.4,,0.652,10.93,high,"107.8016,107.8019","18.1832,18.1852",0.72,low,99.34,True,
S1A_IW_GRDH_1SD_20231010_E462,S1A_IW_GRDH_1SDV_20231010T105723_20231010T105748_050702_061BEB_1886,2023-10-10T10:57:23Z,108.17829,18.21689,2,0.93,89.5,1439.0,0.748,10.74,high,"108.1729,108.1864","18.2079,18.2280",5.18,low,62.42,True,
